/Users/necatifurkancolak/Library/Python/3.9/lib/python/site-packages/urllib3/__init__.py:35: NotOpenSSLWarning: urllib3 v2 only supports OpenSSL 1.1.1+, currently the 'ssl' module is compiled with 'LibreSSL 2.8.3'. See: https://github.com/urllib3/urllib3/issues/3020
  warnings.warn(
/Users/necatifurkancolak/Library/Python/3.9/lib/python/site-packages/torch_geometric/deprecation.py:26: UserWarning: 'data.DataLoader' is deprecated, use 'loader.DataLoader' instead
  warnings.warn(out)
============================================================
TRAINING
============================================================
  [INFO] Prototype layers ENABLED.
  Dataset : mimic_patient_sim
  Graphs  : 20000  |  avg nodes: 11.0  |  avg edges: 10.0
  Classes : 2  |  input_dim: 327
  Class counts (train): [9983, 6017]
  Class counts (eval) : [1248, 752]
  Class counts (test) : [1248, 752]
  Class weights       : [0.8014, 1.3296]
  clst=0.02  sep=0.0  lr=0.001

  Epoch    0 | Train Loss: 1.1648  Acc: 0.3813 | Eval Loss: 0.6897  Acc: 0.4300  PR-AUC: 0.7134  [2s]
  Epoch    1 | Train Loss: 1.0055  Acc: 0.5858 | Eval Loss: 0.6852  Acc: 0.5690  PR-AUC: 0.7244  [3s]
  Epoch    2 | Train Loss: 0.9080  Acc: 0.7105 | Eval Loss: 0.6749  Acc: 0.6860  PR-AUC: 0.7180  [5s]
  Epoch    3 | Train Loss: 0.8287  Acc: 0.7476 | Eval Loss: 0.6541  Acc: 0.7200  PR-AUC: 0.7127  [6s]
  Epoch    4 | Train Loss: 0.7431  Acc: 0.7761 | Eval Loss: 0.6040  Acc: 0.7445  PR-AUC: 0.7103  [7s]
  Epoch    5 | Train Loss: 0.5720  Acc: 0.7841 | Eval Loss: 0.5190  Acc: 0.7550  PR-AUC: 0.7375  [9s]
  Epoch    6 | Train Loss: 0.4797  Acc: 0.7855 | Eval Loss: 0.5144  Acc: 0.7450  PR-AUC: 0.7440  [10s]
  Epoch    7 | Train Loss: 0.4375  Acc: 0.8062 | Eval Loss: 0.5250  Acc: 0.7590  PR-AUC: 0.7422  [12s]
  Epoch    8 | Train Loss: 0.4039  Acc: 0.8193 | Eval Loss: 0.5569  Acc: 0.7485  PR-AUC: 0.7216  [13s]
  Epoch    9 | Train Loss: 0.3789  Acc: 0.8336 | Eval Loss: 0.5460  Acc: 0.7455  PR-AUC: 0.7169  [15s]
  Epoch   10 | Train Loss: 0.3479  Acc: 0.8485 | Eval Loss: 0.5756  Acc: 0.7465  PR-AUC: 0.7117  [16s]
  Epoch   11 | Train Loss: 0.3175  Acc: 0.8662 | Eval Loss: 0.5918  Acc: 0.7475  PR-AUC: 0.7018  [17s]
  Epoch   12 | Train Loss: 0.2899  Acc: 0.8778 | Eval Loss: 0.6116  Acc: 0.7370  PR-AUC: 0.7009  [19s]
  Epoch   13 | Train Loss: 0.2759  Acc: 0.8884 | Eval Loss: 0.6435  Acc: 0.7310  PR-AUC: 0.6805  [20s]
  Epoch   14 | Train Loss: 0.2618  Acc: 0.8899 | Eval Loss: 0.6602  Acc: 0.7445  PR-AUC: 0.7135  [21s]
  Epoch   15 | Train Loss: 0.2269  Acc: 0.9069 | Eval Loss: 0.7099  Acc: 0.7195  PR-AUC: 0.6660  [23s]
  Epoch   16 | Train Loss: 0.2058  Acc: 0.9174 | Eval Loss: 0.7393  Acc: 0.7145  PR-AUC: 0.6753  [24s]
  Epoch   17 | Train Loss: 0.1984  Acc: 0.9186 | Eval Loss: 0.7918  Acc: 0.7405  PR-AUC: 0.6886  [25s]
  Epoch   18 | Train Loss: 0.1685  Acc: 0.9324 | Eval Loss: 0.8805  Acc: 0.7300  PR-AUC: 0.6648  [27s]
  Epoch   19 | Train Loss: 0.1498  Acc: 0.9434 | Eval Loss: 0.8392  Acc: 0.7285  PR-AUC: 0.6689  [28s]
  Epoch   20 | Train Loss: 0.1442  Acc: 0.9431 | Eval Loss: 0.9100  Acc: 0.7185  PR-AUC: 0.6576  [30s]
  Epoch   21 | Train Loss: 0.1294  Acc: 0.9498 | Eval Loss: 0.9002  Acc: 0.7040  PR-AUC: 0.6470  [31s]
  Epoch   22 | Train Loss: 0.1200  Acc: 0.9550 | Eval Loss: 0.9426  Acc: 0.7200  PR-AUC: 0.6741  [33s]
  Epoch   23 | Train Loss: 0.0982  Acc: 0.9644 | Eval Loss: 0.9886  Acc: 0.7200  PR-AUC: 0.6609  [34s]
  Epoch   24 | Train Loss: 0.1078  Acc: 0.9601 | Eval Loss: 1.0065  Acc: 0.7270  PR-AUC: 0.6784  [35s]
  Epoch   25 | Train Loss: 0.1302  Acc: 0.9508 | Eval Loss: 1.1213  Acc: 0.7290  PR-AUC: 0.6423  [134s]
  Epoch   26 | Train Loss: 0.1197  Acc: 0.9521 | Eval Loss: 1.1830  Acc: 0.7220  PR-AUC: 0.6714  [135s]
  Epoch   27 | Train Loss: 0.0987  Acc: 0.9637 | Eval Loss: 1.1780  Acc: 0.7100  PR-AUC: 0.6531  [137s]

  Early stopping triggered at epoch 27.

  Selected checkpoint (latest post-projection): epoch=27, metric=0.6531

  Calibrated decision threshold: 0.295 (validation balanced_acc=0.7084)

  TEST RESULTS
    loss              : 1.132336
    acc               : 0.695
    precision         : 0.572154
    recall            : 0.74867
    specificity       : 0.66266
    f1                : 0.648618
    balanced_acc      : 0.705665
    pr_auc            : 0.650613
    confusion_matrix  : {'tn': 827, 'fp': 421, 'fn': 189, 'tp': 563}
    threshold         : 0.295

  THRESHOLD SENSITIVITY (test set)
    t=0.295 | precision=0.572 recall=0.749 specificity=0.663 f1=0.649 | TP=563 FP=421 TN=827 FN=189
    t=0.300 | precision=0.573 recall=0.749 specificity=0.663 f1=0.649 | TP=563 FP=420 TN=828 FN=189
    t=0.360 | precision=0.582 recall=0.733 specificity=0.683 f1=0.649 | TP=551 FP=395 TN=853 FN=201
    t=0.400 | precision=0.588 recall=0.723 specificity=0.695 f1=0.649 | TP=544 FP=381 TN=867 FN=208
    t=0.500 | precision=0.595 recall=0.685 specificity=0.719 f1=0.637 | TP=515 FP=351 TN=897 FN=237
    t=0.600 | precision=0.601 recall=0.664 specificity=0.735 f1=0.631 | TP=499 FP=331 TN=917 FN=253
    t=0.700 | precision=0.610 recall=0.630 specificity=0.757 f1=0.620 | TP=474 FP=303 TN=945 FN=278

============================================================
GRAPHXAI EXPLANATIONS
============================================================
  GNN layers detected (L): 3
  Explaining all test graphs

  [WRONG  ] Graph    0 | true=0 pred=1 | nodes= 11 edges= 20
    GradExplainer               : min=-20.0943  max=+40.3017  mean=+1.9871  std=16.2799
    IntegratedGradExplainer     : min=-1.3037  max=+0.8068  mean=-0.0328  std=0.6374
    GNNExplainer                : min=+0.0000  max=+1.0000  mean=+0.8182  std=0.3857
  [WRONG  ] Graph    1 | true=0 pred=1 | nodes= 11 edges= 20
    GradExplainer               : min=-76.5088  max=+45.7906  mean=-5.6364  std=27.3082
    IntegratedGradExplainer     : min=-0.5155  max=+1.1287  mean=+0.0909  std=0.4321
    GNNExplainer                : min=+0.0000  max=+1.0000  mean=+0.8182  std=0.3857
  [WRONG  ] Graph    2 | true=1 pred=0 | nodes= 11 edges= 20
    GradExplainer               : min=-61.9323  max=+9.2765  mean=-17.4116  std=22.6230
    IntegratedGradExplainer     : min=-7.2925  max=+6.8662  mean=+0.4119  std=3.1288
    GNNExplainer                : min=+0.0000  max=+1.0000  mean=+0.7273  std=0.4454
  [CORRECT] Graph    3 | true=0 pred=0 | nodes= 11 edges= 20
    GradExplainer               : min=-0.0177  max=+0.0096  mean=-0.0031  std=0.0073
    IntegratedGradExplainer     : min=-0.2134  max=-0.0041  mean=-0.0862  std=0.0685
    GNNExplainer                : min=+0.0000  max=+1.0000  mean=+0.6364  std=0.4810
  [CORRECT] Graph    4 | true=0 pred=0 | nodes= 11 edges= 20
    GradExplainer               : min=+0.0047  max=+0.5191  mean=+0.1221  std=0.1752
    IntegratedGradExplainer     : min=-0.2173  max=+0.0062  mean=-0.0879  std=0.0749
    GNNExplainer                : min=+0.0000  max=+1.0000  mean=+0.6364  std=0.4810
  [CORRECT] Graph    5 | true=0 pred=0 | nodes= 11 edges= 20
    GradExplainer               : min=-0.5303  max=+3.4825  mean=+0.6966  std=1.1549
    IntegratedGradExplainer     : min=-0.9610  max=+0.4436  mean=-0.0869  std=0.3162
    GNNExplainer                : min=+0.0000  max=+1.0000  mean=+0.5455  std=0.4979
  [CORRECT] Graph    6 | true=0 pred=0 | nodes= 11 edges= 20
    GradExplainer               : min=-0.0085  max=+0.0099  mean=+0.0009  std=0.0053
    IntegratedGradExplainer     : min=-0.4640  max=+0.1164  mean=-0.0835  std=0.1507
    GNNExplainer                : min=+0.0000  max=+1.0000  mean=+0.5455  std=0.4979
  [WRONG  ] Graph    7 | true=1 pred=0 | nodes= 11 edges= 20
    GradExplainer               : min=-24.9734  max=+72.0144  mean=+7.9470  std=22.5039
    IntegratedGradExplainer     : min=-0.9415  max=+5.0682  mean=+0.4883  std=1.4878
    GNNExplainer                : min=+0.0000  max=+1.0000  mean=+0.7273  std=0.4454
  [WRONG  ] Graph    8 | true=0 pred=1 | nodes= 11 edges= 20
    GradExplainer               : min=-43.8513  max=+11.1767  mean=-8.7369  std=17.7871
    IntegratedGradExplainer     : min=-1.0624  max=+1.1831  mean=+0.1484  std=0.5911
    GNNExplainer                : min=+0.0000  max=+1.0000  mean=+0.3636  std=0.4810
  [CORRECT] Graph    9 | true=0 pred=0 | nodes= 11 edges= 20
    GradExplainer               : min=-14.6792  max=+25.2550  mean=+4.8461  std=11.1650
    IntegratedGradExplainer     : min=-0.2393  max=+0.2181  mean=-0.0454  std=0.1329
    GNNExplainer                : min=+0.0000  max=+1.0000  mean=+0.7273  std=0.4454
  [CORRECT] Graph   10 | true=0 pred=0 | nodes= 11 edges= 20
    GradExplainer               : min=-0.2663  max=+0.1086  mean=-0.0584  std=0.0885
    IntegratedGradExplainer     : min=-0.2313  max=-0.0146  mean=-0.0842  std=0.0801
    GNNExplainer                : min=+0.0000  max=+1.0000  mean=+0.6364  std=0.4810
  [CORRECT] Graph   11 | true=1 pred=1 | nodes= 11 edges= 20
    GradExplainer               : min=-0.1113  max=+0.0082  mean=-0.0161  std=0.0335
    IntegratedGradExplainer     : min=-0.1318  max=+0.0236  mean=-0.0444  std=0.0537
    GNNExplainer                : min=+0.0000  max=+1.0000  mean=+0.7273  std=0.4454
  [WRONG  ] Graph   12 | true=0 pred=1 | nodes= 11 edges= 20
    GradExplainer               : min=-12.8503  max=+47.2683  mean=+13.1728  std=17.8406
    IntegratedGradExplainer     : min=-1.8543  max=+5.5640  mean=+0.7551  std=1.9939
    GNNExplainer                : min=+0.0000  max=+1.0000  mean=+0.9091  std=0.2875
  [CORRECT] Graph   13 | true=1 pred=1 | nodes= 11 edges= 20
    GradExplainer               : min=-109.1107  max=+2.5143  mean=-18.4241  std=31.6703
    IntegratedGradExplainer     : min=-2.4908  max=+1.6011  mean=-0.0057  std=0.9154
    GNNExplainer                : min=+0.0000  max=+1.0000  mean=+0.7273  std=0.4454
  [CORRECT] Graph   14 | true=1 pred=1 | nodes= 11 edges= 20
    GradExplainer               : min=-15.5166  max=+18.4634  mean=-0.5686  std=7.4950
    IntegratedGradExplainer     : min=-3.5695  max=+4.7774  mean=+0.0522  std=1.9431
    GNNExplainer                : min=+0.0000  max=+1.0000  mean=+0.8182  std=0.3857
  [CORRECT] Graph   15 | true=1 pred=1 | nodes= 11 edges= 20
    GradExplainer               : min=-0.7443  max=+0.4236  mean=-0.0204  std=0.2800
    IntegratedGradExplainer     : min=-0.3709  max=+0.4097  mean=-0.0466  std=0.1827
    GNNExplainer                : min=+0.0000  max=+1.0000  mean=+0.6364  std=0.4810
  [WRONG  ] Graph   16 | true=0 pred=1 | nodes= 11 edges= 20
    GradExplainer               : min=-20.1741  max=+183.9198  mean=+41.2607  std=58.5709
    IntegratedGradExplainer     : min=-0.9250  max=+4.2739  mean=+0.5407  std=1.4966
    GNNExplainer                : min=+0.0000  max=+1.0000  mean=+0.4545  std=0.4979
  [CORRECT] Graph   17 | true=0 pred=0 | nodes= 11 edges= 20
    GradExplainer               : min=-0.0022  max=+0.0120  mean=+0.0016  std=0.0042
    IntegratedGradExplainer     : min=-0.2286  max=+0.0204  mean=-0.0871  std=0.0735
    GNNExplainer                : min=+0.0000  max=+1.0000  mean=+0.7273  std=0.4454
  [CORRECT] Graph   18 | true=0 pred=0 | nodes= 11 edges= 20
    GradExplainer               : min=-0.0359  max=+1.1672  mean=+0.2521  std=0.3729
    IntegratedGradExplainer     : min=-0.5018  max=+0.0324  mean=-0.0853  std=0.1398
    GNNExplainer                : min=+0.0000  max=+1.0000  mean=+0.6364  std=0.4810
  [CORRECT] Graph   19 | true=0 pred=0 | nodes= 11 edges= 20
    GradExplainer               : min=-0.0174  max=+0.0024  mean=-0.0017  std=0.0052
    IntegratedGradExplainer     : min=-0.2850  max=-0.0072  mean=-0.0862  std=0.0692
    GNNExplainer                : min=+0.0000  max=+1.0000  mean=+0.9091  std=0.2875
  [WRONG  ] Graph   20 | true=1 pred=0 | nodes= 11 edges= 20
    GradExplainer               : min=+3.4086  max=+71.8986  mean=+25.5436  std=22.2587
    IntegratedGradExplainer     : min=-1.6569  max=+4.5526  mean=+0.4724  std=1.4665
    GNNExplainer                : min=+0.0000  max=+1.0000  mean=+0.7273  std=0.4454
  [CORRECT] Graph   21 | true=0 pred=0 | nodes= 11 edges= 20
    GradExplainer               : min=-3.0114  max=+4.1333  mean=+0.7860  std=1.6963
    IntegratedGradExplainer     : min=-0.6106  max=+0.0241  mean=-0.0737  std=0.1713
    GNNExplainer                : min=+0.0000  max=+1.0000  mean=+0.7273  std=0.4454
  [CORRECT] Graph   22 | true=1 pred=1 | nodes= 11 edges= 20
    GradExplainer               : min=-4.7415  max=+4.0280  mean=-0.2804  std=2.0259
    IntegratedGradExplainer     : min=-0.8460  max=+0.3948  mean=-0.0272  std=0.2963
    GNNExplainer                : min=+0.0000  max=+1.0000  mean=+0.5455  std=0.4979
  [CORRECT] Graph   23 | true=0 pred=0 | nodes= 11 edges= 20
    GradExplainer               : min=+0.0245  max=+1.3578  mean=+0.3967  std=0.4535
    IntegratedGradExplainer     : min=-0.4853  max=+0.0619  mean=-0.0830  std=0.1718
    GNNExplainer                : min=+0.0000  max=+1.0000  mean=+0.6364  std=0.4810
  [CORRECT] Graph   24 | true=0 pred=0 | nodes= 11 edges= 20
    GradExplainer               : min=-0.0044  max=+0.0019  mean=-0.0005  std=0.0016
    IntegratedGradExplainer     : min=-0.6676  max=+0.0301  mean=-0.0822  std=0.1887
    GNNExplainer                : min=+0.0000  max=+1.0000  mean=+0.5455  std=0.4979
  [CORRECT] Graph   25 | true=1 pred=1 | nodes= 11 edges= 20
    GradExplainer               : min=-0.1022  max=+0.1706  mean=+0.0139  std=0.0617
    IntegratedGradExplainer     : min=-1.2014  max=+0.3686  mean=-0.0518  std=0.3940
    GNNExplainer                : min=+0.0000  max=+1.0000  mean=+0.6364  std=0.4810
  [CORRECT] Graph   26 | true=1 pred=1 | nodes= 11 edges= 20
    GradExplainer               : min=-0.9835  max=+1.2890  mean=-0.0448  std=0.5205
    IntegratedGradExplainer     : min=-0.9803  max=+0.2610  mean=-0.0294  std=0.3449
    GNNExplainer                : min=+0.0000  max=+1.0000  mean=+0.6364  std=0.4810
  [WRONG  ] Graph   27 | true=0 pred=1 | nodes= 11 edges= 20
    GradExplainer               : min=-42.5762  max=+12.7671  mean=-2.1549  std=13.3558
    IntegratedGradExplainer     : min=-0.5006  max=+0.4452  mean=-0.0494  std=0.2199
    GNNExplainer                : min=+0.0000  max=+1.0000  mean=+0.8182  std=0.3857
  [CORRECT] Graph   28 | true=0 pred=0 | nodes= 11 edges= 20
    GradExplainer               : min=-0.0328  max=+0.4295  mean=+0.1238  std=0.1760
    IntegratedGradExplainer     : min=-0.5066  max=+0.0905  mean=-0.0791  std=0.1455
    GNNExplainer                : min=+0.0000  max=+1.0000  mean=+0.7273  std=0.4454
  [CORRECT] Graph   29 | true=0 pred=0 | nodes= 11 edges= 20
    GradExplainer               : min=-0.0988  max=+0.0490  mean=-0.0177  std=0.0374
    IntegratedGradExplainer     : min=-0.3326  max=+0.0965  mean=-0.0833  std=0.1063
    GNNExplainer                : min=+0.0000  max=+1.0000  mean=+0.8182  std=0.3857
  [CORRECT] Graph   30 | true=0 pred=0 | nodes= 11 edges= 20
    GradExplainer               : min=-0.0940  max=+0.0787  mean=+0.0026  std=0.0378
    IntegratedGradExplainer     : min=-0.4321  max=+0.0812  mean=-0.0863  std=0.1354
    GNNExplainer                : min=+0.0000  max=+1.0000  mean=+0.8182  std=0.3857
  [CORRECT] Graph   31 | true=1 pred=1 | nodes= 11 edges= 20
    GradExplainer               : min=-22.4750  max=-1.9220  mean=-5.8645  std=6.0345
    IntegratedGradExplainer     : min=-1.0351  max=+0.5217  mean=-0.0288  std=0.4326
    GNNExplainer                : min=+0.0000  max=+1.0000  mean=+0.7273  std=0.4454
  [CORRECT] Graph   32 | true=0 pred=0 | nodes= 11 edges= 20
    GradExplainer               : min=-0.0430  max=+0.0082  mean=-0.0061  std=0.0129
    IntegratedGradExplainer     : min=-0.3971  max=+0.0470  mean=-0.0821  std=0.1112
    GNNExplainer                : min=+0.0000  max=+1.0000  mean=+0.6364  std=0.4810
  [CORRECT] Graph   33 | true=1 pred=1 | nodes= 11 edges= 20
    GradExplainer               : min=-0.0051  max=+0.0256  mean=+0.0072  std=0.0118
    IntegratedGradExplainer     : min=-0.4218  max=+0.3406  mean=-0.0414  std=0.1866
    GNNExplainer                : min=+0.0000  max=+1.0000  mean=+0.7273  std=0.4454
  [CORRECT] Graph   34 | true=0 pred=0 | nodes= 11 edges= 20
    GradExplainer               : min=-0.0012  max=+0.0002  mean=-0.0004  std=0.0005
    IntegratedGradExplainer     : min=-0.2763  max=+0.0400  mean=-0.0863  std=0.0885
    GNNExplainer                : min=+0.0000  max=+1.0000  mean=+0.7273  std=0.4454
  [CORRECT] Graph   35 | true=1 pred=1 | nodes= 11 edges= 20
    GradExplainer               : min=-2.6628  max=+0.6127  mean=-0.4906  std=0.8250
    IntegratedGradExplainer     : min=-1.7868  max=+0.9556  mean=-0.0398  std=0.6306
    GNNExplainer                : min=+0.0000  max=+1.0000  mean=+0.4545  std=0.4979
  [WRONG  ] Graph   36 | true=0 pred=1 | nodes= 11 edges= 20
    GradExplainer               : min=-2.9414  max=+213.5184  mean=+69.4571  std=81.7337
    IntegratedGradExplainer     : min=-4.7192  max=+6.2039  mean=+0.1593  std=2.4451
    GNNExplainer                : min=+0.0000  max=+1.0000  mean=+0.5455  std=0.4979
  [CORRECT] Graph   37 | true=0 pred=0 | nodes= 11 edges= 20
    GradExplainer               : min=-7.1652  max=+3.5936  mean=-0.4285  std=2.4665
    IntegratedGradExplainer     : min=-0.5295  max=+0.3713  mean=-0.0733  std=0.2096
    GNNExplainer                : min=+0.0000  max=+1.0000  mean=+0.7273  std=0.4454
  [CORRECT] Graph   38 | true=1 pred=1 | nodes= 11 edges= 20
    GradExplainer               : min=-68.8583  max=+55.8316  mean=-8.4114  std=29.1355
    IntegratedGradExplainer     : min=-0.4912  max=+0.6658  mean=+0.0100  std=0.2816
    GNNExplainer                : min=+1.0000  max=+1.0000  mean=+1.0000  std=0.0000
  [WRONG  ] Graph   39 | true=1 pred=0 | nodes= 11 edges= 20
    GradExplainer               : min=-14.1720  max=+47.9928  mean=+17.6317  std=19.0667
    IntegratedGradExplainer     : min=-2.8760  max=+2.1622  mean=+0.1292  std=1.2578
    GNNExplainer                : min=+0.0000  max=+1.0000  mean=+0.7273  std=0.4454
  [CORRECT] Graph   40 | true=1 pred=1 | nodes= 11 edges= 20
    GradExplainer               : min=-0.0000  max=+0.0000  mean=-0.0000  std=0.0000
    IntegratedGradExplainer     : min=-0.2194  max=+0.0944  mean=-0.0463  std=0.0866
    GNNExplainer                : min=+0.0000  max=+1.0000  mean=+0.9091  std=0.2875
  [CORRECT] Graph   41 | true=1 pred=1 | nodes= 11 edges= 20
    GradExplainer               : min=-17.9531  max=+1.8192  mean=-3.3622  std=5.3316
    IntegratedGradExplainer     : min=-0.9150  max=+0.4250  mean=-0.0400  std=0.3420
    GNNExplainer                : min=+0.0000  max=+1.0000  mean=+0.8182  std=0.3857
  [WRONG  ] Graph   42 | true=1 pred=0 | nodes= 11 edges= 20
    GradExplainer               : min=-88.5992  max=-4.9812  mean=-30.0034  std=28.9999
    IntegratedGradExplainer     : min=-0.7387  max=+1.2111  mean=+0.0848  std=0.5963
    GNNExplainer                : min=+0.0000  max=+1.0000  mean=+0.6364  std=0.4810
  [CORRECT] Graph   43 | true=0 pred=0 | nodes= 11 edges= 20
    GradExplainer               : min=-2.7183  max=+2.0916  mean=+0.0650  std=1.3434
    IntegratedGradExplainer     : min=-0.2546  max=+0.0407  mean=-0.0759  std=0.0888
    GNNExplainer                : min=+0.0000  max=+1.0000  mean=+0.6364  std=0.4810
  [WRONG  ] Graph   44 | true=0 pred=1 | nodes= 11 edges= 20
    GradExplainer               : min=-90.1768  max=+151.8359  mean=+7.3083  std=58.2029
    IntegratedGradExplainer     : min=-1.2016  max=+4.5041  mean=+0.6016  std=1.4457
    GNNExplainer                : min=+0.0000  max=+1.0000  mean=+0.5455  std=0.4979
  [CORRECT] Graph   45 | true=0 pred=0 | nodes= 11 edges= 20
    GradExplainer               : min=-2.6735  max=+1.4754  mean=-0.1779  std=0.9728
    IntegratedGradExplainer     : min=-0.3884  max=+0.3447  mean=-0.0856  std=0.1701
    GNNExplainer                : min=+0.0000  max=+1.0000  mean=+0.4545  std=0.4979
  [WRONG  ] Graph   46 | true=0 pred=1 | nodes= 11 edges= 20
    GradExplainer               : min=-42.7867  max=+30.3359  mean=-3.4544  std=17.0229
    IntegratedGradExplainer     : min=-4.8549  max=+7.4799  mean=+0.1226  std=3.1118
    GNNExplainer                : min=+0.0000  max=+1.0000  mean=+0.8182  std=0.3857
  [CORRECT] Graph   47 | true=1 pred=1 | nodes= 11 edges= 20
    GradExplainer               : min=-1.4359  max=+0.2944  mean=-0.3619  std=0.5197
    IntegratedGradExplainer     : min=-1.4557  max=+0.8931  mean=-0.0441  std=0.5303
    GNNExplainer                : min=+0.0000  max=+1.0000  mean=+0.7273  std=0.4454
  [CORRECT] Graph   48 | true=1 pred=1 | nodes= 11 edges= 20
    GradExplainer               : min=-0.0153  max=+0.0475  mean=+0.0032  std=0.0151
    IntegratedGradExplainer     : min=-0.8663  max=+0.2632  mean=-0.0477  std=0.2828
    GNNExplainer                : min=+0.0000  max=+1.0000  mean=+0.9091  std=0.2875
  [WRONG  ] Graph   49 | true=1 pred=0 | nodes= 11 edges= 20
    GradExplainer               : min=-141.7693  max=+19.3175  mean=-38.4745  std=46.0348
    IntegratedGradExplainer     : min=-0.9078  max=+3.0096  mean=+0.3844  std=1.0381
    GNNExplainer                : min=+0.0000  max=+1.0000  mean=+0.9091  std=0.2875
  [CORRECT] Graph   50 | true=0 pred=0 | nodes= 11 edges= 20
    GradExplainer               : min=-2.9893  max=+1.8968  mean=+0.0745  std=1.1635
    IntegratedGradExplainer     : min=-0.4524  max=+0.2346  mean=-0.0844  std=0.1536
    GNNExplainer                : min=+0.0000  max=+1.0000  mean=+0.6364  std=0.4810
  [CORRECT] Graph   51 | true=1 pred=1 | nodes= 11 edges= 20
    GradExplainer               : min=-0.4439  max=+0.1129  mean=-0.1237  std=0.1504
    IntegratedGradExplainer     : min=-0.2981  max=+0.0513  mean=-0.0484  std=0.1053
    GNNExplainer                : min=+0.0000  max=+1.0000  mean=+0.9091  std=0.2875
  [CORRECT] Graph   52 | true=0 pred=0 | nodes= 11 edges= 20
    GradExplainer               : min=-6.1281  max=+6.7963  mean=+0.8399  std=3.5317
    IntegratedGradExplainer     : min=-0.2652  max=-0.0275  mean=-0.0802  std=0.0692
    GNNExplainer                : min=+0.0000  max=+1.0000  mean=+0.6364  std=0.4810
  [CORRECT] Graph   53 | true=0 pred=0 | nodes= 11 edges= 20
    GradExplainer               : min=-0.0294  max=+0.0430  mean=+0.0035  std=0.0158
    IntegratedGradExplainer     : min=-0.3402  max=+0.1137  mean=-0.0840  std=0.1138
    GNNExplainer                : min=+0.0000  max=+1.0000  mean=+0.7273  std=0.4454
  [CORRECT] Graph   54 | true=1 pred=1 | nodes= 11 edges= 20
    GradExplainer               : min=-0.0912  max=+0.0025  mean=-0.0184  std=0.0273
    IntegratedGradExplainer     : min=-0.5083  max=+0.2573  mean=-0.0441  std=0.1901
    GNNExplainer                : min=+0.0000  max=+1.0000  mean=+0.7273  std=0.4454
  [CORRECT] Graph   55 | true=1 pred=1 | nodes= 11 edges= 20
    GradExplainer               : min=-0.0236  max=+0.0786  mean=+0.0322  std=0.0307
    IntegratedGradExplainer     : min=-0.9831  max=+0.4059  mean=-0.0514  std=0.3380
    GNNExplainer                : min=+0.0000  max=+1.0000  mean=+0.6364  std=0.4810
  [CORRECT] Graph   56 | true=1 pred=1 | nodes= 11 edges= 20
    GradExplainer               : min=-0.0006  max=+0.0012  mean=+0.0001  std=0.0005
    IntegratedGradExplainer     : min=-0.2336  max=+0.0410  mean=-0.0496  std=0.0739
    GNNExplainer                : min=+0.0000  max=+1.0000  mean=+0.5455  std=0.4979
  [CORRECT] Graph   57 | true=1 pred=1 | nodes= 11 edges= 20
    GradExplainer               : min=-0.9850  max=+3.0419  mean=+0.6602  std=1.1413
    IntegratedGradExplainer     : min=-1.0654  max=+0.7515  mean=-0.0368  std=0.4093
    GNNExplainer                : min=+0.0000  max=+1.0000  mean=+0.5455  std=0.4979
  [WRONG  ] Graph   58 | true=1 pred=0 | nodes= 11 edges= 20
    GradExplainer               : min=+3.8347  max=+42.8858  mean=+14.4983  std=12.5771
    IntegratedGradExplainer     : min=-3.8843  max=+3.6948  mean=+0.6665  std=1.9039
    GNNExplainer                : min=+0.0000  max=+1.0000  mean=+0.5455  std=0.4979
  [WRONG  ] Graph   59 | true=0 pred=1 | nodes= 11 edges= 20
    GradExplainer               : min=-5.1999  max=+112.8743  mean=+18.7478  std=32.4454
    IntegratedGradExplainer     : min=-0.5667  max=+4.5334  mean=+0.6608  std=1.4350
    GNNExplainer                : min=+0.0000  max=+1.0000  mean=+0.5455  std=0.4979
  [WRONG  ] Graph   60 | true=1 pred=0 | nodes= 11 edges= 20
    GradExplainer               : min=-14.8522  max=+28.7564  mean=+4.1025  std=10.3260
    IntegratedGradExplainer     : min=-0.9261  max=+0.9117  mean=+0.2050  std=0.4814
    GNNExplainer                : min=+0.0000  max=+1.0000  mean=+0.5455  std=0.4979
  [WRONG  ] Graph   61 | true=0 pred=1 | nodes= 11 edges= 20
    GradExplainer               : min=-160.2643  max=+279.4784  mean=+20.5943  std=99.0881
    IntegratedGradExplainer     : min=-1.2325  max=+4.2342  mean=+0.1169  std=1.3843
    GNNExplainer                : min=+0.0000  max=+1.0000  mean=+0.5455  std=0.4979
  [CORRECT] Graph   62 | true=0 pred=0 | nodes= 11 edges= 20
    GradExplainer               : min=-3.5057  max=+22.5568  mean=+2.6666  std=6.9989
    IntegratedGradExplainer     : min=-0.6910  max=+1.0203  mean=-0.0724  std=0.4068
    GNNExplainer                : min=+0.0000  max=+1.0000  mean=+0.6364  std=0.4810
  [CORRECT] Graph   63 | true=0 pred=0 | nodes= 11 edges= 20
    GradExplainer               : min=-0.0048  max=+0.0629  mean=+0.0114  std=0.0179
    IntegratedGradExplainer     : min=-0.3647  max=+0.0542  mean=-0.0839  std=0.1182
    GNNExplainer                : min=+0.0000  max=+1.0000  mean=+0.6364  std=0.4810
  [CORRECT] Graph   64 | true=0 pred=0 | nodes= 11 edges= 20
    GradExplainer               : min=-0.0021  max=+0.0012  mean=-0.0001  std=0.0008
    IntegratedGradExplainer     : min=-0.2858  max=+0.0790  mean=-0.0867  std=0.0855
    GNNExplainer                : min=+0.0000  max=+1.0000  mean=+0.8182  std=0.3857
  [WRONG  ] Graph   65 | true=0 pred=1 | nodes= 11 edges= 20
    GradExplainer               : min=-6.1826  max=+43.3476  mean=+7.6819  std=13.0821
    IntegratedGradExplainer     : min=-2.4843  max=+1.5425  mean=-0.0393  std=0.9311
    GNNExplainer                : min=+0.0000  max=+1.0000  mean=+0.6364  std=0.4810
  [WRONG  ] Graph   66 | true=0 pred=1 | nodes= 11 edges= 20
    GradExplainer               : min=-114.0566  max=-2.2607  mean=-25.5376  std=31.7209
    IntegratedGradExplainer     : min=-1.0751  max=+5.2080  mean=+0.4211  std=1.6919
    GNNExplainer                : min=+0.0000  max=+1.0000  mean=+0.7273  std=0.4454
  [CORRECT] Graph   67 | true=1 pred=1 | nodes= 11 edges= 20
    GradExplainer               : min=-0.2553  max=+0.0172  mean=-0.0391  std=0.0749
    IntegratedGradExplainer     : min=-0.2290  max=+0.0679  mean=-0.0435  std=0.0850
    GNNExplainer                : min=+0.0000  max=+1.0000  mean=+0.8182  std=0.3857
  [CORRECT] Graph   68 | true=1 pred=1 | nodes= 11 edges= 20
    GradExplainer               : min=-10.4269  max=+4.6530  mean=-2.9631  std=4.8637
    IntegratedGradExplainer     : min=-4.5352  max=+4.4546  mean=-0.0325  std=2.0068
    GNNExplainer                : min=+0.0000  max=+1.0000  mean=+0.8182  std=0.3857
  [CORRECT] Graph   69 | true=1 pred=1 | nodes= 11 edges= 20
    GradExplainer               : min=-0.2050  max=-0.0055  mean=-0.0608  std=0.0587
    IntegratedGradExplainer     : min=-0.5961  max=+0.3939  mean=-0.0522  std=0.2437
    GNNExplainer                : min=+0.0000  max=+1.0000  mean=+0.7273  std=0.4454
  [WRONG  ] Graph   70 | true=0 pred=1 | nodes= 11 edges= 20
    GradExplainer               : min=-7.9784  max=+31.0830  mean=+9.3482  std=12.3281
    IntegratedGradExplainer     : min=-3.3974  max=+5.3111  mean=+0.5014  std=2.5951
    GNNExplainer                : min=+0.0000  max=+1.0000  mean=+0.9091  std=0.2875
  [WRONG  ] Graph   71 | true=0 pred=1 | nodes= 11 edges= 20
    GradExplainer               : min=-132.1577  max=+328.4335  mean=+26.5550  std=108.7370
    IntegratedGradExplainer     : min=-1.6167  max=+2.2447  mean=+0.1155  std=0.9009
    GNNExplainer                : min=+0.0000  max=+1.0000  mean=+0.8182  std=0.3857
  [CORRECT] Graph   72 | true=0 pred=0 | nodes= 11 edges= 20
    GradExplainer               : min=+0.0014  max=+0.0229  mean=+0.0067  std=0.0077
    IntegratedGradExplainer     : min=-0.2174  max=-0.0345  mean=-0.0852  std=0.0617
    GNNExplainer                : min=+0.0000  max=+1.0000  mean=+0.8182  std=0.3857
  [CORRECT] Graph   73 | true=1 pred=1 | nodes= 11 edges= 20
    GradExplainer               : min=-0.0003  max=+0.0280  mean=+0.0076  std=0.0101
    IntegratedGradExplainer     : min=-0.4687  max=+0.1704  mean=-0.0411  std=0.1601
    GNNExplainer                : min=+0.0000  max=+1.0000  mean=+0.4545  std=0.4979
  [CORRECT] Graph   74 | true=0 pred=0 | nodes= 11 edges= 20
    GradExplainer               : min=-0.0096  max=+0.0064  mean=+0.0015  std=0.0042
    IntegratedGradExplainer     : min=-0.2723  max=+0.0221  mean=-0.0866  std=0.0918
    GNNExplainer                : min=+0.0000  max=+1.0000  mean=+0.9091  std=0.2875
  [WRONG  ] Graph   75 | true=0 pred=1 | nodes= 11 edges= 20
    GradExplainer               : min=-34.0913  max=+208.3533  mean=+34.7667  std=63.4374
    IntegratedGradExplainer     : min=-0.6961  max=+2.1659  mean=+0.3154  std=0.8461
    GNNExplainer                : min=+0.0000  max=+1.0000  mean=+0.7273  std=0.4454
  [CORRECT] Graph   76 | true=0 pred=0 | nodes= 11 edges= 20
    GradExplainer               : min=+0.0378  max=+1.7564  mean=+0.4435  std=0.5126
    IntegratedGradExplainer     : min=-0.2588  max=-0.0088  mean=-0.0772  std=0.0891
    GNNExplainer                : min=+0.0000  max=+1.0000  mean=+0.5455  std=0.4979
  [CORRECT] Graph   77 | true=0 pred=0 | nodes= 11 edges= 20
    GradExplainer               : min=-1.5076  max=+1.0548  mean=-0.3078  std=0.6677
    IntegratedGradExplainer     : min=-0.5050  max=+0.3368  mean=-0.0792  std=0.2027
    GNNExplainer                : min=+0.0000  max=+1.0000  mean=+0.8182  std=0.3857
  [WRONG  ] Graph   78 | true=1 pred=0 | nodes= 11 edges= 20
    GradExplainer               : min=-118.2696  max=+21.2148  mean=-21.9751  std=36.4656
    IntegratedGradExplainer     : min=-0.8893  max=+3.4769  mean=+0.3677  std=1.1274
    GNNExplainer                : min=+0.0000  max=+1.0000  mean=+0.9091  std=0.2875
  [WRONG  ] Graph   79 | true=0 pred=1 | nodes= 11 edges= 20
    GradExplainer               : min=-15.2099  max=+12.9750  mean=+0.6020  std=7.2573
    IntegratedGradExplainer     : min=-0.5414  max=+0.6034  mean=-0.0387  std=0.3041
    GNNExplainer                : min=+0.0000  max=+1.0000  mean=+0.9091  std=0.2875
  [CORRECT] Graph   80 | true=0 pred=0 | nodes= 11 edges= 20
    GradExplainer               : min=-0.0024  max=+0.0024  mean=+0.0005  std=0.0015
    IntegratedGradExplainer     : min=-0.3293  max=+0.0333  mean=-0.0895  std=0.0920
    GNNExplainer                : min=+0.0000  max=+1.0000  mean=+0.5455  std=0.4979
  [CORRECT] Graph   81 | true=1 pred=1 | nodes= 11 edges= 20
    GradExplainer               : min=-0.0347  max=+0.0062  mean=-0.0102  std=0.0118
    IntegratedGradExplainer     : min=-0.3843  max=+0.1115  mean=-0.0486  std=0.1211
    GNNExplainer                : min=+0.0000  max=+1.0000  mean=+0.7273  std=0.4454
  [CORRECT] Graph   82 | true=0 pred=0 | nodes= 11 edges= 20
    GradExplainer               : min=-8.7908  max=+2.8630  mean=-0.7433  std=2.7612
    IntegratedGradExplainer     : min=-1.2916  max=+0.9007  mean=-0.0664  std=0.4862
    GNNExplainer                : min=+0.0000  max=+1.0000  mean=+0.6364  std=0.4810
  [WRONG  ] Graph   83 | true=0 pred=1 | nodes= 11 edges= 20
    GradExplainer               : min=-36.6494  max=+36.1882  mean=-1.3084  std=17.6225
    IntegratedGradExplainer     : min=-1.1281  max=+5.7600  mean=+0.7416  std=1.7939
    GNNExplainer                : min=+0.0000  max=+1.0000  mean=+0.9091  std=0.2875
  [CORRECT] Graph   84 | true=1 pred=1 | nodes= 11 edges= 20
    GradExplainer               : min=-1.9823  max=+0.5937  mean=-0.3182  std=0.6457
    IntegratedGradExplainer     : min=-1.3057  max=+0.8263  mean=-0.0413  std=0.5432
    GNNExplainer                : min=+0.0000  max=+1.0000  mean=+0.2727  std=0.4454
  [CORRECT] Graph   85 | true=0 pred=0 | nodes= 11 edges= 20
    GradExplainer               : min=-7.0180  max=+2.5202  mean=-1.1944  std=2.8404
    IntegratedGradExplainer     : min=-0.2206  max=+0.0567  mean=-0.0792  std=0.0881
    GNNExplainer                : min=+0.0000  max=+1.0000  mean=+0.7273  std=0.4454
  [CORRECT] Graph   86 | true=0 pred=0 | nodes= 11 edges= 20
    GradExplainer               : min=-0.6706  max=+0.7564  mean=+0.0082  std=0.3191
    IntegratedGradExplainer     : min=-0.4464  max=+0.0822  mean=-0.0776  std=0.1456
    GNNExplainer                : min=+0.0000  max=+1.0000  mean=+0.8182  std=0.3857
  [CORRECT] Graph   87 | true=0 pred=0 | nodes= 11 edges= 20
    GradExplainer               : min=-3.9000  max=+0.6700  mean=-0.3756  std=1.1776
    IntegratedGradExplainer     : min=-0.4494  max=+0.2229  mean=-0.0831  std=0.1918
    GNNExplainer                : min=+0.0000  max=+1.0000  mean=+0.7273  std=0.4454
  [CORRECT] Graph   88 | true=1 pred=1 | nodes= 11 edges= 20
    GradExplainer               : min=-0.4449  max=+0.4930  mean=+0.0585  std=0.2122
    IntegratedGradExplainer     : min=-0.4051  max=+0.2605  mean=-0.0577  std=0.1673
    GNNExplainer                : min=+0.0000  max=+1.0000  mean=+0.4545  std=0.4979
  [CORRECT] Graph   89 | true=1 pred=1 | nodes= 11 edges= 20
    GradExplainer               : min=-0.9409  max=+0.1089  mean=-0.3003  std=0.3938
    IntegratedGradExplainer     : min=-0.4134  max=+0.1094  mean=-0.0456  std=0.1295
    GNNExplainer                : min=+0.0000  max=+1.0000  mean=+0.7273  std=0.4454
  [CORRECT] Graph   90 | true=1 pred=1 | nodes= 11 edges= 20
    GradExplainer               : min=-0.1191  max=+0.8380  mean=+0.1293  std=0.2547
    IntegratedGradExplainer     : min=-0.2144  max=+0.0388  mean=-0.0426  std=0.0670
    GNNExplainer                : min=+0.0000  max=+1.0000  mean=+0.8182  std=0.3857
  [WRONG  ] Graph   91 | true=0 pred=1 | nodes= 11 edges= 20
    GradExplainer               : min=-32.1362  max=+141.5296  mean=+35.1044  std=47.9199
    IntegratedGradExplainer     : min=-2.7283  max=+2.8692  mean=+0.0599  std=1.4905
    GNNExplainer                : min=+0.0000  max=+1.0000  mean=+0.6364  std=0.4810
  [WRONG  ] Graph   92 | true=1 pred=0 | nodes= 11 edges= 20
    GradExplainer               : min=-226.7825  max=+38.6103  mean=-31.0465  std=70.1256
    IntegratedGradExplainer     : min=-2.4218  max=+2.1860  mean=+0.2432  std=1.1685
    GNNExplainer                : min=+0.0000  max=+1.0000  mean=+0.8182  std=0.3857
  [CORRECT] Graph   93 | true=0 pred=0 | nodes= 11 edges= 20
    GradExplainer               : min=-4.8260  max=+3.5401  mean=-0.3651  std=1.9594
    IntegratedGradExplainer     : min=-0.7344  max=+1.2230  mean=-0.0688  std=0.5459
    GNNExplainer                : min=+0.0000  max=+1.0000  mean=+0.6364  std=0.4810
  [CORRECT] Graph   94 | true=1 pred=1 | nodes= 11 edges= 20
    GradExplainer               : min=-3.4598  max=+2.4437  mean=-0.3313  std=1.3089
    IntegratedGradExplainer     : min=-0.5853  max=+0.4171  mean=-0.0280  std=0.2503
    GNNExplainer                : min=+0.0000  max=+1.0000  mean=+0.6364  std=0.4810
  [CORRECT] Graph   95 | true=1 pred=1 | nodes= 11 edges= 20
    GradExplainer               : min=-3.5729  max=+5.1633  mean=-0.4468  std=2.1428
    IntegratedGradExplainer     : min=-0.7690  max=+0.3625  mean=-0.0307  std=0.3280
    GNNExplainer                : min=+0.0000  max=+1.0000  mean=+0.6364  std=0.4810
  [WRONG  ] Graph   96 | true=0 pred=1 | nodes= 11 edges= 20
    GradExplainer               : min=-57.4317  max=+17.5692  mean=-0.6972  std=19.1898
    IntegratedGradExplainer     : min=-3.4865  max=+1.9778  mean=+0.0615  std=1.3544
    GNNExplainer                : min=+0.0000  max=+1.0000  mean=+0.8182  std=0.3857
  [WRONG  ] Graph   97 | true=0 pred=1 | nodes= 11 edges= 20
    GradExplainer               : min=-166.9054  max=+91.0967  mean=-0.3303  std=59.7980
    IntegratedGradExplainer     : min=-0.2713  max=+2.2724  mean=+0.3222  std=0.8409
    GNNExplainer                : min=+0.0000  max=+1.0000  mean=+0.7273  std=0.4454
  [WRONG  ] Graph   98 | true=0 pred=1 | nodes= 11 edges= 20
    GradExplainer               : min=-7.9376  max=+21.9641  mean=+5.4090  std=7.5205
    IntegratedGradExplainer     : min=-0.1265  max=+1.4128  mean=+0.2055  std=0.4359
    GNNExplainer                : min=+0.0000  max=+1.0000  mean=+0.5455  std=0.4979
  [CORRECT] Graph   99 | true=0 pred=0 | nodes= 11 edges= 20
    GradExplainer               : min=+0.0000  max=+0.0002  mean=+0.0001  std=0.0001
    IntegratedGradExplainer     : min=-0.1792  max=-0.0090  mean=-0.0838  std=0.0661
    GNNExplainer                : min=+0.0000  max=+1.0000  mean=+0.6364  std=0.4810
  [WRONG  ] Graph  100 | true=0 pred=1 | nodes= 11 edges= 20
    GradExplainer               : min=-15.8484  max=+42.5999  mean=+8.7487  std=16.9864
    IntegratedGradExplainer     : min=-3.1011  max=+2.6344  mean=+0.3224  std=1.4078
    GNNExplainer                : min=+0.0000  max=+1.0000  mean=+0.5455  std=0.4979
  [WRONG  ] Graph  101 | true=0 pred=1 | nodes= 11 edges= 20
    GradExplainer               : min=-154.5862  max=+40.1824  mean=-22.5951  std=45.9181
    IntegratedGradExplainer     : min=-1.4035  max=+1.7846  mean=+0.1605  std=0.7384
    GNNExplainer                : min=+0.0000  max=+1.0000  mean=+0.5455  std=0.4979
  [WRONG  ] Graph  102 | true=0 pred=1 | nodes= 11 edges= 20
    GradExplainer               : min=-59.0649  max=+177.1356  mean=+37.8604  std=72.0566
    IntegratedGradExplainer     : min=-0.7379  max=+4.2404  mean=+0.4611  std=1.3203
    GNNExplainer                : min=+0.0000  max=+1.0000  mean=+0.5455  std=0.4979
  [CORRECT] Graph  103 | true=0 pred=0 | nodes= 11 edges= 20
    GradExplainer               : min=-0.1998  max=+1.6361  mean=+0.1465  std=0.5247
    IntegratedGradExplainer     : min=-0.6301  max=+0.0482  mean=-0.0804  std=0.2068
    GNNExplainer                : min=+0.0000  max=+1.0000  mean=+0.5455  std=0.4979
  [CORRECT] Graph  104 | true=0 pred=0 | nodes= 11 edges= 20
    GradExplainer               : min=-0.0142  max=+0.0041  mean=-0.0033  std=0.0054
    IntegratedGradExplainer     : min=-0.2504  max=+0.0281  mean=-0.0885  std=0.1003
    GNNExplainer                : min=+0.0000  max=+1.0000  mean=+0.8182  std=0.3857
  [CORRECT] Graph  105 | true=1 pred=1 | nodes= 11 edges= 20
    GradExplainer               : min=-0.0025  max=+0.0015  mean=-0.0003  std=0.0009
    IntegratedGradExplainer     : min=-0.3251  max=+0.2069  mean=-0.0448  std=0.1566
    GNNExplainer                : min=+0.0000  max=+1.0000  mean=+0.9091  std=0.2875
  [CORRECT] Graph  106 | true=0 pred=0 | nodes= 11 edges= 20
    GradExplainer               : min=-1.2450  max=+1.3721  mean=+0.2156  std=0.6432
    IntegratedGradExplainer     : min=-0.8794  max=+0.3626  mean=-0.0844  std=0.2861
    GNNExplainer                : min=+0.0000  max=+1.0000  mean=+0.8182  std=0.3857
  [CORRECT] Graph  107 | true=0 pred=0 | nodes= 11 edges= 20
    GradExplainer               : min=-0.0003  max=+0.0006  mean=-0.0001  std=0.0003
    IntegratedGradExplainer     : min=-0.2542  max=+0.0217  mean=-0.0834  std=0.0767
    GNNExplainer                : min=+0.0000  max=+1.0000  mean=+0.6364  std=0.4810
  [WRONG  ] Graph  108 | true=0 pred=1 | nodes= 11 edges= 20
    GradExplainer               : min=-51.7451  max=+9.7714  mean=-7.0624  std=16.1128
    IntegratedGradExplainer     : min=-0.5351  max=+0.4723  mean=+0.0101  std=0.2434
    GNNExplainer                : min=+0.0000  max=+1.0000  mean=+0.5455  std=0.4979
  [WRONG  ] Graph  109 | true=1 pred=0 | nodes= 11 edges= 20
    GradExplainer               : min=-0.7228  max=+40.2922  mean=+7.2932  std=11.3869
    IntegratedGradExplainer     : min=-2.6411  max=+4.8365  mean=+0.5148  std=1.6777
    GNNExplainer                : min=+0.0000  max=+1.0000  mean=+0.6364  std=0.4810
  [WRONG  ] Graph  110 | true=0 pred=1 | nodes= 11 edges= 20
    GradExplainer               : min=-44.9272  max=+71.6899  mean=+8.4603  std=26.7281
    IntegratedGradExplainer     : min=-0.8766  max=+0.9041  mean=-0.0206  std=0.4203
    GNNExplainer                : min=+0.0000  max=+1.0000  mean=+0.6364  std=0.4810
  [CORRECT] Graph  111 | true=1 pred=1 | nodes= 11 edges= 20
    GradExplainer               : min=-0.1505  max=+0.1964  mean=-0.0075  std=0.0829
    IntegratedGradExplainer     : min=-0.4499  max=+0.0929  mean=-0.0520  std=0.1607
    GNNExplainer                : min=+0.0000  max=+1.0000  mean=+0.8182  std=0.3857
  [CORRECT] Graph  112 | true=0 pred=0 | nodes= 11 edges= 20
    GradExplainer               : min=-0.1753  max=+0.7095  mean=+0.1313  std=0.2460
    IntegratedGradExplainer     : min=-0.3871  max=+0.3342  mean=-0.0835  std=0.1932
    GNNExplainer                : min=+0.0000  max=+1.0000  mean=+0.8182  std=0.3857
  [CORRECT] Graph  113 | true=1 pred=1 | nodes= 11 edges= 20
    GradExplainer               : min=-1.3232  max=+3.3245  mean=-0.0443  std=1.1473
    IntegratedGradExplainer     : min=-0.2158  max=+0.1476  mean=-0.0368  std=0.1103
    GNNExplainer                : min=+0.0000  max=+1.0000  mean=+0.7273  std=0.4454
  [CORRECT] Graph  114 | true=0 pred=0 | nodes= 11 edges= 20
    GradExplainer               : min=-0.0108  max=+0.0128  mean=-0.0006  std=0.0052
    IntegratedGradExplainer     : min=-0.3487  max=+0.0415  mean=-0.0889  std=0.1162
    GNNExplainer                : min=+0.0000  max=+1.0000  mean=+0.6364  std=0.4810
  [CORRECT] Graph  115 | true=1 pred=1 | nodes= 11 edges= 20
    GradExplainer               : min=-0.0610  max=+0.0021  mean=-0.0196  std=0.0215
    IntegratedGradExplainer     : min=-0.5616  max=+0.2802  mean=-0.0521  std=0.2617
    GNNExplainer                : min=+0.0000  max=+1.0000  mean=+0.5455  std=0.4979
  [CORRECT] Graph  116 | true=0 pred=0 | nodes= 11 edges= 20
    GradExplainer               : min=-0.0282  max=+0.2208  mean=+0.0284  std=0.0721
    IntegratedGradExplainer     : min=-0.4649  max=+0.2274  mean=-0.0913  std=0.1959
    GNNExplainer                : min=+0.0000  max=+1.0000  mean=+0.6364  std=0.4810
  [CORRECT] Graph  117 | true=1 pred=1 | nodes= 11 edges= 20
    GradExplainer               : min=-0.0337  max=+3.3106  mean=+0.5802  std=0.9605
    IntegratedGradExplainer     : min=-0.1982  max=+0.0210  mean=-0.0341  std=0.0684
    GNNExplainer                : min=+0.0000  max=+1.0000  mean=+0.8182  std=0.3857
  [CORRECT] Graph  118 | true=1 pred=1 | nodes= 11 edges= 20
    GradExplainer               : min=-0.0000  max=-0.0000  mean=-0.0000  std=0.0000
    IntegratedGradExplainer     : min=-0.4564  max=+0.0682  mean=-0.0446  std=0.1372
    GNNExplainer                : min=+0.0000  max=+1.0000  mean=+0.6364  std=0.4810
  [CORRECT] Graph  119 | true=1 pred=1 | nodes= 11 edges= 20
    GradExplainer               : min=-0.0012  max=-0.0002  mean=-0.0005  std=0.0004
    IntegratedGradExplainer     : min=-0.5167  max=+0.0660  mean=-0.0447  std=0.1516
    GNNExplainer                : min=+0.0000  max=+1.0000  mean=+0.8182  std=0.3857
  [CORRECT] Graph  120 | true=0 pred=0 | nodes= 11 edges= 20
    GradExplainer               : min=-0.5277  max=+1.4913  mean=+0.1673  std=0.6499
    IntegratedGradExplainer     : min=-0.2252  max=+0.1040  mean=-0.0836  std=0.0814
    GNNExplainer                : min=+0.0000  max=+1.0000  mean=+0.8182  std=0.3857
  [WRONG  ] Graph  121 | true=0 pred=1 | nodes= 11 edges= 20
    GradExplainer               : min=-1.0900  max=+12.0420  mean=+2.5439  std=3.5985
    IntegratedGradExplainer     : min=-0.5937  max=+0.6525  mean=-0.0160  std=0.2891
    GNNExplainer                : min=+0.0000  max=+1.0000  mean=+0.6364  std=0.4810
  [WRONG  ] Graph  122 | true=0 pred=1 | nodes= 11 edges= 20
    GradExplainer               : min=-52.7715  max=+0.6197  mean=-15.6855  std=20.4874
    IntegratedGradExplainer     : min=-4.8181  max=+2.8459  mean=-0.0457  std=1.8935
    GNNExplainer                : min=+0.0000  max=+1.0000  mean=+0.6364  std=0.4810
  [WRONG  ] Graph  123 | true=0 pred=1 | nodes= 11 edges= 20
    GradExplainer               : min=-8.7784  max=+23.1595  mean=+4.1273  std=7.2784
    IntegratedGradExplainer     : min=-0.4666  max=+0.9611  mean=+0.0119  std=0.3536
    GNNExplainer                : min=+0.0000  max=+1.0000  mean=+0.7273  std=0.4454
  [CORRECT] Graph  124 | true=0 pred=0 | nodes= 11 edges= 20
    GradExplainer               : min=-0.0001  max=+0.0013  mean=+0.0003  std=0.0004
    IntegratedGradExplainer     : min=-0.2721  max=+0.0166  mean=-0.0858  std=0.0867
    GNNExplainer                : min=+0.0000  max=+1.0000  mean=+0.8182  std=0.3857
  [CORRECT] Graph  125 | true=1 pred=1 | nodes= 11 edges= 20
    GradExplainer               : min=-0.3501  max=+0.3306  mean=+0.0014  std=0.1672
    IntegratedGradExplainer     : min=-1.0502  max=+0.8924  mean=-0.0351  std=0.4472
    GNNExplainer                : min=+0.0000  max=+1.0000  mean=+0.6364  std=0.4810
  [CORRECT] Graph  126 | true=0 pred=0 | nodes= 11 edges= 20
    GradExplainer               : min=-0.0221  max=-0.0012  mean=-0.0083  std=0.0078
    IntegratedGradExplainer     : min=-0.4724  max=+0.0109  mean=-0.0882  std=0.1281
    GNNExplainer                : min=+0.0000  max=+1.0000  mean=+0.9091  std=0.2875
  [WRONG  ] Graph  127 | true=1 pred=0 | nodes= 11 edges= 20
    GradExplainer               : min=-119.7868  max=+18.5290  mean=-15.9792  std=36.2939
    IntegratedGradExplainer     : min=-0.7757  max=+2.1357  mean=+0.2211  std=0.7399
    GNNExplainer                : min=+0.0000  max=+1.0000  mean=+0.7273  std=0.4454
  [WRONG  ] Graph  128 | true=0 pred=1 | nodes= 11 edges= 20
    GradExplainer               : min=-0.8619  max=+50.0942  mean=+12.4706  std=16.2275
    IntegratedGradExplainer     : min=-1.9362  max=+10.2688  mean=+0.9447  std=3.0765
    GNNExplainer                : min=+0.0000  max=+1.0000  mean=+0.7273  std=0.4454
  [CORRECT] Graph  129 | true=0 pred=0 | nodes= 11 edges= 20
    GradExplainer               : min=-0.1686  max=+0.0528  mean=-0.0362  std=0.0667
    IntegratedGradExplainer     : min=-0.2036  max=+0.0027  mean=-0.0823  std=0.0791
    GNNExplainer                : min=+0.0000  max=+1.0000  mean=+0.4545  std=0.4979
  [CORRECT] Graph  130 | true=1 pred=1 | nodes= 11 edges= 20
    GradExplainer               : min=-0.0046  max=+0.0295  mean=+0.0035  std=0.0089
    IntegratedGradExplainer     : min=-0.3238  max=+0.2062  mean=-0.0459  std=0.1418
    GNNExplainer                : min=+0.0000  max=+1.0000  mean=+0.8182  std=0.3857
  [CORRECT] Graph  131 | true=1 pred=1 | nodes= 11 edges= 20
    GradExplainer               : min=-46.4804  max=+23.6863  mean=-9.1391  std=17.6437
    IntegratedGradExplainer     : min=-0.7834  max=+1.0557  mean=+0.0332  std=0.4911
    GNNExplainer                : min=+0.0000  max=+1.0000  mean=+0.7273  std=0.4454
  [WRONG  ] Graph  132 | true=0 pred=1 | nodes= 11 edges= 20
    GradExplainer               : min=-33.1905  max=+42.9101  mean=+8.5374  std=19.3626
    IntegratedGradExplainer     : min=-1.6798  max=+4.1824  mean=+0.3454  std=1.4386
    GNNExplainer                : min=+0.0000  max=+1.0000  mean=+0.7273  std=0.4454
  [WRONG  ] Graph  133 | true=0 pred=1 | nodes= 11 edges= 20
    GradExplainer               : min=+17.5995  max=+199.1005  mean=+71.4053  std=62.3980
    IntegratedGradExplainer     : min=-4.2326  max=+6.2872  mean=+0.6679  std=2.6769
    GNNExplainer                : min=+0.0000  max=+1.0000  mean=+0.6364  std=0.4810
  [CORRECT] Graph  134 | true=0 pred=0 | nodes= 11 edges= 20
    GradExplainer               : min=-0.4086  max=+5.1029  mean=+0.7406  std=1.5065
    IntegratedGradExplainer     : min=-0.1629  max=+0.0536  mean=-0.0781  std=0.0651
    GNNExplainer                : min=+0.0000  max=+1.0000  mean=+0.4545  std=0.4979
  [WRONG  ] Graph  135 | true=0 pred=1 | nodes= 11 edges= 20
    GradExplainer               : min=-17.5229  max=+34.7521  mean=+1.4903  std=14.6257
    IntegratedGradExplainer     : min=-1.4688  max=+3.2674  mean=+0.3328  std=1.4100
    GNNExplainer                : min=+0.0000  max=+1.0000  mean=+0.9091  std=0.2875
  [CORRECT] Graph  136 | true=1 pred=1 | nodes= 11 edges= 20
    GradExplainer               : min=-26.0459  max=-1.0577  mean=-9.4718  std=9.5741
    IntegratedGradExplainer     : min=-0.3118  max=+0.6077  mean=-0.0039  std=0.2511
    GNNExplainer                : min=+0.0000  max=+1.0000  mean=+0.5455  std=0.4979
  [CORRECT] Graph  137 | true=0 pred=0 | nodes= 11 edges= 20
    GradExplainer               : min=-3.6348  max=+4.1608  mean=-0.0934  std=1.7244
    IntegratedGradExplainer     : min=-0.3443  max=+0.5881  mean=-0.0753  std=0.2462
    GNNExplainer                : min=+0.0000  max=+1.0000  mean=+0.8182  std=0.3857
  [CORRECT] Graph  138 | true=0 pred=0 | nodes= 11 edges= 20
    GradExplainer               : min=-0.0001  max=+0.0001  mean=+0.0000  std=0.0000
    IntegratedGradExplainer     : min=-0.3658  max=-0.0215  mean=-0.0866  std=0.0974
    GNNExplainer                : min=+0.0000  max=+1.0000  mean=+0.7273  std=0.4454
  [CORRECT] Graph  139 | true=0 pred=0 | nodes= 11 edges= 20
    GradExplainer               : min=-4.2512  max=+2.2339  mean=-0.4433  std=1.5508
    IntegratedGradExplainer     : min=-0.3987  max=+0.0895  mean=-0.0802  std=0.1705
    GNNExplainer                : min=+0.0000  max=+1.0000  mean=+0.5455  std=0.4979
  [CORRECT] Graph  140 | true=0 pred=0 | nodes= 11 edges= 20
    GradExplainer               : min=-0.0677  max=+0.2037  mean=+0.0334  std=0.0680
    IntegratedGradExplainer     : min=-0.2715  max=+0.1031  mean=-0.0835  std=0.1190
    GNNExplainer                : min=+0.0000  max=+1.0000  mean=+0.9091  std=0.2875
  [CORRECT] Graph  141 | true=0 pred=0 | nodes= 11 edges= 20
    GradExplainer               : min=-1.4309  max=+0.2265  mean=-0.3231  std=0.4348
    IntegratedGradExplainer     : min=-0.2370  max=+0.0014  mean=-0.0814  std=0.0744
    GNNExplainer                : min=+0.0000  max=+1.0000  mean=+0.7273  std=0.4454
  [CORRECT] Graph  142 | true=0 pred=0 | nodes= 11 edges= 20
    GradExplainer               : min=-0.1424  max=+0.0804  mean=-0.0122  std=0.0555
    IntegratedGradExplainer     : min=-0.3907  max=+0.1734  mean=-0.0842  std=0.1370
    GNNExplainer                : min=+0.0000  max=+1.0000  mean=+0.4545  std=0.4979
  [CORRECT] Graph  143 | true=0 pred=0 | nodes= 11 edges= 20
    GradExplainer               : min=-4.8801  max=+9.3144  mean=+1.0499  std=3.4092
    IntegratedGradExplainer     : min=-0.2449  max=+0.0707  mean=-0.0765  std=0.0875
    GNNExplainer                : min=+0.0000  max=+1.0000  mean=+0.6364  std=0.4810
  [CORRECT] Graph  144 | true=1 pred=1 | nodes= 11 edges= 20
    GradExplainer               : min=-0.6294  max=+0.1925  mean=-0.1664  std=0.2457
    IntegratedGradExplainer     : min=-0.6474  max=+0.4642  mean=-0.0329  std=0.3066
    GNNExplainer                : min=+0.0000  max=+1.0000  mean=+0.9091  std=0.2875
  [CORRECT] Graph  145 | true=0 pred=0 | nodes= 11 edges= 20
    GradExplainer               : min=-7.4028  max=+18.3023  mean=+0.8431  std=6.2586
    IntegratedGradExplainer     : min=-0.3717  max=+0.1792  mean=-0.0581  std=0.1244
    GNNExplainer                : min=+0.0000  max=+1.0000  mean=+0.3636  std=0.4810
  [WRONG  ] Graph  146 | true=0 pred=1 | nodes= 11 edges= 20
    GradExplainer               : min=-32.2056  max=+167.0848  mean=+23.5608  std=49.6951
    IntegratedGradExplainer     : min=-0.5158  max=+4.0459  mean=+0.7687  std=1.4254
    GNNExplainer                : min=+0.0000  max=+1.0000  mean=+0.6364  std=0.4810
  [WRONG  ] Graph  147 | true=0 pred=1 | nodes= 11 edges= 20
    GradExplainer               : min=-34.0232  max=+100.7891  mean=+24.2548  std=34.8297
    IntegratedGradExplainer     : min=-0.5860  max=+3.2018  mean=+0.7495  std=1.1954
    GNNExplainer                : min=+0.0000  max=+1.0000  mean=+0.6364  std=0.4810
  [WRONG  ] Graph  148 | true=0 pred=1 | nodes= 11 edges= 20
    GradExplainer               : min=-77.3519  max=+6.0523  mean=-13.8807  std=24.4447
    IntegratedGradExplainer     : min=-5.1804  max=+4.5638  mean=+0.2913  std=2.1109
    GNNExplainer                : min=+0.0000  max=+1.0000  mean=+0.7273  std=0.4454
  [CORRECT] Graph  149 | true=1 pred=1 | nodes= 11 edges= 20
    GradExplainer               : min=-15.7531  max=+11.7690  mean=+1.5481  std=6.9586
    IntegratedGradExplainer     : min=-2.2548  max=+3.5788  mean=-0.0081  std=1.4227
    GNNExplainer                : min=+0.0000  max=+1.0000  mean=+0.4545  std=0.4979
  [WRONG  ] Graph  150 | true=1 pred=0 | nodes= 11 edges= 20
    GradExplainer               : min=-68.8641  max=-1.7479  mean=-25.2188  std=20.9957
    IntegratedGradExplainer     : min=-0.0984  max=+2.7839  mean=+0.8011  std=0.9663
    GNNExplainer                : min=+0.0000  max=+1.0000  mean=+0.6364  std=0.4810
  [WRONG  ] Graph  151 | true=0 pred=1 | nodes= 11 edges= 20
    GradExplainer               : min=-4.7796  max=+25.9453  mean=+4.1104  std=9.3042
    IntegratedGradExplainer     : min=-0.9032  max=+3.4317  mean=+0.3738  std=1.0422
    GNNExplainer                : min=+0.0000  max=+1.0000  mean=+0.6364  std=0.4810
  [WRONG  ] Graph  152 | true=0 pred=1 | nodes= 11 edges= 20
    GradExplainer               : min=-9.5837  max=+74.2900  mean=+13.4107  std=22.5330
    IntegratedGradExplainer     : min=-0.7798  max=+1.4476  mean=+0.1411  std=0.6314
    GNNExplainer                : min=+0.0000  max=+1.0000  mean=+0.6364  std=0.4810
  [CORRECT] Graph  153 | true=0 pred=0 | nodes= 11 edges= 20
    GradExplainer               : min=-0.0003  max=+0.0006  mean=+0.0000  std=0.0003
    IntegratedGradExplainer     : min=-0.6128  max=+0.4270  mean=-0.0844  std=0.2593
    GNNExplainer                : min=+0.0000  max=+1.0000  mean=+0.7273  std=0.4454
  [WRONG  ] Graph  154 | true=0 pred=1 | nodes= 11 edges= 20
    GradExplainer               : min=-23.8053  max=+6.7286  mean=-2.9600  std=9.1341
    IntegratedGradExplainer     : min=-3.2545  max=+3.1367  mean=+0.2702  std=1.6304
    GNNExplainer                : min=+0.0000  max=+1.0000  mean=+0.5455  std=0.4979
  [WRONG  ] Graph  155 | true=0 pred=1 | nodes= 11 edges= 20
    GradExplainer               : min=-1.4598  max=+4.5170  mean=+0.6899  std=1.7763
    IntegratedGradExplainer     : min=-4.7182  max=+2.0601  mean=-0.0535  std=1.6166
    GNNExplainer                : min=+0.0000  max=+1.0000  mean=+0.4545  std=0.4979
  [CORRECT] Graph  156 | true=1 pred=1 | nodes= 11 edges= 20
    GradExplainer               : min=-0.0895  max=+0.1433  mean=+0.0262  std=0.0539
    IntegratedGradExplainer     : min=-0.8170  max=+0.1507  mean=-0.0372  std=0.2522
    GNNExplainer                : min=+0.0000  max=+1.0000  mean=+0.9091  std=0.2875
  [CORRECT] Graph  157 | true=1 pred=1 | nodes= 11 edges= 20
    GradExplainer               : min=-0.0006  max=+0.0003  mean=-0.0001  std=0.0002
    IntegratedGradExplainer     : min=-0.4848  max=+0.5454  mean=-0.0434  std=0.2285
    GNNExplainer                : min=+0.0000  max=+1.0000  mean=+0.8182  std=0.3857
  [WRONG  ] Graph  158 | true=1 pred=0 | nodes= 11 edges= 20
    GradExplainer               : min=-88.6652  max=-5.9291  mean=-28.7985  std=30.0206
    IntegratedGradExplainer     : min=-0.4997  max=+3.6165  mean=+0.6000  std=1.0803
    GNNExplainer                : min=+0.0000  max=+1.0000  mean=+0.8182  std=0.3857
  [CORRECT] Graph  159 | true=1 pred=1 | nodes= 11 edges= 20
    GradExplainer               : min=-11.1036  max=+0.7321  mean=-2.8161  std=3.4265
    IntegratedGradExplainer     : min=-3.7293  max=+6.8922  mean=-0.0176  std=2.5836
    GNNExplainer                : min=+0.0000  max=+1.0000  mean=+0.6364  std=0.4810
  [CORRECT] Graph  160 | true=1 pred=1 | nodes= 11 edges= 20
    GradExplainer               : min=-0.0166  max=+0.0411  mean=+0.0029  std=0.0136
    IntegratedGradExplainer     : min=-0.7049  max=+0.4412  mean=-0.0378  std=0.2816
    GNNExplainer                : min=+0.0000  max=+1.0000  mean=+0.4545  std=0.4979
  [CORRECT] Graph  161 | true=1 pred=1 | nodes= 11 edges= 20
    GradExplainer               : min=-0.6742  max=+1.0507  mean=+0.0134  std=0.3907
    IntegratedGradExplainer     : min=-1.6435  max=+1.4388  mean=-0.0473  std=0.7043
    GNNExplainer                : min=+0.0000  max=+1.0000  mean=+0.4545  std=0.4979
  [WRONG  ] Graph  162 | true=1 pred=0 | nodes= 11 edges= 20
    GradExplainer               : min=-194.5692  max=+1.5816  mean=-31.5570  std=56.7154
    IntegratedGradExplainer     : min=+0.0005  max=+3.3737  mean=+0.6719  std=0.8869
    GNNExplainer                : min=+0.0000  max=+1.0000  mean=+0.6364  std=0.4810
  [CORRECT] Graph  163 | true=1 pred=1 | nodes= 11 edges= 20
    GradExplainer               : min=-20.2397  max=+2.5229  mean=-5.2905  std=6.8036
    IntegratedGradExplainer     : min=-0.8668  max=+0.4975  mean=-0.0371  std=0.3096
    GNNExplainer                : min=+0.0000  max=+1.0000  mean=+0.5455  std=0.4979
  [WRONG  ] Graph  164 | true=1 pred=0 | nodes= 11 edges= 20
    GradExplainer               : min=-16.9175  max=+122.2209  mean=+14.5173  std=36.6173
    IntegratedGradExplainer     : min=-0.2154  max=+4.7810  mean=+1.1565  std=1.4194
    GNNExplainer                : min=+0.0000  max=+1.0000  mean=+0.6364  std=0.4810
  [CORRECT] Graph  165 | true=1 pred=1 | nodes= 11 edges= 20
    GradExplainer               : min=-4.6070  max=+0.2930  mean=-0.9263  std=1.4061
    IntegratedGradExplainer     : min=-0.2967  max=+0.0765  mean=-0.0467  std=0.1159
    GNNExplainer                : min=+0.0000  max=+1.0000  mean=+0.8182  std=0.3857
  [CORRECT] Graph  166 | true=1 pred=1 | nodes= 11 edges= 20
    GradExplainer               : min=-30.2945  max=+11.9898  mean=-3.6659  std=11.0546
    IntegratedGradExplainer     : min=-0.9047  max=+1.1348  mean=+0.0297  std=0.4878
    GNNExplainer                : min=+0.0000  max=+1.0000  mean=+0.5455  std=0.4979
  [WRONG  ] Graph  167 | true=0 pred=1 | nodes= 11 edges= 20
    GradExplainer               : min=-89.9086  max=+95.3142  mean=+7.4631  std=41.3083
    IntegratedGradExplainer     : min=-4.5749  max=+2.9098  mean=+0.1764  std=1.8253
    GNNExplainer                : min=+0.0000  max=+1.0000  mean=+0.7273  std=0.4454
  [WRONG  ] Graph  168 | true=1 pred=0 | nodes= 11 edges= 20
    GradExplainer               : min=-271.2970  max=-8.2443  mean=-58.0964  std=77.9931
    IntegratedGradExplainer     : min=-0.5435  max=+2.1959  mean=+0.2709  std=0.8976
    GNNExplainer                : min=+0.0000  max=+1.0000  mean=+0.8182  std=0.3857
  [CORRECT] Graph  169 | true=1 pred=1 | nodes= 11 edges= 20
    GradExplainer               : min=-17.5745  max=-0.1041  mean=-3.2972  std=5.0057
    IntegratedGradExplainer     : min=-0.4118  max=+0.0831  mean=-0.0288  std=0.1352
    GNNExplainer                : min=+0.0000  max=+1.0000  mean=+0.6364  std=0.4810
  [CORRECT] Graph  170 | true=1 pred=1 | nodes= 11 edges= 20
    GradExplainer               : min=-0.2461  max=-0.0126  mean=-0.0837  std=0.0791
    IntegratedGradExplainer     : min=-0.8114  max=+1.1625  mean=-0.0527  std=0.4760
    GNNExplainer                : min=+0.0000  max=+1.0000  mean=+0.8182  std=0.3857
  [CORRECT] Graph  171 | true=0 pred=0 | nodes= 11 edges= 20
    GradExplainer               : min=-0.0039  max=+0.0040  mean=+0.0002  std=0.0018
    IntegratedGradExplainer     : min=-0.2798  max=+0.0484  mean=-0.0868  std=0.0816
    GNNExplainer                : min=+0.0000  max=+1.0000  mean=+0.4545  std=0.4979
  [CORRECT] Graph  172 | true=1 pred=1 | nodes= 11 edges= 20
    GradExplainer               : min=-0.0012  max=+0.0004  mean=-0.0001  std=0.0004
    IntegratedGradExplainer     : min=-0.7111  max=+0.1755  mean=-0.0370  std=0.2307
    GNNExplainer                : min=+0.0000  max=+1.0000  mean=+0.5455  std=0.4979
  [CORRECT] Graph  173 | true=1 pred=1 | nodes= 11 edges= 20
    GradExplainer               : min=-1.3663  max=-0.0108  mean=-0.2808  std=0.3746
    IntegratedGradExplainer     : min=-0.2914  max=+0.0429  mean=-0.0464  std=0.0906
    GNNExplainer                : min=+0.0000  max=+1.0000  mean=+0.5455  std=0.4979
  [WRONG  ] Graph  174 | true=0 pred=1 | nodes= 11 edges= 20
    GradExplainer               : min=-12.7898  max=+8.6138  mean=-0.6473  std=4.6469
    IntegratedGradExplainer     : min=-0.4119  max=+0.2648  mean=-0.0481  std=0.1590
    GNNExplainer                : min=+0.0000  max=+1.0000  mean=+0.7273  std=0.4454
  [WRONG  ] Graph  175 | true=1 pred=0 | nodes= 11 edges= 20
    GradExplainer               : min=-69.5618  max=+75.5539  mean=+7.4822  std=32.9682
    IntegratedGradExplainer     : min=-1.1647  max=+0.8495  mean=+0.1624  std=0.5237
    GNNExplainer                : min=+0.0000  max=+1.0000  mean=+0.5455  std=0.4979
  [CORRECT] Graph  176 | true=0 pred=0 | nodes= 11 edges= 20
    GradExplainer               : min=-0.0000  max=+0.0000  mean=+0.0000  std=0.0000
    IntegratedGradExplainer     : min=-0.5436  max=+0.0451  mean=-0.0797  std=0.1518
    GNNExplainer                : min=+0.0000  max=+1.0000  mean=+0.6364  std=0.4810
  [CORRECT] Graph  177 | true=0 pred=0 | nodes= 11 edges= 20
    GradExplainer               : min=-0.0214  max=+0.0215  mean=-0.0006  std=0.0101
    IntegratedGradExplainer     : min=-0.3052  max=+0.0495  mean=-0.0868  std=0.1250
    GNNExplainer                : min=+0.0000  max=+1.0000  mean=+0.3636  std=0.4810
  [CORRECT] Graph  178 | true=0 pred=0 | nodes= 11 edges= 20
    GradExplainer               : min=-0.2639  max=+0.7944  mean=+0.0914  std=0.2518
    IntegratedGradExplainer     : min=-0.3802  max=+0.0117  mean=-0.0836  std=0.1030
    GNNExplainer                : min=+0.0000  max=+1.0000  mean=+0.7273  std=0.4454
  [CORRECT] Graph  179 | true=1 pred=1 | nodes= 11 edges= 20
    GradExplainer               : min=-0.1337  max=+0.2084  mean=+0.0193  std=0.1019
    IntegratedGradExplainer     : min=-0.2741  max=+0.0006  mean=-0.0447  std=0.0849
    GNNExplainer                : min=+0.0000  max=+1.0000  mean=+0.8182  std=0.3857
  [WRONG  ] Graph  180 | true=1 pred=0 | nodes= 11 edges= 20
    GradExplainer               : min=-74.7292  max=+15.0245  mean=-13.5158  std=23.6363
    IntegratedGradExplainer     : min=-0.9629  max=+3.7355  mean=+0.2653  std=1.1721
    GNNExplainer                : min=+0.0000  max=+1.0000  mean=+0.8182  std=0.3857
  [CORRECT] Graph  181 | true=0 pred=0 | nodes= 11 edges= 20
    GradExplainer               : min=-0.0535  max=+0.0232  mean=-0.0066  std=0.0178
    IntegratedGradExplainer     : min=-0.1958  max=-0.0092  mean=-0.0846  std=0.0590
    GNNExplainer                : min=+0.0000  max=+1.0000  mean=+0.7273  std=0.4454
  [CORRECT] Graph  182 | true=0 pred=0 | nodes= 11 edges= 20
    GradExplainer               : min=-0.0221  max=+0.0316  mean=+0.0112  std=0.0140
    IntegratedGradExplainer     : min=-0.4259  max=+0.1293  mean=-0.0907  std=0.1852
    GNNExplainer                : min=+0.0000  max=+1.0000  mean=+0.8182  std=0.3857
  [CORRECT] Graph  183 | true=1 pred=1 | nodes= 11 edges= 20
    GradExplainer               : min=-0.0178  max=+0.0171  mean=-0.0020  std=0.0081
    IntegratedGradExplainer     : min=-0.4567  max=+0.1703  mean=-0.0457  std=0.1561
    GNNExplainer                : min=+0.0000  max=+1.0000  mean=+0.6364  std=0.4810
  [WRONG  ] Graph  184 | true=0 pred=1 | nodes= 11 edges= 20
    GradExplainer               : min=-71.5255  max=+140.3255  mean=+6.2685  std=50.3590
    IntegratedGradExplainer     : min=-2.6094  max=+3.2796  mean=+0.2054  std=1.4768
    GNNExplainer                : min=+0.0000  max=+1.0000  mean=+0.4545  std=0.4979
  [CORRECT] Graph  185 | true=0 pred=0 | nodes= 11 edges= 20
    GradExplainer               : min=-0.0015  max=+0.0011  mean=+0.0001  std=0.0007
    IntegratedGradExplainer     : min=-0.4583  max=+0.0200  mean=-0.0865  std=0.1471
    GNNExplainer                : min=+0.0000  max=+1.0000  mean=+0.6364  std=0.4810
  [CORRECT] Graph  186 | true=0 pred=0 | nodes= 11 edges= 20
    GradExplainer               : min=-0.0228  max=+0.0063  mean=-0.0040  std=0.0075
    IntegratedGradExplainer     : min=-0.2440  max=+0.0127  mean=-0.0877  std=0.0803
    GNNExplainer                : min=+0.0000  max=+1.0000  mean=+0.3636  std=0.4810
  [CORRECT] Graph  187 | true=1 pred=1 | nodes= 11 edges= 20
    GradExplainer               : min=-0.0089  max=+0.0080  mean=-0.0015  std=0.0042
    IntegratedGradExplainer     : min=-0.3133  max=+0.2013  mean=-0.0458  std=0.1452
    GNNExplainer                : min=+0.0000  max=+1.0000  mean=+0.6364  std=0.4810
  [CORRECT] Graph  188 | true=1 pred=1 | nodes= 11 edges= 20
    GradExplainer               : min=-94.5692  max=+33.4498  mean=-5.4582  std=32.4368
    IntegratedGradExplainer     : min=-2.0851  max=+1.0362  mean=+0.0424  std=0.8656
    GNNExplainer                : min=+0.0000  max=+1.0000  mean=+0.7273  std=0.4454
  [CORRECT] Graph  189 | true=0 pred=0 | nodes= 11 edges= 20
    GradExplainer               : min=-0.4917  max=+0.2574  mean=-0.0288  std=0.1694
    IntegratedGradExplainer     : min=-0.2970  max=-0.0161  mean=-0.0870  std=0.0826
    GNNExplainer                : min=+0.0000  max=+1.0000  mean=+0.6364  std=0.4810
  [CORRECT] Graph  190 | true=1 pred=1 | nodes= 11 edges= 20
    GradExplainer               : min=-0.0533  max=+0.0073  mean=-0.0198  std=0.0216
    IntegratedGradExplainer     : min=-0.1733  max=+0.0387  mean=-0.0433  std=0.0604
    GNNExplainer                : min=+0.0000  max=+1.0000  mean=+0.5455  std=0.4979
  [CORRECT] Graph  191 | true=0 pred=0 | nodes= 11 edges= 20
    GradExplainer               : min=-0.0001  max=+0.0004  mean=+0.0001  std=0.0001
    IntegratedGradExplainer     : min=-0.5126  max=+0.0072  mean=-0.0862  std=0.1448
    GNNExplainer                : min=+0.0000  max=+1.0000  mean=+0.8182  std=0.3857
  [WRONG  ] Graph  192 | true=0 pred=1 | nodes= 11 edges= 20
    GradExplainer               : min=+3.1254  max=+37.7818  mean=+11.7341  std=11.7477
    IntegratedGradExplainer     : min=-0.8751  max=+0.8245  mean=-0.0538  std=0.5024
    GNNExplainer                : min=+0.0000  max=+1.0000  mean=+0.7273  std=0.4454
  [CORRECT] Graph  193 | true=1 pred=1 | nodes= 11 edges= 20
    GradExplainer               : min=-1.3522  max=+3.0366  mean=+0.3192  std=1.2007
    IntegratedGradExplainer     : min=-0.5301  max=+0.1541  mean=-0.0436  std=0.1688
    GNNExplainer                : min=+0.0000  max=+1.0000  mean=+0.5455  std=0.4979
  [WRONG  ] Graph  194 | true=0 pred=1 | nodes= 11 edges= 20
    GradExplainer               : min=-128.7345  max=+87.4563  mean=-10.5215  std=51.1135
    IntegratedGradExplainer     : min=-1.0807  max=+0.9338  mean=-0.0041  std=0.5132
    GNNExplainer                : min=+0.0000  max=+1.0000  mean=+0.9091  std=0.2875
  [CORRECT] Graph  195 | true=0 pred=0 | nodes= 11 edges= 20
    GradExplainer               : min=-0.1557  max=+0.8700  mean=+0.2778  std=0.3063
    IntegratedGradExplainer     : min=-0.6768  max=+0.5201  mean=-0.0913  std=0.2825
    GNNExplainer                : min=+0.0000  max=+1.0000  mean=+0.8182  std=0.3857
  [WRONG  ] Graph  196 | true=0 pred=1 | nodes= 11 edges= 20
    GradExplainer               : min=-19.2560  max=+91.7518  mean=+19.6752  std=32.2599
    IntegratedGradExplainer     : min=-2.1361  max=+3.9927  mean=+0.6387  std=1.7583
    GNNExplainer                : min=+0.0000  max=+1.0000  mean=+0.7273  std=0.4454
  [CORRECT] Graph  197 | true=1 pred=1 | nodes= 11 edges= 20
    GradExplainer               : min=-11.2800  max=+7.4783  mean=-2.8855  std=5.3133
    IntegratedGradExplainer     : min=-1.8644  max=+1.1667  mean=-0.0218  std=0.7118
    GNNExplainer                : min=+0.0000  max=+1.0000  mean=+0.9091  std=0.2875
  [CORRECT] Graph  198 | true=0 pred=0 | nodes= 11 edges= 20
    GradExplainer               : min=-87.2811  max=+7.4808  mean=-12.3707  std=25.5866
    IntegratedGradExplainer     : min=-0.9799  max=+0.2571  mean=-0.0668  std=0.3198
    GNNExplainer                : min=+0.0000  max=+1.0000  mean=+0.5455  std=0.4979
  [CORRECT] Graph  199 | true=0 pred=0 | nodes= 11 edges= 20
    GradExplainer               : min=-3.7078  max=+7.3272  mean=+0.8880  std=2.9463
    IntegratedGradExplainer     : min=-0.2891  max=+0.0699  mean=-0.0789  std=0.1043
    GNNExplainer                : min=+1.0000  max=+1.0000  mean=+1.0000  std=0.0000
  [CORRECT] Graph  200 | true=0 pred=0 | nodes= 11 edges= 20
    GradExplainer               : min=-0.0000  max=+0.0499  mean=+0.0114  std=0.0159
    IntegratedGradExplainer     : min=-0.5334  max=+0.0136  mean=-0.0897  std=0.1469
    GNNExplainer                : min=+0.0000  max=+1.0000  mean=+0.6364  std=0.4810
  [WRONG  ] Graph  201 | true=0 pred=1 | nodes= 11 edges= 20
    GradExplainer               : min=+0.9876  max=+33.0501  mean=+8.3057  std=9.9003
    IntegratedGradExplainer     : min=-0.7041  max=+0.6057  mean=-0.0112  std=0.3097
    GNNExplainer                : min=+0.0000  max=+1.0000  mean=+0.5455  std=0.4979
  [WRONG  ] Graph  202 | true=0 pred=1 | nodes= 11 edges= 20
    GradExplainer               : min=-15.6825  max=+18.5448  mean=-7.0758  std=9.0337
    IntegratedGradExplainer     : min=-0.6034  max=+0.7102  mean=+0.0200  std=0.3042
    GNNExplainer                : min=+0.0000  max=+1.0000  mean=+0.5455  std=0.4979
  [CORRECT] Graph  203 | true=1 pred=1 | nodes= 11 edges= 20
    GradExplainer               : min=-32.6471  max=+57.6477  mean=+5.1167  std=22.1788
    IntegratedGradExplainer     : min=-2.3064  max=+2.6564  mean=+0.0257  std=1.2693
    GNNExplainer                : min=+0.0000  max=+1.0000  mean=+0.4545  std=0.4979
  [CORRECT] Graph  204 | true=0 pred=0 | nodes= 11 edges= 20
    GradExplainer               : min=-0.4404  max=+0.9691  mean=+0.3041  std=0.4295
    IntegratedGradExplainer     : min=-0.3136  max=+0.0441  mean=-0.0827  std=0.0987
    GNNExplainer                : min=+0.0000  max=+1.0000  mean=+0.5455  std=0.4979
  [CORRECT] Graph  205 | true=0 pred=0 | nodes= 11 edges= 20
    GradExplainer               : min=-0.0120  max=+0.0817  mean=+0.0240  std=0.0296
    IntegratedGradExplainer     : min=-0.2676  max=+0.0381  mean=-0.0866  std=0.0816
    GNNExplainer                : min=+0.0000  max=+1.0000  mean=+0.9091  std=0.2875
  [CORRECT] Graph  206 | true=0 pred=0 | nodes= 11 edges= 20
    GradExplainer               : min=-0.0286  max=+0.3191  mean=+0.0632  std=0.1093
    IntegratedGradExplainer     : min=-0.3586  max=+0.0095  mean=-0.0841  std=0.1219
    GNNExplainer                : min=+0.0000  max=+1.0000  mean=+0.7273  std=0.4454
  [CORRECT] Graph  207 | true=0 pred=0 | nodes= 11 edges= 20
    GradExplainer               : min=-0.7861  max=-0.0282  mean=-0.2746  std=0.2498
    IntegratedGradExplainer     : min=-2.4495  max=+5.8256  mean=-0.0691  std=2.0171
    GNNExplainer                : min=+0.0000  max=+1.0000  mean=+0.6364  std=0.4810
  [CORRECT] Graph  208 | true=1 pred=1 | nodes= 11 edges= 20
    GradExplainer               : min=-1.8140  max=-0.0049  mean=-0.6516  std=0.6297
    IntegratedGradExplainer     : min=-1.2381  max=+0.7933  mean=-0.0297  std=0.4756
    GNNExplainer                : min=+0.0000  max=+1.0000  mean=+0.6364  std=0.4810
  [CORRECT] Graph  209 | true=0 pred=0 | nodes= 11 edges= 20
    GradExplainer               : min=-0.0138  max=+0.0140  mean=+0.0032  std=0.0075
    IntegratedGradExplainer     : min=-0.4479  max=+0.1505  mean=-0.0865  std=0.1533
    GNNExplainer                : min=+0.0000  max=+1.0000  mean=+0.6364  std=0.4810
  [CORRECT] Graph  210 | true=0 pred=0 | nodes= 11 edges= 20
    GradExplainer               : min=-0.0017  max=+0.0128  mean=+0.0017  std=0.0038
    IntegratedGradExplainer     : min=-0.2036  max=+0.0087  mean=-0.0817  std=0.0707
    GNNExplainer                : min=+0.0000  max=+1.0000  mean=+0.5455  std=0.4979
  [WRONG  ] Graph  211 | true=1 pred=0 | nodes= 11 edges= 20
    GradExplainer               : min=-66.2009  max=+54.6918  mean=-1.1600  std=27.4420
    IntegratedGradExplainer     : min=-1.9460  max=+3.1160  mean=+0.3279  std=1.1383
    GNNExplainer                : min=+0.0000  max=+1.0000  mean=+0.3636  std=0.4810
  [CORRECT] Graph  212 | true=0 pred=0 | nodes= 11 edges= 20
    GradExplainer               : min=-0.0016  max=+0.0031  mean=+0.0004  std=0.0012
    IntegratedGradExplainer     : min=-0.3104  max=+0.0403  mean=-0.0860  std=0.1017
    GNNExplainer                : min=+0.0000  max=+1.0000  mean=+0.6364  std=0.4810
  [CORRECT] Graph  213 | true=0 pred=0 | nodes= 11 edges= 20
    GradExplainer               : min=-1.3381  max=+1.5448  mean=-0.0776  std=0.6972
    IntegratedGradExplainer     : min=-0.4077  max=+0.5080  mean=-0.0715  std=0.2139
    GNNExplainer                : min=+0.0000  max=+1.0000  mean=+0.7273  std=0.4454
  [CORRECT] Graph  214 | true=0 pred=0 | nodes= 11 edges= 20
    GradExplainer               : min=-0.0016  max=+0.0020  mean=+0.0000  std=0.0008
    IntegratedGradExplainer     : min=-0.3902  max=-0.0062  mean=-0.0838  std=0.1123
    GNNExplainer                : min=+0.0000  max=+1.0000  mean=+0.8182  std=0.3857
  [CORRECT] Graph  215 | true=0 pred=0 | nodes= 11 edges= 20
    GradExplainer               : min=-0.7884  max=+0.6674  mean=-0.1167  std=0.3390
    IntegratedGradExplainer     : min=-0.2225  max=+0.0260  mean=-0.0886  std=0.0850
    GNNExplainer                : min=+0.0000  max=+1.0000  mean=+0.8182  std=0.3857
  [CORRECT] Graph  216 | true=1 pred=1 | nodes= 11 edges= 20
    GradExplainer               : min=-16.3650  max=+17.8588  mean=+3.9371  std=9.2421
    IntegratedGradExplainer     : min=-3.8250  max=+5.2089  mean=+0.0547  std=2.2664
    GNNExplainer                : min=+0.0000  max=+1.0000  mean=+0.6364  std=0.4810
  [CORRECT] Graph  217 | true=1 pred=1 | nodes= 11 edges= 20
    GradExplainer               : min=-0.0065  max=+0.0019  mean=-0.0020  std=0.0025
    IntegratedGradExplainer     : min=-0.2945  max=+0.1076  mean=-0.0428  std=0.1242
    GNNExplainer                : min=+0.0000  max=+1.0000  mean=+0.9091  std=0.2875
  [CORRECT] Graph  218 | true=0 pred=0 | nodes= 11 edges= 20
    GradExplainer               : min=-4.8109  max=+11.6218  mean=-0.2641  std=4.1457
    IntegratedGradExplainer     : min=-0.1551  max=+0.0005  mean=-0.0740  std=0.0520
    GNNExplainer                : min=+0.0000  max=+1.0000  mean=+0.9091  std=0.2875
  [WRONG  ] Graph  219 | true=0 pred=1 | nodes= 11 edges= 20
    GradExplainer               : min=-13.2522  max=+57.4176  mean=+21.5607  std=23.3712
    IntegratedGradExplainer     : min=-0.4938  max=+4.3806  mean=+0.8108  std=1.5968
    GNNExplainer                : min=+0.0000  max=+1.0000  mean=+0.7273  std=0.4454
  [CORRECT] Graph  220 | true=0 pred=0 | nodes= 11 edges= 20
    GradExplainer               : min=-0.0000  max=+0.0001  mean=+0.0000  std=0.0000
    IntegratedGradExplainer     : min=-0.6348  max=+0.0436  mean=-0.0805  std=0.1791
    GNNExplainer                : min=+0.0000  max=+1.0000  mean=+0.7273  std=0.4454
  [CORRECT] Graph  221 | true=0 pred=0 | nodes= 11 edges= 20
    GradExplainer               : min=-0.0001  max=+0.0000  mean=-0.0000  std=0.0000
    IntegratedGradExplainer     : min=-0.3016  max=+0.0087  mean=-0.0879  std=0.0912
    GNNExplainer                : min=+0.0000  max=+1.0000  mean=+0.7273  std=0.4454
  [CORRECT] Graph  222 | true=0 pred=0 | nodes= 11 edges= 20
    GradExplainer               : min=-0.0920  max=+0.1703  mean=+0.0134  std=0.0577
    IntegratedGradExplainer     : min=-0.2071  max=+0.0746  mean=-0.0824  std=0.0687
    GNNExplainer                : min=+0.0000  max=+1.0000  mean=+0.6364  std=0.4810
  [CORRECT] Graph  223 | true=0 pred=0 | nodes= 11 edges= 20
    GradExplainer               : min=-4.8467  max=+9.8434  mean=+0.3119  std=3.3579
    IntegratedGradExplainer     : min=-0.4525  max=+0.5592  mean=-0.0835  std=0.2403
    GNNExplainer                : min=+0.0000  max=+1.0000  mean=+0.9091  std=0.2875
  [CORRECT] Graph  224 | true=1 pred=1 | nodes= 11 edges= 20
    GradExplainer               : min=-0.0000  max=+0.0000  mean=+0.0000  std=0.0000
    IntegratedGradExplainer     : min=-0.2612  max=+0.0473  mean=-0.0424  std=0.0766
    GNNExplainer                : min=+0.0000  max=+1.0000  mean=+0.9091  std=0.2875
  [CORRECT] Graph  225 | true=1 pred=1 | nodes= 11 edges= 20
    GradExplainer               : min=-0.1204  max=+0.1726  mean=-0.0031  std=0.0701
    IntegratedGradExplainer     : min=-1.5151  max=+0.4628  mean=-0.0376  std=0.4936
    GNNExplainer                : min=+0.0000  max=+1.0000  mean=+0.5455  std=0.4979
  [WRONG  ] Graph  226 | true=0 pred=1 | nodes= 11 edges= 20
    GradExplainer               : min=-47.8354  max=+14.6835  mean=-4.7029  std=15.1714
    IntegratedGradExplainer     : min=-3.0303  max=+3.8822  mean=+0.0702  std=1.5702
    GNNExplainer                : min=+0.0000  max=+1.0000  mean=+0.7273  std=0.4454
  [CORRECT] Graph  227 | true=1 pred=1 | nodes= 11 edges= 20
    GradExplainer               : min=-0.0883  max=+0.1206  mean=+0.0003  std=0.0457
    IntegratedGradExplainer     : min=-0.4332  max=+0.0736  mean=-0.0561  std=0.1531
    GNNExplainer                : min=+0.0000  max=+1.0000  mean=+0.7273  std=0.4454
  [CORRECT] Graph  228 | true=1 pred=1 | nodes= 11 edges= 20
    GradExplainer               : min=-21.3270  max=+11.3063  mean=-1.7318  std=7.3327
    IntegratedGradExplainer     : min=-0.9852  max=+0.9860  mean=-0.0075  std=0.5411
    GNNExplainer                : min=+0.0000  max=+1.0000  mean=+0.7273  std=0.4454
  [CORRECT] Graph  229 | true=1 pred=1 | nodes= 11 edges= 20
    GradExplainer               : min=-1.1899  max=+1.6737  mean=-0.0535  std=0.6494
    IntegratedGradExplainer     : min=-0.6486  max=+0.3321  mean=-0.0407  std=0.2523
    GNNExplainer                : min=+0.0000  max=+1.0000  mean=+0.8182  std=0.3857
  [CORRECT] Graph  230 | true=0 pred=0 | nodes= 11 edges= 20
    GradExplainer               : min=-0.0066  max=+0.0115  mean=+0.0005  std=0.0043
    IntegratedGradExplainer     : min=-0.5761  max=+0.0831  mean=-0.0882  std=0.1788
    GNNExplainer                : min=+0.0000  max=+1.0000  mean=+0.9091  std=0.2875
  [WRONG  ] Graph  231 | true=0 pred=1 | nodes= 11 edges= 20
    GradExplainer               : min=-26.8636  max=+20.1814  mean=+4.3905  std=11.3596
    IntegratedGradExplainer     : min=-2.4537  max=+3.4790  mean=+0.6982  std=1.6128
    GNNExplainer                : min=+0.0000  max=+1.0000  mean=+0.7273  std=0.4454
  [CORRECT] Graph  232 | true=0 pred=0 | nodes= 11 edges= 20
    GradExplainer               : min=+0.0621  max=+1.8485  mean=+0.6479  std=0.6441
    IntegratedGradExplainer     : min=-0.2595  max=+0.0472  mean=-0.0793  std=0.0773
    GNNExplainer                : min=+0.0000  max=+1.0000  mean=+0.4545  std=0.4979
  [CORRECT] Graph  233 | true=0 pred=0 | nodes= 11 edges= 20
    GradExplainer               : min=-0.3178  max=+1.1378  mean=+0.1975  std=0.3806
    IntegratedGradExplainer     : min=-0.5562  max=+0.4266  mean=-0.0879  std=0.2254
    GNNExplainer                : min=+0.0000  max=+1.0000  mean=+0.8182  std=0.3857
  [CORRECT] Graph  234 | true=0 pred=0 | nodes= 11 edges= 20
    GradExplainer               : min=-7.1797  max=+17.5262  mean=+1.8589  std=6.3652
    IntegratedGradExplainer     : min=-2.3682  max=+1.0605  mean=-0.0601  std=0.8334
    GNNExplainer                : min=+0.0000  max=+1.0000  mean=+0.6364  std=0.4810
  [CORRECT] Graph  235 | true=0 pred=0 | nodes= 11 edges= 20
    GradExplainer               : min=-0.6744  max=+0.9474  mean=+0.0972  std=0.3564
    IntegratedGradExplainer     : min=-0.2711  max=+0.0063  mean=-0.0798  std=0.0859
    GNNExplainer                : min=+0.0000  max=+1.0000  mean=+0.6364  std=0.4810
  [WRONG  ] Graph  236 | true=1 pred=0 | nodes= 11 edges= 20
    GradExplainer               : min=-13.7261  max=+59.9738  mean=+8.9572  std=18.1414
    IntegratedGradExplainer     : min=-0.5603  max=+1.0567  mean=+0.2479  std=0.4206
    GNNExplainer                : min=+0.0000  max=+1.0000  mean=+0.6364  std=0.4810
  [WRONG  ] Graph  237 | true=1 pred=0 | nodes= 11 edges= 20
    GradExplainer               : min=-54.4240  max=-1.3332  mean=-13.8988  std=16.7461
    IntegratedGradExplainer     : min=-3.3249  max=+2.6697  mean=+0.3405  std=1.4743
    GNNExplainer                : min=+0.0000  max=+1.0000  mean=+0.7273  std=0.4454
  [CORRECT] Graph  238 | true=0 pred=0 | nodes= 11 edges= 20
    GradExplainer               : min=-1.5198  max=+39.7868  mean=+12.6973  std=14.2828
    IntegratedGradExplainer     : min=-1.7138  max=+1.3308  mean=-0.0559  std=0.7242
    GNNExplainer                : min=+0.0000  max=+1.0000  mean=+0.6364  std=0.4810
  [CORRECT] Graph  239 | true=0 pred=0 | nodes= 11 edges= 20
    GradExplainer               : min=-0.3567  max=+1.4560  mean=+0.2875  std=0.4595
    IntegratedGradExplainer     : min=-0.2160  max=+0.0211  mean=-0.0830  std=0.0677
    GNNExplainer                : min=+0.0000  max=+1.0000  mean=+0.9091  std=0.2875
  [CORRECT] Graph  240 | true=0 pred=0 | nodes= 11 edges= 20
    GradExplainer               : min=-0.0010  max=+0.0086  mean=+0.0018  std=0.0030
    IntegratedGradExplainer     : min=-0.4761  max=+0.0065  mean=-0.0845  std=0.1341
    GNNExplainer                : min=+0.0000  max=+1.0000  mean=+0.7273  std=0.4454
  [CORRECT] Graph  241 | true=0 pred=0 | nodes= 11 edges= 20
    GradExplainer               : min=-1.8049  max=+4.6953  mean=+1.2135  std=2.0201
    IntegratedGradExplainer     : min=-0.3924  max=+0.0875  mean=-0.0816  std=0.1175
    GNNExplainer                : min=+0.0000  max=+1.0000  mean=+0.9091  std=0.2875
  [WRONG  ] Graph  242 | true=1 pred=0 | nodes= 11 edges= 20
    GradExplainer               : min=-44.1258  max=+25.7670  mean=-2.5148  std=15.7261
    IntegratedGradExplainer     : min=-0.4214  max=+1.5276  mean=+0.1119  std=0.5143
    GNNExplainer                : min=+0.0000  max=+1.0000  mean=+0.7273  std=0.4454
  [CORRECT] Graph  243 | true=0 pred=0 | nodes= 11 edges= 20
    GradExplainer               : min=-14.5620  max=+18.9194  mean=+0.9233  std=7.2537
    IntegratedGradExplainer     : min=-0.3340  max=+0.3670  mean=-0.0631  std=0.1669
    GNNExplainer                : min=+0.0000  max=+1.0000  mean=+0.3636  std=0.4810
  [CORRECT] Graph  244 | true=1 pred=1 | nodes= 11 edges= 20
    GradExplainer               : min=-37.5287  max=+2.6241  mean=-9.5468  std=13.1764
    IntegratedGradExplainer     : min=-1.2771  max=+0.4358  mean=-0.0255  std=0.4826
    GNNExplainer                : min=+0.0000  max=+1.0000  mean=+0.7273  std=0.4454
  [WRONG  ] Graph  245 | true=0 pred=1 | nodes= 11 edges= 20
    GradExplainer               : min=-8.0826  max=+15.7761  mean=+2.3512  std=5.9899
    IntegratedGradExplainer     : min=-0.2752  max=+0.7460  mean=+0.0211  std=0.2624
    GNNExplainer                : min=+0.0000  max=+1.0000  mean=+0.6364  std=0.4810
  [CORRECT] Graph  246 | true=0 pred=0 | nodes= 11 edges= 20
    GradExplainer               : min=-0.0024  max=+0.0047  mean=+0.0016  std=0.0018
    IntegratedGradExplainer     : min=-0.5919  max=+0.0094  mean=-0.0835  std=0.1622
    GNNExplainer                : min=+0.0000  max=+1.0000  mean=+0.6364  std=0.4810
  [WRONG  ] Graph  247 | true=0 pred=1 | nodes= 11 edges= 20
    GradExplainer               : min=-169.7210  max=+49.8142  mean=-14.1601  std=53.0957
    IntegratedGradExplainer     : min=-2.3880  max=+5.9579  mean=+0.5633  std=2.0602
    GNNExplainer                : min=+0.0000  max=+1.0000  mean=+0.7273  std=0.4454
  [CORRECT] Graph  248 | true=0 pred=0 | nodes= 11 edges= 20
    GradExplainer               : min=+0.0055  max=+0.0611  mean=+0.0209  std=0.0218
    IntegratedGradExplainer     : min=-0.3458  max=-0.0124  mean=-0.0860  std=0.0920
    GNNExplainer                : min=+0.0000  max=+1.0000  mean=+0.8182  std=0.3857
  [CORRECT] Graph  249 | true=0 pred=0 | nodes= 11 edges= 20
    GradExplainer               : min=-10.2260  max=+0.6291  mean=-2.1679  std=3.1751
    IntegratedGradExplainer     : min=-0.3371  max=+0.2033  mean=-0.0776  std=0.1401
    GNNExplainer                : min=+0.0000  max=+1.0000  mean=+0.6364  std=0.4810
  [WRONG  ] Graph  250 | true=1 pred=0 | nodes= 11 edges= 20
    GradExplainer               : min=-1.5017  max=+1.8303  mean=-0.2536  std=0.9735
    IntegratedGradExplainer     : min=-0.5001  max=+0.7749  mean=+0.1277  std=0.2967
    GNNExplainer                : min=+0.0000  max=+1.0000  mean=+0.7273  std=0.4454
  [CORRECT] Graph  251 | true=1 pred=1 | nodes= 11 edges= 20
    GradExplainer               : min=-0.3779  max=+0.0130  mean=-0.1348  std=0.1161
    IntegratedGradExplainer     : min=-0.5840  max=+0.1940  mean=-0.0385  std=0.2295
    GNNExplainer                : min=+0.0000  max=+1.0000  mean=+0.6364  std=0.4810
  [CORRECT] Graph  252 | true=0 pred=0 | nodes= 11 edges= 20
    GradExplainer               : min=-0.0025  max=-0.0001  mean=-0.0005  std=0.0007
    IntegratedGradExplainer     : min=-0.1756  max=-0.0030  mean=-0.0649  std=0.0533
    GNNExplainer                : min=+0.0000  max=+1.0000  mean=+0.8182  std=0.3857
  [CORRECT] Graph  253 | true=0 pred=0 | nodes= 11 edges= 20
    GradExplainer               : min=-4.6307  max=+0.6476  mean=-1.0517  std=1.6726
    IntegratedGradExplainer     : min=-0.2638  max=+0.0465  mean=-0.0666  std=0.0993
    GNNExplainer                : min=+0.0000  max=+1.0000  mean=+0.5455  std=0.4979
  [CORRECT] Graph  254 | true=0 pred=0 | nodes= 11 edges= 20
    GradExplainer               : min=-0.0001  max=+0.0002  mean=+0.0000  std=0.0001
    IntegratedGradExplainer     : min=-0.2273  max=+0.0201  mean=-0.0868  std=0.0741
    GNNExplainer                : min=+0.0000  max=+1.0000  mean=+0.5455  std=0.4979
  [WRONG  ] Graph  255 | true=0 pred=1 | nodes= 11 edges= 20
    GradExplainer               : min=-4.1978  max=+21.5263  mean=+6.4267  std=7.0254
    IntegratedGradExplainer     : min=-1.1046  max=+2.0398  mean=+0.1838  std=0.7267
    GNNExplainer                : min=+0.0000  max=+1.0000  mean=+0.7273  std=0.4454
  [WRONG  ] Graph  256 | true=1 pred=0 | nodes= 11 edges= 20
    GradExplainer               : min=-242.6306  max=+129.8429  mean=-32.4479  std=84.9658
    IntegratedGradExplainer     : min=-1.5527  max=+1.8425  mean=+0.0974  std=0.7768
    GNNExplainer                : min=+0.0000  max=+1.0000  mean=+0.8182  std=0.3857
  [CORRECT] Graph  257 | true=1 pred=1 | nodes= 11 edges= 20
    GradExplainer               : min=-12.9999  max=-1.7740  mean=-5.0311  std=3.5011
    IntegratedGradExplainer     : min=-0.5044  max=+0.9029  mean=-0.0016  std=0.3464
    GNNExplainer                : min=+0.0000  max=+1.0000  mean=+0.7273  std=0.4454
  [CORRECT] Graph  258 | true=0 pred=0 | nodes= 11 edges= 20
    GradExplainer               : min=-0.0001  max=+0.0005  mean=+0.0001  std=0.0002
    IntegratedGradExplainer     : min=-0.1804  max=-0.0116  mean=-0.0870  std=0.0600
    GNNExplainer                : min=+0.0000  max=+1.0000  mean=+0.5455  std=0.4979
  [CORRECT] Graph  259 | true=1 pred=1 | nodes= 11 edges= 20
    GradExplainer               : min=-0.0657  max=+0.0133  mean=-0.0134  std=0.0240
    IntegratedGradExplainer     : min=-0.1990  max=+0.0508  mean=-0.0455  std=0.0799
    GNNExplainer                : min=+0.0000  max=+1.0000  mean=+0.4545  std=0.4979
  [CORRECT] Graph  260 | true=1 pred=1 | nodes= 11 edges= 20
    GradExplainer               : min=-0.1492  max=+0.3510  mean=+0.0177  std=0.1231
    IntegratedGradExplainer     : min=-0.4789  max=+0.2101  mean=-0.0431  std=0.1804
    GNNExplainer                : min=+0.0000  max=+1.0000  mean=+0.6364  std=0.4810
  [WRONG  ] Graph  261 | true=1 pred=0 | nodes= 11 edges= 20
    GradExplainer               : min=-64.4924  max=+33.2778  mean=-3.4688  std=23.0503
    IntegratedGradExplainer     : min=-1.2814  max=+3.6530  mean=+0.2531  std=1.1977
    GNNExplainer                : min=+0.0000  max=+1.0000  mean=+0.6364  std=0.4810
  [CORRECT] Graph  262 | true=1 pred=1 | nodes= 11 edges= 20
    GradExplainer               : min=-3.5933  max=+8.1663  mean=+1.3438  std=3.3167
    IntegratedGradExplainer     : min=-0.3108  max=+0.4233  mean=-0.0023  std=0.1861
    GNNExplainer                : min=+0.0000  max=+1.0000  mean=+0.6364  std=0.4810
  [WRONG  ] Graph  263 | true=1 pred=0 | nodes= 11 edges= 20
    GradExplainer               : min=-7.7254  max=+37.2596  mean=+5.3427  std=13.5733
    IntegratedGradExplainer     : min=-0.6873  max=+2.2759  mean=+0.7481  std=0.8171
    GNNExplainer                : min=+0.0000  max=+1.0000  mean=+0.6364  std=0.4810
  [CORRECT] Graph  264 | true=1 pred=1 | nodes= 11 edges= 20
    GradExplainer               : min=-7.5189  max=+3.1486  mean=-0.2417  std=2.5892
    IntegratedGradExplainer     : min=-1.5540  max=+0.4591  mean=-0.0529  std=0.5220
    GNNExplainer                : min=+0.0000  max=+1.0000  mean=+0.8182  std=0.3857
  [WRONG  ] Graph  265 | true=0 pred=1 | nodes= 11 edges= 20
    GradExplainer               : min=+9.8946  max=+109.8326  mean=+39.1188  std=35.9733
    IntegratedGradExplainer     : min=-0.2647  max=+2.3948  mean=+0.4103  std=0.8503
    GNNExplainer                : min=+0.0000  max=+1.0000  mean=+0.4545  std=0.4979
  [CORRECT] Graph  266 | true=0 pred=0 | nodes= 11 edges= 20
    GradExplainer               : min=-25.7198  max=+4.7662  mean=-3.5686  std=7.7627
    IntegratedGradExplainer     : min=-3.6858  max=+5.2329  mean=-0.0547  std=1.9823
    GNNExplainer                : min=+0.0000  max=+1.0000  mean=+0.6364  std=0.4810
  [CORRECT] Graph  267 | true=0 pred=0 | nodes= 11 edges= 20
    GradExplainer               : min=-0.0119  max=+0.0028  mean=-0.0033  std=0.0048
    IntegratedGradExplainer     : min=-0.2828  max=+0.0127  mean=-0.0848  std=0.0916
    GNNExplainer                : min=+0.0000  max=+1.0000  mean=+0.8182  std=0.3857
  [WRONG  ] Graph  268 | true=0 pred=1 | nodes= 11 edges= 20
    GradExplainer               : min=-42.1538  max=+22.5181  mean=-7.1178  std=14.7014
    IntegratedGradExplainer     : min=-0.5185  max=+1.1931  mean=-0.0080  std=0.5017
    GNNExplainer                : min=+0.0000  max=+1.0000  mean=+0.5455  std=0.4979
  [CORRECT] Graph  269 | true=1 pred=1 | nodes= 11 edges= 20
    GradExplainer               : min=-0.0180  max=+0.0168  mean=-0.0059  std=0.0093
    IntegratedGradExplainer     : min=-1.2402  max=+0.7306  mean=-0.0395  std=0.4489
    GNNExplainer                : min=+0.0000  max=+1.0000  mean=+0.6364  std=0.4810
  [WRONG  ] Graph  270 | true=1 pred=0 | nodes= 11 edges= 20
    GradExplainer               : min=-112.4485  max=+0.1477  mean=-25.8980  std=35.8283
    IntegratedGradExplainer     : min=-2.7415  max=+2.4167  mean=+0.4517  std=1.2673
    GNNExplainer                : min=+0.0000  max=+1.0000  mean=+0.7273  std=0.4454
  [CORRECT] Graph  271 | true=0 pred=0 | nodes= 11 edges= 20
    GradExplainer               : min=-5.5341  max=+9.9741  mean=+1.8668  std=4.0770
    IntegratedGradExplainer     : min=-0.2890  max=+0.1988  mean=-0.0726  std=0.1122
    GNNExplainer                : min=+0.0000  max=+1.0000  mean=+0.8182  std=0.3857
  [WRONG  ] Graph  272 | true=0 pred=1 | nodes= 11 edges= 20
    GradExplainer               : min=+6.9340  max=+142.6579  mean=+36.5862  std=40.1174
    IntegratedGradExplainer     : min=-0.3275  max=+2.0603  mean=+0.3197  std=0.7238
    GNNExplainer                : min=+0.0000  max=+1.0000  mean=+0.3636  std=0.4810
  [CORRECT] Graph  273 | true=1 pred=1 | nodes= 11 edges= 20
    GradExplainer               : min=-2.1868  max=+0.0741  mean=-0.6108  std=0.6616
    IntegratedGradExplainer     : min=-0.4404  max=+0.1362  mean=-0.0420  std=0.1418
    GNNExplainer                : min=+0.0000  max=+1.0000  mean=+0.5455  std=0.4979
  [CORRECT] Graph  274 | true=0 pred=0 | nodes= 11 edges= 20
    GradExplainer               : min=-0.0003  max=+0.0001  mean=-0.0000  std=0.0001
    IntegratedGradExplainer     : min=-0.2312  max=-0.0121  mean=-0.0873  std=0.0633
    GNNExplainer                : min=+0.0000  max=+1.0000  mean=+0.8182  std=0.3857
  [CORRECT] Graph  275 | true=1 pred=1 | nodes= 11 edges= 20
    GradExplainer               : min=-0.1012  max=+0.0241  mean=-0.0090  std=0.0340
    IntegratedGradExplainer     : min=-0.5875  max=+0.1921  mean=-0.0490  std=0.2216
    GNNExplainer                : min=+0.0000  max=+1.0000  mean=+0.7273  std=0.4454
  [CORRECT] Graph  276 | true=0 pred=0 | nodes= 11 edges= 20
    GradExplainer               : min=-2.9407  max=+11.3159  mean=+3.0112  std=4.4296
    IntegratedGradExplainer     : min=-0.2772  max=+0.0250  mean=-0.0755  std=0.0904
    GNNExplainer                : min=+0.0000  max=+1.0000  mean=+0.6364  std=0.4810
  [CORRECT] Graph  277 | true=0 pred=0 | nodes= 11 edges= 20
    GradExplainer               : min=-0.0128  max=+0.0136  mean=+0.0031  std=0.0072
    IntegratedGradExplainer     : min=-0.7299  max=+0.0308  mean=-0.0873  std=0.2075
    GNNExplainer                : min=+0.0000  max=+1.0000  mean=+0.6364  std=0.4810
  [CORRECT] Graph  278 | true=0 pred=0 | nodes= 11 edges= 20
    GradExplainer               : min=-2.6071  max=+1.2841  mean=-0.8673  std=0.9703
    IntegratedGradExplainer     : min=-0.7053  max=+0.4281  mean=-0.0843  std=0.3529
    GNNExplainer                : min=+0.0000  max=+1.0000  mean=+0.8182  std=0.3857
  [CORRECT] Graph  279 | true=1 pred=1 | nodes= 11 edges= 20
    GradExplainer               : min=-5.9154  max=+0.1752  mean=-1.0128  std=1.6235
    IntegratedGradExplainer     : min=-0.3371  max=+0.3186  mean=-0.0407  std=0.1725
    GNNExplainer                : min=+0.0000  max=+1.0000  mean=+0.5455  std=0.4979
  [CORRECT] Graph  280 | true=0 pred=0 | nodes= 11 edges= 20
    GradExplainer               : min=-1.1203  max=+0.1415  mean=-0.1699  std=0.3299
    IntegratedGradExplainer     : min=-0.1757  max=-0.0208  mean=-0.0777  std=0.0441
    GNNExplainer                : min=+0.0000  max=+1.0000  mean=+0.8182  std=0.3857
  [CORRECT] Graph  281 | true=1 pred=1 | nodes= 11 edges= 20
    GradExplainer               : min=-0.7521  max=+0.4246  mean=-0.0178  std=0.2661
    IntegratedGradExplainer     : min=-0.2314  max=+0.0945  mean=-0.0448  std=0.0845
    GNNExplainer                : min=+0.0000  max=+1.0000  mean=+0.7273  std=0.4454
  [CORRECT] Graph  282 | true=1 pred=1 | nodes= 11 edges= 20
    GradExplainer               : min=-1.9388  max=+0.7651  mean=-0.2637  std=0.6552
    IntegratedGradExplainer     : min=-0.3242  max=+0.2582  mean=-0.0368  std=0.1597
    GNNExplainer                : min=+0.0000  max=+1.0000  mean=+0.5455  std=0.4979
  [CORRECT] Graph  283 | true=1 pred=1 | nodes= 11 edges= 20
    GradExplainer               : min=-0.0997  max=+0.0414  mean=-0.0218  std=0.0416
    IntegratedGradExplainer     : min=-0.5399  max=+0.2209  mean=-0.0421  std=0.1816
    GNNExplainer                : min=+0.0000  max=+1.0000  mean=+0.7273  std=0.4454
  [CORRECT] Graph  284 | true=0 pred=0 | nodes= 11 edges= 20
    GradExplainer               : min=-0.0004  max=+0.0036  mean=+0.0008  std=0.0012
    IntegratedGradExplainer     : min=-0.3894  max=-0.0045  mean=-0.0860  std=0.1054
    GNNExplainer                : min=+0.0000  max=+1.0000  mean=+0.5455  std=0.4979
  [CORRECT] Graph  285 | true=1 pred=1 | nodes= 11 edges= 20
    GradExplainer               : min=-4.3969  max=-0.1321  mean=-1.6921  std=1.4976
    IntegratedGradExplainer     : min=-0.7352  max=+0.3662  mean=-0.0418  std=0.2720
    GNNExplainer                : min=+0.0000  max=+1.0000  mean=+0.5455  std=0.4979
  [CORRECT] Graph  286 | true=1 pred=1 | nodes= 11 edges= 20
    GradExplainer               : min=-0.2400  max=+0.0258  mean=-0.0720  std=0.0708
    IntegratedGradExplainer     : min=-0.2042  max=+0.0879  mean=-0.0461  std=0.0863
    GNNExplainer                : min=+0.0000  max=+1.0000  mean=+0.8182  std=0.3857
  [CORRECT] Graph  287 | true=1 pred=1 | nodes= 11 edges= 20
    GradExplainer               : min=-0.3655  max=+0.8553  mean=+0.1406  std=0.2727
    IntegratedGradExplainer     : min=-0.6721  max=+0.1030  mean=-0.0436  std=0.2026
    GNNExplainer                : min=+0.0000  max=+1.0000  mean=+0.5455  std=0.4979
  [CORRECT] Graph  288 | true=0 pred=0 | nodes= 11 edges= 20
    GradExplainer               : min=-0.8587  max=+0.1494  mean=-0.1148  std=0.2652
    IntegratedGradExplainer     : min=-0.3098  max=+0.1184  mean=-0.0857  std=0.1160
    GNNExplainer                : min=+0.0000  max=+1.0000  mean=+0.9091  std=0.2875
  [WRONG  ] Graph  289 | true=0 pred=1 | nodes= 11 edges= 20
    GradExplainer               : min=-5.9532  max=+6.5910  mean=-0.1505  std=3.1514
    IntegratedGradExplainer     : min=-0.4033  max=+0.1680  mean=-0.0499  std=0.1434
    GNNExplainer                : min=+0.0000  max=+1.0000  mean=+0.7273  std=0.4454
  [WRONG  ] Graph  290 | true=0 pred=1 | nodes= 11 edges= 20
    GradExplainer               : min=-7.4246  max=+254.5279  mean=+46.5733  std=77.7327
    IntegratedGradExplainer     : min=-0.2618  max=+2.8882  mean=+0.7272  std=1.0907
    GNNExplainer                : min=+0.0000  max=+1.0000  mean=+0.6364  std=0.4810
  [CORRECT] Graph  291 | true=0 pred=0 | nodes= 11 edges= 20
    GradExplainer               : min=-0.0298  max=+0.0079  mean=-0.0005  std=0.0097
    IntegratedGradExplainer     : min=-0.2526  max=+0.0825  mean=-0.0902  std=0.1114
    GNNExplainer                : min=+0.0000  max=+1.0000  mean=+0.6364  std=0.4810
  [CORRECT] Graph  292 | true=1 pred=1 | nodes= 11 edges= 20
    GradExplainer               : min=-25.7014  max=+24.8506  mean=+3.1603  std=12.0943
    IntegratedGradExplainer     : min=-0.7058  max=+0.7286  mean=+0.0100  std=0.3099
    GNNExplainer                : min=+0.0000  max=+1.0000  mean=+0.6364  std=0.4810
  [CORRECT] Graph  293 | true=0 pred=0 | nodes= 11 edges= 20
    GradExplainer               : min=-0.0015  max=+0.0004  mean=-0.0004  std=0.0005
    IntegratedGradExplainer     : min=-0.2927  max=+0.0809  mean=-0.0813  std=0.0941
    GNNExplainer                : min=+0.0000  max=+1.0000  mean=+0.6364  std=0.4810
  [CORRECT] Graph  294 | true=0 pred=0 | nodes= 11 edges= 20
    GradExplainer               : min=-0.0020  max=+0.0028  mean=+0.0008  std=0.0013
    IntegratedGradExplainer     : min=-0.5136  max=+0.0555  mean=-0.0851  std=0.1523
    GNNExplainer                : min=+0.0000  max=+1.0000  mean=+0.3636  std=0.4810
  [CORRECT] Graph  295 | true=0 pred=0 | nodes= 11 edges= 20
    GradExplainer               : min=-2.9881  max=+26.2415  mean=+4.5287  std=7.4547
    IntegratedGradExplainer     : min=-2.4428  max=+1.1213  mean=-0.0696  std=0.8500
    GNNExplainer                : min=+0.0000  max=+1.0000  mean=+0.8182  std=0.3857
  [WRONG  ] Graph  296 | true=0 pred=1 | nodes= 11 edges= 20
    GradExplainer               : min=-6.1925  max=+15.6833  mean=+1.5753  std=6.2272
    IntegratedGradExplainer     : min=-3.2514  max=+2.8242  mean=+0.3344  std=1.6472
    GNNExplainer                : min=+0.0000  max=+1.0000  mean=+0.7273  std=0.4454
  [WRONG  ] Graph  297 | true=1 pred=0 | nodes= 11 edges= 20
    GradExplainer               : min=-178.1829  max=-4.8953  mean=-36.8955  std=49.3685
    IntegratedGradExplainer     : min=-10.3807  max=+6.7662  mean=+0.3163  std=4.0639
    GNNExplainer                : min=+0.0000  max=+1.0000  mean=+0.8182  std=0.3857
  [WRONG  ] Graph  298 | true=1 pred=0 | nodes= 11 edges= 20
    GradExplainer               : min=-5.9481  max=+15.1952  mean=+4.2481  std=7.0798
    IntegratedGradExplainer     : min=-0.0822  max=+2.6294  mean=+0.5074  std=0.6946
    GNNExplainer                : min=+0.0000  max=+1.0000  mean=+0.7273  std=0.4454
  [CORRECT] Graph  299 | true=1 pred=1 | nodes= 11 edges= 20
    GradExplainer               : min=-4.4372  max=+0.4081  mean=-0.5293  std=1.3818
    IntegratedGradExplainer     : min=-0.9262  max=+1.7352  mean=-0.0305  std=0.6469
    GNNExplainer                : min=+0.0000  max=+1.0000  mean=+0.7273  std=0.4454
  [CORRECT] Graph  300 | true=1 pred=1 | nodes= 11 edges= 20
    GradExplainer               : min=-0.0017  max=+0.0020  mean=-0.0004  std=0.0009
    IntegratedGradExplainer     : min=-0.8868  max=+0.6661  mean=-0.0421  std=0.4120
    GNNExplainer                : min=+0.0000  max=+1.0000  mean=+0.5455  std=0.4979
  [CORRECT] Graph  301 | true=1 pred=1 | nodes= 11 edges= 20
    GradExplainer               : min=-67.6490  max=+31.0001  mean=-23.7208  std=28.6406
    IntegratedGradExplainer     : min=-1.4610  max=+3.6361  mean=+0.0541  std=1.2521
    GNNExplainer                : min=+0.0000  max=+1.0000  mean=+0.7273  std=0.4454
  [CORRECT] Graph  302 | true=1 pred=1 | nodes= 11 edges= 20
    GradExplainer               : min=-0.4142  max=+0.4654  mean=-0.0492  std=0.2067
    IntegratedGradExplainer     : min=-2.4209  max=+1.4692  mean=-0.0324  std=0.8581
    GNNExplainer                : min=+0.0000  max=+1.0000  mean=+0.6364  std=0.4810
  [CORRECT] Graph  303 | true=0 pred=0 | nodes= 11 edges= 20
    GradExplainer               : min=-0.0019  max=+0.0327  mean=+0.0114  std=0.0103
    IntegratedGradExplainer     : min=-0.3817  max=+0.3125  mean=-0.0853  std=0.1551
    GNNExplainer                : min=+0.0000  max=+1.0000  mean=+0.8182  std=0.3857
  [CORRECT] Graph  304 | true=1 pred=1 | nodes= 11 edges= 20
    GradExplainer               : min=-0.0012  max=+0.0008  mean=-0.0001  std=0.0005
    IntegratedGradExplainer     : min=-0.5338  max=+0.2640  mean=-0.0441  std=0.1896
    GNNExplainer                : min=+0.0000  max=+1.0000  mean=+0.7273  std=0.4454
  [WRONG  ] Graph  305 | true=1 pred=0 | nodes= 11 edges= 20
    GradExplainer               : min=-22.9894  max=+85.8693  mean=+10.8743  std=29.1952
    IntegratedGradExplainer     : min=-0.2281  max=+1.6352  mean=+0.1740  std=0.5150
    GNNExplainer                : min=+0.0000  max=+1.0000  mean=+0.8182  std=0.3857
  [CORRECT] Graph  306 | true=1 pred=1 | nodes= 11 edges= 20
    GradExplainer               : min=-39.3363  max=+29.9605  mean=+4.0574  std=17.0339
    IntegratedGradExplainer     : min=-0.9209  max=+0.7226  mean=+0.0049  std=0.4867
    GNNExplainer                : min=+0.0000  max=+1.0000  mean=+0.4545  std=0.4979
  [CORRECT] Graph  307 | true=0 pred=0 | nodes= 11 edges= 20
    GradExplainer               : min=-0.0038  max=+0.0832  mean=+0.0158  std=0.0242
    IntegratedGradExplainer     : min=-0.3003  max=+0.0232  mean=-0.0888  std=0.1015
    GNNExplainer                : min=+0.0000  max=+1.0000  mean=+0.7273  std=0.4454
  [CORRECT] Graph  308 | true=0 pred=0 | nodes= 11 edges= 20
    GradExplainer               : min=-0.0928  max=+0.0435  mean=-0.0095  std=0.0308
    IntegratedGradExplainer     : min=-0.2835  max=+0.0322  mean=-0.0868  std=0.1003
    GNNExplainer                : min=+0.0000  max=+1.0000  mean=+0.6364  std=0.4810
  [CORRECT] Graph  309 | true=0 pred=0 | nodes= 11 edges= 20
    GradExplainer               : min=+0.0016  max=+0.0722  mean=+0.0187  std=0.0231
    IntegratedGradExplainer     : min=-0.2398  max=+0.0123  mean=-0.0842  std=0.0715
    GNNExplainer                : min=+0.0000  max=+1.0000  mean=+0.5455  std=0.4979
  [CORRECT] Graph  310 | true=0 pred=0 | nodes= 11 edges= 20
    GradExplainer               : min=-0.0050  max=+0.0185  mean=+0.0027  std=0.0068
    IntegratedGradExplainer     : min=-0.3738  max=+0.0851  mean=-0.0841  std=0.1212
    GNNExplainer                : min=+0.0000  max=+1.0000  mean=+0.5455  std=0.4979
  [CORRECT] Graph  311 | true=0 pred=0 | nodes= 11 edges= 20
    GradExplainer               : min=-0.1146  max=+0.1988  mean=+0.0287  std=0.0739
    IntegratedGradExplainer     : min=-0.5232  max=+0.1574  mean=-0.0834  std=0.1667
    GNNExplainer                : min=+0.0000  max=+1.0000  mean=+0.8182  std=0.3857
  [WRONG  ] Graph  312 | true=0 pred=1 | nodes= 11 edges= 20
    GradExplainer               : min=-66.0943  max=+70.0953  mean=-0.5089  std=33.3628
    IntegratedGradExplainer     : min=-0.5463  max=+1.5038  mean=+0.1292  std=0.5032
    GNNExplainer                : min=+0.0000  max=+1.0000  mean=+0.9091  std=0.2875
  [WRONG  ] Graph  313 | true=0 pred=1 | nodes= 11 edges= 20
    GradExplainer               : min=-32.4779  max=+36.2547  mean=-5.5587  std=17.6939
    IntegratedGradExplainer     : min=-2.2910  max=+7.6972  mean=+0.2486  std=2.4883
    GNNExplainer                : min=+0.0000  max=+1.0000  mean=+0.8182  std=0.3857
  [CORRECT] Graph  314 | true=0 pred=0 | nodes= 11 edges= 20
    GradExplainer               : min=-0.9408  max=+1.3979  mean=-0.0495  std=0.5516
    IntegratedGradExplainer     : min=-0.5264  max=+0.0403  mean=-0.0850  std=0.1581
    GNNExplainer                : min=+0.0000  max=+1.0000  mean=+0.6364  std=0.4810
  [CORRECT] Graph  315 | true=0 pred=0 | nodes= 11 edges= 20
    GradExplainer               : min=-4.5118  max=+0.9665  mean=-0.6450  std=1.5622
    IntegratedGradExplainer     : min=-2.0581  max=+1.4522  mean=-0.0754  std=0.7778
    GNNExplainer                : min=+0.0000  max=+1.0000  mean=+0.7273  std=0.4454
  [WRONG  ] Graph  316 | true=0 pred=1 | nodes= 11 edges= 20
    GradExplainer               : min=-11.4845  max=+112.1818  mean=+19.6488  std=32.6225
    IntegratedGradExplainer     : min=-3.8479  max=+4.9958  mean=+0.0508  std=1.9627
    GNNExplainer                : min=+0.0000  max=+1.0000  mean=+0.5455  std=0.4979
  [CORRECT] Graph  317 | true=0 pred=0 | nodes= 11 edges= 20
    GradExplainer               : min=-0.1448  max=+0.0359  mean=-0.0254  std=0.0506
    IntegratedGradExplainer     : min=-0.8469  max=+0.0367  mean=-0.0847  std=0.2435
    GNNExplainer                : min=+0.0000  max=+1.0000  mean=+0.8182  std=0.3857
  [CORRECT] Graph  318 | true=0 pred=0 | nodes= 11 edges= 20
    GradExplainer               : min=-0.1980  max=-0.0051  mean=-0.0429  std=0.0581
    IntegratedGradExplainer     : min=-0.2892  max=+0.0381  mean=-0.0894  std=0.1033
    GNNExplainer                : min=+0.0000  max=+1.0000  mean=+0.6364  std=0.4810
  [CORRECT] Graph  319 | true=0 pred=0 | nodes= 11 edges= 20
    GradExplainer               : min=-0.0060  max=+0.0906  mean=+0.0198  std=0.0279
    IntegratedGradExplainer     : min=-0.2595  max=+0.0138  mean=-0.0858  std=0.0849
    GNNExplainer                : min=+0.0000  max=+1.0000  mean=+0.9091  std=0.2875
  [CORRECT] Graph  320 | true=0 pred=0 | nodes= 11 edges= 20
    GradExplainer               : min=-0.0027  max=+0.0013  mean=-0.0003  std=0.0011
    IntegratedGradExplainer     : min=-0.2328  max=-0.0173  mean=-0.0802  std=0.0744
    GNNExplainer                : min=+0.0000  max=+1.0000  mean=+0.7273  std=0.4454
  [CORRECT] Graph  321 | true=1 pred=1 | nodes= 11 edges= 20
    GradExplainer               : min=-66.0108  max=+30.6472  mean=-13.3749  std=28.4882
    IntegratedGradExplainer     : min=-3.5069  max=+1.9997  mean=+0.0317  std=1.4192
    GNNExplainer                : min=+0.0000  max=+1.0000  mean=+0.7273  std=0.4454
  [WRONG  ] Graph  322 | true=1 pred=0 | nodes= 11 edges= 20
    GradExplainer               : min=-63.3430  max=+28.8346  mean=-12.5144  std=24.2334
    IntegratedGradExplainer     : min=-6.5189  max=+2.9057  mean=+0.1462  std=2.2840
    GNNExplainer                : min=+0.0000  max=+1.0000  mean=+0.5455  std=0.4979
  [CORRECT] Graph  323 | true=0 pred=0 | nodes= 11 edges= 20
    GradExplainer               : min=+0.0373  max=+2.2199  mean=+0.4883  std=0.7005
    IntegratedGradExplainer     : min=-0.4188  max=+0.0636  mean=-0.0839  std=0.1271
    GNNExplainer                : min=+0.0000  max=+1.0000  mean=+0.7273  std=0.4454
  [CORRECT] Graph  324 | true=1 pred=1 | nodes= 11 edges= 20
    GradExplainer               : min=-1.5010  max=+3.4342  mean=+0.1896  std=1.2614
    IntegratedGradExplainer     : min=-0.4432  max=+0.4056  mean=-0.0350  std=0.2253
    GNNExplainer                : min=+0.0000  max=+1.0000  mean=+0.5455  std=0.4979
  [CORRECT] Graph  325 | true=0 pred=0 | nodes= 11 edges= 20
    GradExplainer               : min=-7.0531  max=+24.4414  mean=+3.8597  std=7.4452
    IntegratedGradExplainer     : min=-4.4757  max=+3.7043  mean=-0.0616  std=1.8452
    GNNExplainer                : min=+0.0000  max=+1.0000  mean=+0.6364  std=0.4810
  [CORRECT] Graph  326 | true=0 pred=0 | nodes= 11 edges= 20
    GradExplainer               : min=-0.0001  max=+0.0000  mean=-0.0000  std=0.0000
    IntegratedGradExplainer     : min=-0.4254  max=+0.1753  mean=-0.0836  std=0.1452
    GNNExplainer                : min=+0.0000  max=+1.0000  mean=+0.7273  std=0.4454
  [CORRECT] Graph  327 | true=1 pred=1 | nodes= 11 edges= 20
    GradExplainer               : min=-50.5563  max=-0.4322  mean=-13.4278  std=14.4833
    IntegratedGradExplainer     : min=-1.6024  max=+2.5604  mean=+0.0497  std=0.9330
    GNNExplainer                : min=+0.0000  max=+1.0000  mean=+0.6364  std=0.4810
  [CORRECT] Graph  328 | true=0 pred=0 | nodes= 11 edges= 20
    GradExplainer               : min=-0.0668  max=+0.0174  mean=-0.0122  std=0.0214
    IntegratedGradExplainer     : min=-0.4057  max=+0.0269  mean=-0.0839  std=0.1157
    GNNExplainer                : min=+0.0000  max=+1.0000  mean=+0.5455  std=0.4979
  [CORRECT] Graph  329 | true=1 pred=1 | nodes= 11 edges= 20
    GradExplainer               : min=-16.3261  max=-0.1832  mean=-4.0131  std=5.2128
    IntegratedGradExplainer     : min=-0.7541  max=+0.9031  mean=-0.0474  std=0.4174
    GNNExplainer                : min=+0.0000  max=+1.0000  mean=+0.5455  std=0.4979
  [CORRECT] Graph  330 | true=0 pred=0 | nodes= 11 edges= 20
    GradExplainer               : min=-0.0020  max=+0.0001  mean=-0.0005  std=0.0005
    IntegratedGradExplainer     : min=-0.3230  max=-0.0075  mean=-0.0839  std=0.1061
    GNNExplainer                : min=+0.0000  max=+1.0000  mean=+0.6364  std=0.4810
  [WRONG  ] Graph  331 | true=1 pred=0 | nodes= 11 edges= 20
    GradExplainer               : min=-34.3202  max=+56.1548  mean=+0.4984  std=20.5948
    IntegratedGradExplainer     : min=-0.2913  max=+0.6392  mean=+0.1265  std=0.2684
    GNNExplainer                : min=+0.0000  max=+1.0000  mean=+0.5455  std=0.4979
  [WRONG  ] Graph  332 | true=0 pred=1 | nodes= 11 edges= 20
    GradExplainer               : min=-44.2270  max=+24.8947  mean=+2.0724  std=17.5834
    IntegratedGradExplainer     : min=-1.3971  max=+5.5389  mean=+0.8490  std=2.0045
    GNNExplainer                : min=+0.0000  max=+1.0000  mean=+0.8182  std=0.3857
  [CORRECT] Graph  333 | true=0 pred=0 | nodes= 11 edges= 20
    GradExplainer               : min=-0.0001  max=+0.0001  mean=-0.0000  std=0.0000
    IntegratedGradExplainer     : min=-0.2985  max=-0.0170  mean=-0.0890  std=0.0851
    GNNExplainer                : min=+0.0000  max=+1.0000  mean=+0.6364  std=0.4810
  [CORRECT] Graph  334 | true=0 pred=0 | nodes= 11 edges= 20
    GradExplainer               : min=-0.5164  max=+27.7826  mean=+7.4993  std=8.8350
    IntegratedGradExplainer     : min=-0.8383  max=+0.2050  mean=-0.0752  std=0.2654
    GNNExplainer                : min=+0.0000  max=+1.0000  mean=+0.5455  std=0.4979
  [WRONG  ] Graph  335 | true=0 pred=1 | nodes= 11 edges= 20
    GradExplainer               : min=+6.8334  max=+78.4172  mean=+29.0190  std=25.5438
    IntegratedGradExplainer     : min=-0.6204  max=+0.8652  mean=+0.0410  std=0.4646
    GNNExplainer                : min=+0.0000  max=+1.0000  mean=+0.8182  std=0.3857
  [WRONG  ] Graph  336 | true=0 pred=1 | nodes= 11 edges= 20
    GradExplainer               : min=-65.1876  max=+95.1137  mean=-2.4048  std=41.0144
    IntegratedGradExplainer     : min=-2.6145  max=+6.2658  mean=+0.4826  std=2.3696
    GNNExplainer                : min=+0.0000  max=+1.0000  mean=+0.5455  std=0.4979
  [CORRECT] Graph  337 | true=1 pred=1 | nodes= 11 edges= 20
    GradExplainer               : min=-8.0915  max=+3.8910  mean=-0.9986  std=2.9861
    IntegratedGradExplainer     : min=-1.0499  max=+0.4095  mean=-0.0327  std=0.3579
    GNNExplainer                : min=+0.0000  max=+1.0000  mean=+0.7273  std=0.4454
  [CORRECT] Graph  338 | true=1 pred=1 | nodes= 11 edges= 20
    GradExplainer               : min=-0.0165  max=+0.0098  mean=-0.0012  std=0.0066
    IntegratedGradExplainer     : min=-1.1088  max=+0.2439  mean=-0.0453  std=0.3515
    GNNExplainer                : min=+0.0000  max=+1.0000  mean=+0.6364  std=0.4810
  [WRONG  ] Graph  339 | true=0 pred=1 | nodes= 11 edges= 20
    GradExplainer               : min=-48.3483  max=+35.5088  mean=-7.2058  std=20.3085
    IntegratedGradExplainer     : min=-1.0788  max=+0.9290  mean=-0.0371  std=0.4510
    GNNExplainer                : min=+0.0000  max=+1.0000  mean=+0.7273  std=0.4454
  [CORRECT] Graph  340 | true=0 pred=0 | nodes= 11 edges= 20
    GradExplainer               : min=-0.8578  max=+15.6584  mean=+2.4484  std=4.8904
    IntegratedGradExplainer     : min=-1.1061  max=+0.5192  mean=-0.0684  std=0.4115
    GNNExplainer                : min=+0.0000  max=+1.0000  mean=+0.8182  std=0.3857
  [CORRECT] Graph  341 | true=1 pred=1 | nodes= 11 edges= 20
    GradExplainer               : min=-0.2381  max=+0.0508  mean=-0.0204  std=0.0736
    IntegratedGradExplainer     : min=-0.2630  max=+0.0451  mean=-0.0445  std=0.0939
    GNNExplainer                : min=+0.0000  max=+1.0000  mean=+0.4545  std=0.4979
  [CORRECT] Graph  342 | true=1 pred=1 | nodes= 11 edges= 20
    GradExplainer               : min=-0.0007  max=+0.0003  mean=-0.0002  std=0.0003
    IntegratedGradExplainer     : min=-0.2997  max=+0.0634  mean=-0.0436  std=0.0958
    GNNExplainer                : min=+0.0000  max=+1.0000  mean=+0.7273  std=0.4454
  [WRONG  ] Graph  343 | true=0 pred=1 | nodes= 11 edges= 20
    GradExplainer               : min=-8.4480  max=+0.7275  mean=-2.7528  std=3.3166
    IntegratedGradExplainer     : min=-4.3453  max=+3.2540  mean=+0.1043  std=1.6672
    GNNExplainer                : min=+0.0000  max=+1.0000  mean=+0.6364  std=0.4810
  [WRONG  ] Graph  344 | true=1 pred=0 | nodes= 11 edges= 20
    GradExplainer               : min=-56.9749  max=+19.9489  mean=-9.0553  std=19.5171
    IntegratedGradExplainer     : min=-0.8276  max=+0.7195  mean=+0.1159  std=0.3852
    GNNExplainer                : min=+0.0000  max=+1.0000  mean=+0.7273  std=0.4454
  [CORRECT] Graph  345 | true=1 pred=1 | nodes= 11 edges= 20
    GradExplainer               : min=-0.0579  max=+0.5671  mean=+0.0737  std=0.1680
    IntegratedGradExplainer     : min=-0.2546  max=+0.1034  mean=-0.0456  std=0.0949
    GNNExplainer                : min=+0.0000  max=+1.0000  mean=+0.9091  std=0.2875
  [CORRECT] Graph  346 | true=0 pred=0 | nodes= 11 edges= 20
    GradExplainer               : min=-27.1501  max=+53.7788  mean=+4.0598  std=18.5647
    IntegratedGradExplainer     : min=-0.6665  max=+0.6420  mean=-0.0667  std=0.3117
    GNNExplainer                : min=+0.0000  max=+1.0000  mean=+0.9091  std=0.2875
  [CORRECT] Graph  347 | true=0 pred=0 | nodes= 11 edges= 20
    GradExplainer               : min=-0.4438  max=+0.1577  mean=-0.0908  std=0.1714
    IntegratedGradExplainer     : min=-0.1896  max=+0.0813  mean=-0.0862  std=0.0791
    GNNExplainer                : min=+0.0000  max=+1.0000  mean=+0.8182  std=0.3857
  [WRONG  ] Graph  348 | true=1 pred=0 | nodes= 11 edges= 20
    GradExplainer               : min=-89.2540  max=+25.6331  mean=-8.1101  std=27.7519
    IntegratedGradExplainer     : min=-2.5413  max=+3.1875  mean=+0.1773  std=1.5263
    GNNExplainer                : min=+0.0000  max=+1.0000  mean=+0.7273  std=0.4454
  [CORRECT] Graph  349 | true=1 pred=1 | nodes= 11 edges= 20
    GradExplainer               : min=-2.3612  max=+45.7863  mean=+8.8520  std=13.8234
    IntegratedGradExplainer     : min=-1.2115  max=+0.7383  mean=-0.0004  std=0.4589
    GNNExplainer                : min=+0.0000  max=+1.0000  mean=+0.8182  std=0.3857
  [WRONG  ] Graph  350 | true=1 pred=0 | nodes= 11 edges= 20
    GradExplainer               : min=-36.7908  max=+10.2892  mean=-1.6159  std=11.9769
    IntegratedGradExplainer     : min=-5.5872  max=+5.1540  mean=+0.3129  std=2.5744
    GNNExplainer                : min=+0.0000  max=+1.0000  mean=+0.8182  std=0.3857
  [CORRECT] Graph  351 | true=1 pred=1 | nodes= 11 edges= 20
    GradExplainer               : min=-7.2475  max=+2.2379  mean=-1.0581  std=2.2480
    IntegratedGradExplainer     : min=-0.5866  max=+0.2209  mean=-0.0440  std=0.1969
    GNNExplainer                : min=+0.0000  max=+1.0000  mean=+0.5455  std=0.4979
  [WRONG  ] Graph  352 | true=0 pred=1 | nodes= 11 edges= 20
    GradExplainer               : min=-191.9457  max=+64.8564  mean=-15.5177  std=60.4392
    IntegratedGradExplainer     : min=-0.6881  max=+0.6243  mean=+0.0170  std=0.3153
    GNNExplainer                : min=+0.0000  max=+1.0000  mean=+0.7273  std=0.4454
  [WRONG  ] Graph  353 | true=1 pred=0 | nodes= 11 edges= 20
    GradExplainer               : min=-73.0712  max=+49.3715  mean=-13.2551  std=32.7118
    IntegratedGradExplainer     : min=-0.3000  max=+1.8002  mean=+0.2530  std=0.5561
    GNNExplainer                : min=+0.0000  max=+1.0000  mean=+0.7273  std=0.4454
  [WRONG  ] Graph  354 | true=1 pred=0 | nodes= 11 edges= 20
    GradExplainer               : min=-339.7600  max=+23.5348  mean=-43.4532  std=101.3250
    IntegratedGradExplainer     : min=-1.4368  max=+1.5344  mean=+0.1522  std=0.7670
    GNNExplainer                : min=+0.0000  max=+1.0000  mean=+0.4545  std=0.4979
  [WRONG  ] Graph  355 | true=1 pred=0 | nodes= 11 edges= 20
    GradExplainer               : min=-34.1319  max=+16.4035  mean=-5.6061  std=13.6518
    IntegratedGradExplainer     : min=-1.0032  max=+1.2515  mean=+0.1193  std=0.5221
    GNNExplainer                : min=+1.0000  max=+1.0000  mean=+1.0000  std=0.0000
  [WRONG  ] Graph  356 | true=0 pred=1 | nodes= 11 edges= 20
    GradExplainer               : min=-56.8196  max=+64.7847  mean=-0.8773  std=28.5010
    IntegratedGradExplainer     : min=-2.0031  max=+1.1689  mean=+0.0673  std=0.7676
    GNNExplainer                : min=+0.0000  max=+1.0000  mean=+0.7273  std=0.4454
  [WRONG  ] Graph  357 | true=0 pred=1 | nodes= 11 edges= 20
    GradExplainer               : min=-8.9364  max=+9.7058  mean=+1.4228  std=6.3758
    IntegratedGradExplainer     : min=-2.5021  max=+4.3467  mean=+0.0204  std=1.7966
    GNNExplainer                : min=+0.0000  max=+1.0000  mean=+0.3636  std=0.4810
  [CORRECT] Graph  358 | true=0 pred=0 | nodes= 11 edges= 20
    GradExplainer               : min=-0.4640  max=+0.4609  mean=+0.0725  std=0.2097
    IntegratedGradExplainer     : min=-0.1795  max=+0.0065  mean=-0.0833  std=0.0556
    GNNExplainer                : min=+0.0000  max=+1.0000  mean=+0.4545  std=0.4979
  [CORRECT] Graph  359 | true=0 pred=0 | nodes= 11 edges= 20
    GradExplainer               : min=-3.7902  max=+21.3605  mean=+4.3232  std=6.3623
    IntegratedGradExplainer     : min=-0.4306  max=+0.2029  mean=-0.0703  std=0.1626
    GNNExplainer                : min=+0.0000  max=+1.0000  mean=+0.7273  std=0.4454
  [WRONG  ] Graph  360 | true=0 pred=1 | nodes= 11 edges= 20
    GradExplainer               : min=-30.6835  max=+22.4184  mean=+1.7760  std=12.8801
    IntegratedGradExplainer     : min=-2.4530  max=+2.0486  mean=-0.0535  std=0.9774
    GNNExplainer                : min=+0.0000  max=+1.0000  mean=+0.5455  std=0.4979
  [CORRECT] Graph  361 | true=0 pred=0 | nodes= 11 edges= 20
    GradExplainer               : min=-0.0514  max=+0.0443  mean=+0.0063  std=0.0288
    IntegratedGradExplainer     : min=-1.1048  max=+0.2321  mean=-0.0823  std=0.3451
    GNNExplainer                : min=+0.0000  max=+1.0000  mean=+0.8182  std=0.3857
  [CORRECT] Graph  362 | true=1 pred=1 | nodes= 11 edges= 20
    GradExplainer               : min=-2.2840  max=+0.6115  mean=-0.7476  std=0.8148
    IntegratedGradExplainer     : min=-1.2772  max=+1.5413  mean=-0.0394  std=0.8337
    GNNExplainer                : min=+0.0000  max=+1.0000  mean=+0.6364  std=0.4810
  [CORRECT] Graph  363 | true=1 pred=1 | nodes= 11 edges= 20
    GradExplainer               : min=-0.0000  max=+0.0000  mean=-0.0000  std=0.0000
    IntegratedGradExplainer     : min=-0.8049  max=+0.3754  mean=-0.0436  std=0.2920
    GNNExplainer                : min=+0.0000  max=+1.0000  mean=+0.5455  std=0.4979
  [CORRECT] Graph  364 | true=1 pred=1 | nodes= 11 edges= 20
    GradExplainer               : min=-0.0003  max=+0.0001  mean=-0.0001  std=0.0001
    IntegratedGradExplainer     : min=-0.3369  max=+0.2354  mean=-0.0447  std=0.1410
    GNNExplainer                : min=+0.0000  max=+1.0000  mean=+0.5455  std=0.4979
  [WRONG  ] Graph  365 | true=1 pred=0 | nodes= 11 edges= 20
    GradExplainer               : min=-77.2809  max=+69.2753  mean=+2.2687  std=31.9371
    IntegratedGradExplainer     : min=-0.8054  max=+4.6997  mean=+0.5535  std=1.4167
    GNNExplainer                : min=+0.0000  max=+1.0000  mean=+0.6364  std=0.4810
  [CORRECT] Graph  366 | true=1 pred=1 | nodes= 11 edges= 20
    GradExplainer               : min=-0.2022  max=+0.6557  mean=+0.1605  std=0.2491
    IntegratedGradExplainer     : min=-0.5010  max=+0.1531  mean=-0.0391  std=0.1548
    GNNExplainer                : min=+0.0000  max=+1.0000  mean=+0.5455  std=0.4979
  [CORRECT] Graph  367 | true=1 pred=1 | nodes= 11 edges= 20
    GradExplainer               : min=-0.0031  max=-0.0002  mean=-0.0011  std=0.0009
    IntegratedGradExplainer     : min=-1.0462  max=+0.4371  mean=-0.0417  std=0.4243
    GNNExplainer                : min=+0.0000  max=+1.0000  mean=+0.5455  std=0.4979
  [CORRECT] Graph  368 | true=0 pred=0 | nodes= 11 edges= 20
    GradExplainer               : min=-0.1371  max=+1.3868  mean=+0.3246  std=0.5077
    IntegratedGradExplainer     : min=-0.2887  max=+0.3788  mean=-0.0846  std=0.1741
    GNNExplainer                : min=+0.0000  max=+1.0000  mean=+0.6364  std=0.4810
  [CORRECT] Graph  369 | true=0 pred=0 | nodes= 11 edges= 20
    GradExplainer               : min=-0.0000  max=+0.0000  mean=+0.0000  std=0.0000
    IntegratedGradExplainer     : min=-0.6411  max=+0.2103  mean=-0.0893  std=0.2014
    GNNExplainer                : min=+0.0000  max=+1.0000  mean=+0.7273  std=0.4454
  [WRONG  ] Graph  370 | true=0 pred=1 | nodes= 11 edges= 20
    GradExplainer               : min=-12.5971  max=+32.9314  mean=+4.4815  std=10.7927
    IntegratedGradExplainer     : min=-3.0889  max=+5.1217  mean=+0.4387  std=1.8804
    GNNExplainer                : min=+0.0000  max=+1.0000  mean=+0.5455  std=0.4979
  [CORRECT] Graph  371 | true=0 pred=0 | nodes= 11 edges= 20
    GradExplainer               : min=-0.0383  max=+0.2144  mean=+0.0214  std=0.0656
    IntegratedGradExplainer     : min=-0.5039  max=+0.2832  mean=-0.0841  std=0.1735
    GNNExplainer                : min=+0.0000  max=+1.0000  mean=+0.7273  std=0.4454
  [CORRECT] Graph  372 | true=0 pred=0 | nodes= 11 edges= 20
    GradExplainer               : min=-0.0122  max=+0.0483  mean=+0.0055  std=0.0158
    IntegratedGradExplainer     : min=-0.1992  max=-0.0372  mean=-0.0846  std=0.0511
    GNNExplainer                : min=+0.0000  max=+1.0000  mean=+0.3636  std=0.4810
  [WRONG  ] Graph  373 | true=0 pred=1 | nodes= 11 edges= 20
    GradExplainer               : min=-92.8839  max=+68.8645  mean=-1.8558  std=35.6539
    IntegratedGradExplainer     : min=-0.6807  max=+1.6598  mean=+0.1152  std=0.5953
    GNNExplainer                : min=+0.0000  max=+1.0000  mean=+0.5455  std=0.4979
  [CORRECT] Graph  374 | true=0 pred=0 | nodes= 11 edges= 20
    GradExplainer               : min=-0.0007  max=+0.0020  mean=+0.0003  std=0.0007
    IntegratedGradExplainer     : min=-0.2733  max=-0.0065  mean=-0.0846  std=0.0765
    GNNExplainer                : min=+0.0000  max=+1.0000  mean=+0.5455  std=0.4979
  [WRONG  ] Graph  375 | true=0 pred=1 | nodes= 11 edges= 20
    GradExplainer               : min=-69.4295  max=+20.5873  mean=-15.2228  std=25.6599
    IntegratedGradExplainer     : min=-3.7521  max=+5.8194  mean=+0.3073  std=2.0731
    GNNExplainer                : min=+0.0000  max=+1.0000  mean=+0.9091  std=0.2875
  [CORRECT] Graph  376 | true=0 pred=0 | nodes= 11 edges= 20
    GradExplainer               : min=-0.0013  max=+0.0022  mean=+0.0002  std=0.0009
    IntegratedGradExplainer     : min=-0.5412  max=+0.0138  mean=-0.0806  std=0.1574
    GNNExplainer                : min=+0.0000  max=+1.0000  mean=+0.9091  std=0.2875
  [WRONG  ] Graph  377 | true=1 pred=0 | nodes= 11 edges= 20
    GradExplainer               : min=-49.0374  max=+68.3884  mean=-13.4633  std=33.3351
    IntegratedGradExplainer     : min=-1.5234  max=+3.5772  mean=+0.0810  std=1.3000
    GNNExplainer                : min=+0.0000  max=+1.0000  mean=+0.7273  std=0.4454
  [CORRECT] Graph  378 | true=1 pred=1 | nodes= 11 edges= 20
    GradExplainer               : min=-0.4634  max=+0.3749  mean=-0.2053  std=0.2271
    IntegratedGradExplainer     : min=-0.2934  max=+0.1393  mean=-0.0394  std=0.1153
    GNNExplainer                : min=+0.0000  max=+1.0000  mean=+0.4545  std=0.4979
  [WRONG  ] Graph  379 | true=0 pred=1 | nodes= 11 edges= 20
    GradExplainer               : min=-42.9239  max=+32.3193  mean=+1.1063  std=16.5055
    IntegratedGradExplainer     : min=-2.1613  max=+3.1819  mean=+0.0758  std=1.2640
    GNNExplainer                : min=+0.0000  max=+1.0000  mean=+0.5455  std=0.4979
  [CORRECT] Graph  380 | true=0 pred=0 | nodes= 11 edges= 20
    GradExplainer               : min=-0.0040  max=+0.0053  mean=+0.0005  std=0.0026
    IntegratedGradExplainer     : min=-0.4690  max=+0.1399  mean=-0.0832  std=0.1446
    GNNExplainer                : min=+0.0000  max=+1.0000  mean=+0.5455  std=0.4979
  [CORRECT] Graph  381 | true=0 pred=0 | nodes= 11 edges= 20
    GradExplainer               : min=-0.0059  max=+0.0056  mean=-0.0007  std=0.0026
    IntegratedGradExplainer     : min=-0.3118  max=+0.0358  mean=-0.0845  std=0.1039
    GNNExplainer                : min=+0.0000  max=+1.0000  mean=+0.6364  std=0.4810
  [CORRECT] Graph  382 | true=1 pred=1 | nodes= 11 edges= 20
    GradExplainer               : min=-31.7083  max=+10.1963  mean=-6.5182  std=11.7368
    IntegratedGradExplainer     : min=-1.8079  max=+1.2690  mean=+0.0217  std=0.7104
    GNNExplainer                : min=+0.0000  max=+1.0000  mean=+0.5455  std=0.4979
  [CORRECT] Graph  383 | true=1 pred=1 | nodes= 11 edges= 20
    GradExplainer               : min=-31.2258  max=+11.8898  mean=-8.3842  std=11.9797
    IntegratedGradExplainer     : min=-0.8245  max=+0.7309  mean=+0.0611  std=0.4424
    GNNExplainer                : min=+0.0000  max=+1.0000  mean=+0.6364  std=0.4810
  [WRONG  ] Graph  384 | true=0 pred=1 | nodes= 11 edges= 20
    GradExplainer               : min=-25.9369  max=+27.6813  mean=-4.4294  std=13.3531
    IntegratedGradExplainer     : min=-0.7338  max=+3.4072  mean=+0.2476  std=1.0539
    GNNExplainer                : min=+0.0000  max=+1.0000  mean=+0.7273  std=0.4454
  [CORRECT] Graph  385 | true=0 pred=0 | nodes= 11 edges= 20
    GradExplainer               : min=-0.0001  max=+0.0000  mean=-0.0000  std=0.0000
    IntegratedGradExplainer     : min=-2.4308  max=+2.1912  mean=-0.0886  std=1.0498
    GNNExplainer                : min=+0.0000  max=+1.0000  mean=+0.4545  std=0.4979
  [WRONG  ] Graph  386 | true=0 pred=1 | nodes= 11 edges= 20
    GradExplainer               : min=+3.6219  max=+35.0680  mean=+10.8617  std=9.6717
    IntegratedGradExplainer     : min=-1.2211  max=+1.5016  mean=-0.0410  std=0.7159
    GNNExplainer                : min=+0.0000  max=+1.0000  mean=+0.9091  std=0.2875
  [WRONG  ] Graph  387 | true=1 pred=0 | nodes= 11 edges= 20
    GradExplainer               : min=-76.5685  max=+37.1791  mean=-12.7360  std=28.9822
    IntegratedGradExplainer     : min=-0.3922  max=+2.6505  mean=+0.2438  std=0.7967
    GNNExplainer                : min=+0.0000  max=+1.0000  mean=+0.8182  std=0.3857
  [CORRECT] Graph  388 | true=1 pred=1 | nodes= 11 edges= 20
    GradExplainer               : min=-31.5248  max=+29.9421  mean=-7.0681  std=19.0512
    IntegratedGradExplainer     : min=-2.1427  max=+3.2345  mean=+0.0646  std=1.2412
    GNNExplainer                : min=+0.0000  max=+1.0000  mean=+0.7273  std=0.4454
  [CORRECT] Graph  389 | true=0 pred=0 | nodes= 11 edges= 20
    GradExplainer               : min=-0.0010  max=+0.0006  mean=-0.0001  std=0.0004
    IntegratedGradExplainer     : min=-0.4525  max=+0.0603  mean=-0.0802  std=0.1397
    GNNExplainer                : min=+0.0000  max=+1.0000  mean=+0.7273  std=0.4454
  [WRONG  ] Graph  390 | true=1 pred=0 | nodes= 11 edges= 20
    GradExplainer               : min=-58.5091  max=+36.7833  mean=-9.9742  std=25.6929
    IntegratedGradExplainer     : min=-0.4967  max=+1.3458  mean=+0.2107  std=0.5409
    GNNExplainer                : min=+0.0000  max=+1.0000  mean=+0.6364  std=0.4810
  [CORRECT] Graph  391 | true=0 pred=0 | nodes= 11 edges= 20
    GradExplainer               : min=-4.0211  max=+1.4685  mean=-1.0004  std=1.6300
    IntegratedGradExplainer     : min=-0.4021  max=+0.2241  mean=-0.0764  std=0.1655
    GNNExplainer                : min=+0.0000  max=+1.0000  mean=+0.6364  std=0.4810
  [CORRECT] Graph  392 | true=0 pred=0 | nodes= 11 edges= 20
    GradExplainer               : min=-0.0253  max=+0.0034  mean=-0.0043  std=0.0075
    IntegratedGradExplainer     : min=-0.3734  max=+0.0149  mean=-0.0855  std=0.1038
    GNNExplainer                : min=+0.0000  max=+1.0000  mean=+0.8182  std=0.3857
  [CORRECT] Graph  393 | true=1 pred=1 | nodes= 11 edges= 20
    GradExplainer               : min=-0.0092  max=+0.0073  mean=+0.0003  std=0.0040
    IntegratedGradExplainer     : min=-0.6829  max=+0.4483  mean=-0.0428  std=0.2464
    GNNExplainer                : min=+0.0000  max=+1.0000  mean=+0.7273  std=0.4454
  [WRONG  ] Graph  394 | true=0 pred=1 | nodes= 11 edges= 20
    GradExplainer               : min=-48.3406  max=+97.1271  mean=+7.1597  std=32.7604
    IntegratedGradExplainer     : min=-1.8398  max=+2.8274  mean=-0.0254  std=1.2399
    GNNExplainer                : min=+0.0000  max=+1.0000  mean=+0.8182  std=0.3857
  [CORRECT] Graph  395 | true=1 pred=1 | nodes= 11 edges= 20
    GradExplainer               : min=-0.1534  max=+0.0383  mean=-0.0157  std=0.0481
    IntegratedGradExplainer     : min=-0.7506  max=+0.4936  mean=-0.0398  std=0.3409
    GNNExplainer                : min=+0.0000  max=+1.0000  mean=+0.8182  std=0.3857
  [CORRECT] Graph  396 | true=0 pred=0 | nodes= 11 edges= 20
    GradExplainer               : min=-2.1869  max=+0.6798  mean=-0.7115  std=0.8376
    IntegratedGradExplainer     : min=-0.6063  max=+0.4563  mean=-0.0455  std=0.2462
    GNNExplainer                : min=+0.0000  max=+1.0000  mean=+0.5455  std=0.4979
  [WRONG  ] Graph  397 | true=1 pred=0 | nodes= 11 edges= 20
    GradExplainer               : min=-55.3933  max=+55.4964  mean=+2.5007  std=23.7714
    IntegratedGradExplainer     : min=-0.6388  max=+1.5016  mean=+0.1535  std=0.5619
    GNNExplainer                : min=+0.0000  max=+1.0000  mean=+0.7273  std=0.4454
  [CORRECT] Graph  398 | true=0 pred=0 | nodes= 11 edges= 20
    GradExplainer               : min=-0.0044  max=+0.0011  mean=-0.0012  std=0.0020
    IntegratedGradExplainer     : min=-0.2583  max=-0.0091  mean=-0.0825  std=0.0847
    GNNExplainer                : min=+0.0000  max=+1.0000  mean=+0.7273  std=0.4454
  [CORRECT] Graph  399 | true=0 pred=0 | nodes= 11 edges= 20
    GradExplainer               : min=-2.4025  max=+6.0018  mean=+1.2152  std=2.2824
    IntegratedGradExplainer     : min=-2.3756  max=+2.1370  mean=-0.0639  std=1.0935
    GNNExplainer                : min=+0.0000  max=+1.0000  mean=+0.4545  std=0.4979
  [WRONG  ] Graph  400 | true=1 pred=0 | nodes= 11 edges= 20
    GradExplainer               : min=-47.8001  max=-1.7295  mean=-12.9627  std=14.3415
    IntegratedGradExplainer     : min=-1.8728  max=+1.5310  mean=+0.0812  std=0.7548
    GNNExplainer                : min=+0.0000  max=+1.0000  mean=+0.7273  std=0.4454
  [WRONG  ] Graph  401 | true=0 pred=1 | nodes= 11 edges= 20
    GradExplainer               : min=-32.6814  max=+17.7024  mean=-2.2719  std=12.5861
    IntegratedGradExplainer     : min=-1.2824  max=+1.4772  mean=+0.0740  std=0.7861
    GNNExplainer                : min=+0.0000  max=+1.0000  mean=+0.7273  std=0.4454
  [CORRECT] Graph  402 | true=0 pred=0 | nodes= 11 edges= 20
    GradExplainer               : min=-0.0013  max=+0.0021  mean=+0.0002  std=0.0008
    IntegratedGradExplainer     : min=-0.5821  max=+0.2995  mean=-0.0852  std=0.1998
    GNNExplainer                : min=+0.0000  max=+1.0000  mean=+0.8182  std=0.3857
  [CORRECT] Graph  403 | true=1 pred=1 | nodes= 11 edges= 20
    GradExplainer               : min=-103.9144  max=+105.9855  mean=+4.2115  std=48.9476
    IntegratedGradExplainer     : min=-1.1769  max=+0.7888  mean=+0.0247  std=0.4536
    GNNExplainer                : min=+0.0000  max=+1.0000  mean=+0.6364  std=0.4810
  [CORRECT] Graph  404 | true=0 pred=0 | nodes= 11 edges= 20
    GradExplainer               : min=-0.3404  max=+0.2193  mean=-0.0887  std=0.1662
    IntegratedGradExplainer     : min=-0.2473  max=-0.0134  mean=-0.0850  std=0.0752
    GNNExplainer                : min=+0.0000  max=+1.0000  mean=+0.9091  std=0.2875
  [CORRECT] Graph  405 | true=1 pred=1 | nodes= 11 edges= 20
    GradExplainer               : min=-0.0412  max=+0.0450  mean=-0.0048  std=0.0200
    IntegratedGradExplainer     : min=-0.6124  max=+0.4994  mean=-0.0439  std=0.2479
    GNNExplainer                : min=+0.0000  max=+1.0000  mean=+0.3636  std=0.4810
  [WRONG  ] Graph  406 | true=0 pred=1 | nodes= 11 edges= 20
    GradExplainer               : min=-90.2442  max=+64.6828  mean=-12.9687  std=37.0702
    IntegratedGradExplainer     : min=-2.7451  max=+1.6968  mean=+0.1225  std=1.1066
    GNNExplainer                : min=+0.0000  max=+1.0000  mean=+0.4545  std=0.4979
  [CORRECT] Graph  407 | true=1 pred=1 | nodes= 11 edges= 20
    GradExplainer               : min=-0.0414  max=+0.0279  mean=-0.0029  std=0.0219
    IntegratedGradExplainer     : min=-0.5668  max=+0.1489  mean=-0.0487  std=0.1723
    GNNExplainer                : min=+0.0000  max=+1.0000  mean=+0.5455  std=0.4979
  [CORRECT] Graph  408 | true=0 pred=0 | nodes= 11 edges= 20
    GradExplainer               : min=-0.2347  max=+0.3844  mean=+0.0362  std=0.1824
    IntegratedGradExplainer     : min=-0.2096  max=+0.0487  mean=-0.0858  std=0.0877
    GNNExplainer                : min=+0.0000  max=+1.0000  mean=+0.9091  std=0.2875
  [WRONG  ] Graph  409 | true=0 pred=1 | nodes= 11 edges= 20
    GradExplainer               : min=-111.6508  max=+58.1351  mean=-9.4061  std=49.9444
    IntegratedGradExplainer     : min=-1.8584  max=+4.9114  mean=+0.2072  std=1.6089
    GNNExplainer                : min=+0.0000  max=+1.0000  mean=+0.5455  std=0.4979
  [CORRECT] Graph  410 | true=0 pred=0 | nodes= 11 edges= 20
    GradExplainer               : min=-0.2128  max=+0.1032  mean=-0.0509  std=0.0903
    IntegratedGradExplainer     : min=-0.3852  max=+0.0477  mean=-0.0882  std=0.1183
    GNNExplainer                : min=+0.0000  max=+1.0000  mean=+0.8182  std=0.3857
  [CORRECT] Graph  411 | true=0 pred=0 | nodes= 11 edges= 20
    GradExplainer               : min=-0.0002  max=+0.0014  mean=+0.0003  std=0.0005
    IntegratedGradExplainer     : min=-0.2168  max=-0.0205  mean=-0.0818  std=0.0566
    GNNExplainer                : min=+0.0000  max=+1.0000  mean=+0.3636  std=0.4810
  [WRONG  ] Graph  412 | true=0 pred=1 | nodes= 11 edges= 20
    GradExplainer               : min=+11.6518  max=+126.7848  mean=+43.0079  std=40.2013
    IntegratedGradExplainer     : min=-1.9036  max=+4.4321  mean=+0.0531  std=1.5318
    GNNExplainer                : min=+0.0000  max=+1.0000  mean=+0.6364  std=0.4810
  [CORRECT] Graph  413 | true=0 pred=0 | nodes= 11 edges= 20
    GradExplainer               : min=-4.6500  max=+5.8532  mean=+1.8394  std=2.6425
    IntegratedGradExplainer     : min=-0.7879  max=+0.1963  mean=-0.0750  std=0.2520
    GNNExplainer                : min=+0.0000  max=+1.0000  mean=+0.7273  std=0.4454
  [CORRECT] Graph  414 | true=0 pred=0 | nodes= 11 edges= 20
    GradExplainer               : min=-0.0156  max=+0.0582  mean=+0.0253  std=0.0228
    IntegratedGradExplainer     : min=-0.4676  max=+0.6078  mean=-0.0682  std=0.2617
    GNNExplainer                : min=+0.0000  max=+1.0000  mean=+0.7273  std=0.4454
  [CORRECT] Graph  415 | true=0 pred=0 | nodes= 11 edges= 20
    GradExplainer               : min=-19.7968  max=-0.4831  mean=-3.7326  std=5.7646
    IntegratedGradExplainer     : min=-0.6461  max=+0.1296  mean=-0.0744  std=0.2194
    GNNExplainer                : min=+0.0000  max=+1.0000  mean=+0.7273  std=0.4454
  [CORRECT] Graph  416 | true=0 pred=0 | nodes= 11 edges= 20
    GradExplainer               : min=-0.0006  max=+0.0031  mean=+0.0006  std=0.0010
    IntegratedGradExplainer     : min=-0.8623  max=+0.8554  mean=-0.0842  std=0.4115
    GNNExplainer                : min=+0.0000  max=+1.0000  mean=+0.3636  std=0.4810
  [WRONG  ] Graph  417 | true=0 pred=1 | nodes= 11 edges= 20
    GradExplainer               : min=-0.3544  max=+30.3280  mean=+9.1347  std=11.4476
    IntegratedGradExplainer     : min=-0.8494  max=+0.3372  mean=-0.0508  std=0.3200
    GNNExplainer                : min=+0.0000  max=+1.0000  mean=+0.7273  std=0.4454
  [WRONG  ] Graph  418 | true=0 pred=1 | nodes= 11 edges= 20
    GradExplainer               : min=-21.2673  max=+6.0534  mean=-3.0906  std=6.8945
    IntegratedGradExplainer     : min=-2.3732  max=+3.4261  mean=-0.0304  std=1.3113
    GNNExplainer                : min=+0.0000  max=+1.0000  mean=+0.6364  std=0.4810
  [WRONG  ] Graph  419 | true=0 pred=1 | nodes= 11 edges= 20
    GradExplainer               : min=-40.7204  max=+32.0170  mean=-1.5066  std=17.4876
    IntegratedGradExplainer     : min=-2.9305  max=+3.3900  mean=-0.0133  std=1.4080
    GNNExplainer                : min=+0.0000  max=+1.0000  mean=+0.8182  std=0.3857
  [WRONG  ] Graph  420 | true=0 pred=1 | nodes= 11 edges= 20
    GradExplainer               : min=-33.8851  max=+60.8324  mean=+10.6898  std=22.8025
    IntegratedGradExplainer     : min=-3.6722  max=+5.4294  mean=+0.1988  std=2.1786
    GNNExplainer                : min=+0.0000  max=+1.0000  mean=+0.6364  std=0.4810
  [CORRECT] Graph  421 | true=1 pred=1 | nodes= 11 edges= 20
    GradExplainer               : min=-0.0001  max=+0.0001  mean=-0.0000  std=0.0000
    IntegratedGradExplainer     : min=-0.3279  max=+0.0611  mean=-0.0443  std=0.0998
    GNNExplainer                : min=+0.0000  max=+1.0000  mean=+0.6364  std=0.4810
  [WRONG  ] Graph  422 | true=1 pred=0 | nodes= 11 edges= 20
    GradExplainer               : min=-34.2988  max=+113.9072  mean=+21.5987  std=35.7002
    IntegratedGradExplainer     : min=-1.3670  max=+2.3332  mean=+0.2772  std=0.8288
    GNNExplainer                : min=+1.0000  max=+1.0000  mean=+1.0000  std=0.0000
  [CORRECT] Graph  423 | true=1 pred=1 | nodes= 11 edges= 20
    GradExplainer               : min=-0.1987  max=+1.2727  mean=+0.3747  std=0.5122
    IntegratedGradExplainer     : min=-0.5632  max=+0.3165  mean=-0.0386  std=0.2034
    GNNExplainer                : min=+0.0000  max=+1.0000  mean=+0.7273  std=0.4454
  [WRONG  ] Graph  424 | true=0 pred=1 | nodes= 11 edges= 20
    GradExplainer               : min=-0.2418  max=+20.1873  mean=+4.2604  std=6.0502
    IntegratedGradExplainer     : min=-0.5026  max=+1.3552  mean=-0.0305  std=0.4587
    GNNExplainer                : min=+0.0000  max=+1.0000  mean=+0.6364  std=0.4810
  [CORRECT] Graph  425 | true=1 pred=1 | nodes= 11 edges= 20
    GradExplainer               : min=-23.8784  max=+23.9895  mean=-0.7816  std=11.3768
    IntegratedGradExplainer     : min=-0.3125  max=+0.2798  mean=-0.0228  std=0.1489
    GNNExplainer                : min=+0.0000  max=+1.0000  mean=+0.8182  std=0.3857
  [CORRECT] Graph  426 | true=1 pred=1 | nodes= 11 edges= 20
    GradExplainer               : min=-35.0717  max=+31.4936  mean=-2.2608  std=15.2960
    IntegratedGradExplainer     : min=-1.8987  max=+1.1481  mean=+0.0229  std=0.7077
    GNNExplainer                : min=+0.0000  max=+1.0000  mean=+0.7273  std=0.4454
  [CORRECT] Graph  427 | true=0 pred=0 | nodes= 11 edges= 20
    GradExplainer               : min=-1.7424  max=+13.4465  mean=+2.8998  std=4.9549
    IntegratedGradExplainer     : min=-0.7602  max=+0.3950  mean=-0.0732  std=0.2764
    GNNExplainer                : min=+0.0000  max=+1.0000  mean=+0.7273  std=0.4454
  [CORRECT] Graph  428 | true=0 pred=0 | nodes= 11 edges= 20
    GradExplainer               : min=+0.0002  max=+0.0300  mean=+0.0057  std=0.0090
    IntegratedGradExplainer     : min=-0.2989  max=+0.0158  mean=-0.0844  std=0.0912
    GNNExplainer                : min=+0.0000  max=+1.0000  mean=+0.6364  std=0.4810
  [CORRECT] Graph  429 | true=0 pred=0 | nodes= 11 edges= 20
    GradExplainer               : min=+0.0000  max=+0.0188  mean=+0.0032  std=0.0058
    IntegratedGradExplainer     : min=-0.3137  max=-0.0226  mean=-0.0859  std=0.0844
    GNNExplainer                : min=+0.0000  max=+1.0000  mean=+0.8182  std=0.3857
  [CORRECT] Graph  430 | true=0 pred=0 | nodes= 11 edges= 20
    GradExplainer               : min=+0.0001  max=+0.0077  mean=+0.0028  std=0.0022
    IntegratedGradExplainer     : min=-0.3434  max=+0.0234  mean=-0.0850  std=0.1004
    GNNExplainer                : min=+0.0000  max=+1.0000  mean=+0.7273  std=0.4454
  [WRONG  ] Graph  431 | true=0 pred=1 | nodes= 11 edges= 20
    GradExplainer               : min=-1.8578  max=+3.9097  mean=+0.6881  std=1.6401
    IntegratedGradExplainer     : min=-0.5492  max=+0.4399  mean=-0.0542  std=0.2888
    GNNExplainer                : min=+0.0000  max=+1.0000  mean=+0.8182  std=0.3857
  [WRONG  ] Graph  432 | true=0 pred=1 | nodes= 11 edges= 20
    GradExplainer               : min=+0.1428  max=+89.5483  mean=+22.6505  std=30.3486
    IntegratedGradExplainer     : min=-1.1439  max=+1.5608  mean=+0.0404  std=0.7360
    GNNExplainer                : min=+0.0000  max=+1.0000  mean=+0.6364  std=0.4810
  [CORRECT] Graph  433 | true=0 pred=0 | nodes= 11 edges= 20
    GradExplainer               : min=+0.0013  max=+0.0720  mean=+0.0256  std=0.0272
    IntegratedGradExplainer     : min=-0.6768  max=+0.4356  mean=-0.0867  std=0.2903
    GNNExplainer                : min=+0.0000  max=+1.0000  mean=+0.8182  std=0.3857
  [WRONG  ] Graph  434 | true=0 pred=1 | nodes= 11 edges= 20
    GradExplainer               : min=-92.5335  max=+58.6535  mean=-6.2085  std=34.2216
    IntegratedGradExplainer     : min=-1.2510  max=+2.8499  mean=+0.0922  std=1.0017
    GNNExplainer                : min=+0.0000  max=+1.0000  mean=+0.8182  std=0.3857
  [CORRECT] Graph  435 | true=1 pred=1 | nodes= 11 edges= 20
    GradExplainer               : min=-68.9649  max=+73.7238  mean=+4.4567  std=31.8307
    IntegratedGradExplainer     : min=-2.3102  max=+1.0927  mean=-0.0121  std=0.7953
    GNNExplainer                : min=+0.0000  max=+1.0000  mean=+0.9091  std=0.2875
  [WRONG  ] Graph  436 | true=0 pred=1 | nodes= 11 edges= 20
    GradExplainer               : min=-52.8807  max=+0.5885  mean=-12.6746  std=16.4203
    IntegratedGradExplainer     : min=-0.3556  max=+0.2743  mean=-0.0383  std=0.1580
    GNNExplainer                : min=+0.0000  max=+1.0000  mean=+0.8182  std=0.3857
  [CORRECT] Graph  437 | true=0 pred=0 | nodes= 11 edges= 20
    GradExplainer               : min=-0.6851  max=+5.1235  mean=+1.3382  std=1.6397
    IntegratedGradExplainer     : min=-0.4319  max=+0.2311  mean=-0.0734  std=0.1781
    GNNExplainer                : min=+0.0000  max=+1.0000  mean=+0.7273  std=0.4454
  [CORRECT] Graph  438 | true=1 pred=1 | nodes= 11 edges= 20
    GradExplainer               : min=-0.0011  max=-0.0001  mean=-0.0004  std=0.0004
    IntegratedGradExplainer     : min=-0.1844  max=+0.1583  mean=-0.0435  std=0.0854
    GNNExplainer                : min=+0.0000  max=+1.0000  mean=+0.8182  std=0.3857
  [WRONG  ] Graph  439 | true=0 pred=1 | nodes= 11 edges= 20
    GradExplainer               : min=-4.6043  max=+45.0298  mean=+8.3396  std=13.2258
    IntegratedGradExplainer     : min=-0.8202  max=+0.5788  mean=-0.0033  std=0.3437
    GNNExplainer                : min=+0.0000  max=+1.0000  mean=+0.6364  std=0.4810
  [WRONG  ] Graph  440 | true=0 pred=1 | nodes= 11 edges= 20
    GradExplainer               : min=-66.5614  max=+35.0684  mean=-8.4469  std=22.9022
    IntegratedGradExplainer     : min=-2.1881  max=+5.6249  mean=+0.5851  std=2.3093
    GNNExplainer                : min=+0.0000  max=+1.0000  mean=+0.5455  std=0.4979
  [WRONG  ] Graph  441 | true=1 pred=0 | nodes= 11 edges= 20
    GradExplainer               : min=-71.6451  max=+10.7030  mean=-14.0367  std=24.7590
    IntegratedGradExplainer     : min=-1.2817  max=+3.3073  mean=+0.4619  std=1.0550
    GNNExplainer                : min=+0.0000  max=+1.0000  mean=+0.6364  std=0.4810
  [CORRECT] Graph  442 | true=0 pred=0 | nodes= 11 edges= 20
    GradExplainer               : min=-4.1036  max=+2.3760  mean=-0.8809  std=1.7110
    IntegratedGradExplainer     : min=-0.2952  max=+0.0274  mean=-0.0751  std=0.0882
    GNNExplainer                : min=+0.0000  max=+1.0000  mean=+0.6364  std=0.4810
  [CORRECT] Graph  443 | true=0 pred=0 | nodes= 11 edges= 20
    GradExplainer               : min=-0.5669  max=+6.2105  mean=+1.9044  std=2.2739
    IntegratedGradExplainer     : min=-1.1046  max=+0.8253  mean=-0.0796  std=0.4324
    GNNExplainer                : min=+0.0000  max=+1.0000  mean=+0.6364  std=0.4810
  [CORRECT] Graph  444 | true=0 pred=0 | nodes= 11 edges= 20
    GradExplainer               : min=-0.6312  max=+0.1978  mean=-0.2198  std=0.2616
    IntegratedGradExplainer     : min=-0.2181  max=+0.0073  mean=-0.0784  std=0.0728
    GNNExplainer                : min=+0.0000  max=+1.0000  mean=+0.9091  std=0.2875
  [CORRECT] Graph  445 | true=1 pred=1 | nodes= 11 edges= 20
    GradExplainer               : min=-1.9474  max=-0.1525  mean=-0.5023  std=0.5569
    IntegratedGradExplainer     : min=-1.1928  max=+0.8263  mean=-0.0451  std=0.4905
    GNNExplainer                : min=+0.0000  max=+1.0000  mean=+0.8182  std=0.3857
  [WRONG  ] Graph  446 | true=0 pred=1 | nodes= 11 edges= 20
    GradExplainer               : min=-0.9436  max=+26.4664  mean=+10.3508  std=8.2624
    IntegratedGradExplainer     : min=-5.5583  max=+4.3271  mean=+0.3631  std=2.3091
    GNNExplainer                : min=+0.0000  max=+1.0000  mean=+0.7273  std=0.4454
  [CORRECT] Graph  447 | true=0 pred=0 | nodes= 11 edges= 20
    GradExplainer               : min=-0.0232  max=+0.3431  mean=+0.0705  std=0.1147
    IntegratedGradExplainer     : min=-0.2309  max=+0.1190  mean=-0.0816  std=0.1111
    GNNExplainer                : min=+0.0000  max=+1.0000  mean=+0.6364  std=0.4810
  [CORRECT] Graph  448 | true=1 pred=1 | nodes= 11 edges= 20
    GradExplainer               : min=-0.0979  max=+0.0700  mean=+0.0030  std=0.0420
    IntegratedGradExplainer     : min=-0.9000  max=+0.2134  mean=-0.0473  std=0.2955
    GNNExplainer                : min=+0.0000  max=+1.0000  mean=+0.8182  std=0.3857
  [CORRECT] Graph  449 | true=0 pred=0 | nodes= 11 edges= 20
    GradExplainer               : min=-0.0003  max=+0.0000  mean=-0.0001  std=0.0001
    IntegratedGradExplainer     : min=-0.4023  max=+0.0357  mean=-0.0782  std=0.1373
    GNNExplainer                : min=+0.0000  max=+1.0000  mean=+0.8182  std=0.3857
  [CORRECT] Graph  450 | true=0 pred=0 | nodes= 11 edges= 20
    GradExplainer               : min=-4.7910  max=+35.2103  mean=+5.5370  std=10.7613
    IntegratedGradExplainer     : min=-0.6834  max=+0.2426  mean=-0.0600  std=0.2370
    GNNExplainer                : min=+0.0000  max=+1.0000  mean=+0.8182  std=0.3857
  [WRONG  ] Graph  451 | true=0 pred=1 | nodes= 11 edges= 20
    GradExplainer               : min=-60.9095  max=+12.6480  mean=-22.5659  std=25.1091
    IntegratedGradExplainer     : min=-1.5179  max=+5.4959  mean=+0.4256  std=1.7428
    GNNExplainer                : min=+1.0000  max=+1.0000  mean=+1.0000  std=0.0000
  [CORRECT] Graph  452 | true=1 pred=1 | nodes= 11 edges= 20
    GradExplainer               : min=-0.0001  max=+0.1649  mean=+0.0455  std=0.0445
    IntegratedGradExplainer     : min=-1.2256  max=+0.6413  mean=-0.0385  std=0.4819
    GNNExplainer                : min=+0.0000  max=+1.0000  mean=+0.2727  std=0.4454
  [CORRECT] Graph  453 | true=1 pred=1 | nodes= 11 edges= 20
    GradExplainer               : min=-40.0580  max=+9.8338  mean=-2.0059  std=12.8139
    IntegratedGradExplainer     : min=-0.2758  max=+0.2358  mean=-0.0259  std=0.1421
    GNNExplainer                : min=+0.0000  max=+1.0000  mean=+0.9091  std=0.2875
  [CORRECT] Graph  454 | true=0 pred=0 | nodes= 11 edges= 20
    GradExplainer               : min=-0.0684  max=+0.0116  mean=-0.0075  std=0.0204
    IntegratedGradExplainer     : min=-0.2463  max=+0.0439  mean=-0.0669  std=0.0711
    GNNExplainer                : min=+0.0000  max=+1.0000  mean=+0.5455  std=0.4979
  [CORRECT] Graph  455 | true=0 pred=0 | nodes= 11 edges= 20
    GradExplainer               : min=-0.0742  max=+0.0104  mean=-0.0094  std=0.0226
    IntegratedGradExplainer     : min=-0.2129  max=+0.0629  mean=-0.0883  std=0.0871
    GNNExplainer                : min=+0.0000  max=+1.0000  mean=+0.6364  std=0.4810
  [CORRECT] Graph  456 | true=0 pred=0 | nodes= 11 edges= 20
    GradExplainer               : min=+0.4339  max=+35.6731  mean=+6.7676  std=10.7007
    IntegratedGradExplainer     : min=-0.2289  max=-0.0054  mean=-0.0721  std=0.0585
    GNNExplainer                : min=+0.0000  max=+1.0000  mean=+0.6364  std=0.4810
  [WRONG  ] Graph  457 | true=0 pred=1 | nodes= 11 edges= 20
    GradExplainer               : min=-15.9521  max=+4.7878  mean=-2.5636  std=6.5704
    IntegratedGradExplainer     : min=-1.3863  max=+2.6355  mean=+0.5149  std=1.1366
    GNNExplainer                : min=+0.0000  max=+1.0000  mean=+0.6364  std=0.4810
  [CORRECT] Graph  458 | true=1 pred=1 | nodes= 11 edges= 20
    GradExplainer               : min=-0.0052  max=+0.0100  mean=+0.0023  std=0.0036
    IntegratedGradExplainer     : min=-0.2389  max=+0.0998  mean=-0.0431  std=0.0969
    GNNExplainer                : min=+0.0000  max=+1.0000  mean=+0.6364  std=0.4810
  [CORRECT] Graph  459 | true=0 pred=0 | nodes= 11 edges= 20
    GradExplainer               : min=-1.0321  max=+1.3431  mean=-0.0582  std=0.5479
    IntegratedGradExplainer     : min=-0.3757  max=+0.0334  mean=-0.0839  std=0.1203
    GNNExplainer                : min=+0.0000  max=+1.0000  mean=+0.6364  std=0.4810
  [CORRECT] Graph  460 | true=1 pred=1 | nodes= 11 edges= 20
    GradExplainer               : min=-0.0010  max=+0.0010  mean=+0.0000  std=0.0005
    IntegratedGradExplainer     : min=-0.3211  max=+0.1976  mean=-0.0541  std=0.1147
    GNNExplainer                : min=+0.0000  max=+1.0000  mean=+0.7273  std=0.4454
  [WRONG  ] Graph  461 | true=0 pred=1 | nodes= 11 edges= 20
    GradExplainer               : min=-23.1947  max=+70.3461  mean=+8.2028  std=21.6399
    IntegratedGradExplainer     : min=-0.3738  max=+3.2103  mean=+0.4776  std=0.9886
    GNNExplainer                : min=+0.0000  max=+1.0000  mean=+0.6364  std=0.4810
  [CORRECT] Graph  462 | true=0 pred=0 | nodes= 11 edges= 20
    GradExplainer               : min=-0.6483  max=+0.2083  mean=-0.2082  std=0.2457
    IntegratedGradExplainer     : min=-0.2290  max=+0.0158  mean=-0.0804  std=0.0732
    GNNExplainer                : min=+0.0000  max=+1.0000  mean=+0.8182  std=0.3857
  [WRONG  ] Graph  463 | true=1 pred=0 | nodes= 11 edges= 20
    GradExplainer               : min=-51.7950  max=+4.5741  mean=-17.2125  std=19.5351
    IntegratedGradExplainer     : min=-3.0197  max=+4.0858  mean=+0.2543  std=1.5627
    GNNExplainer                : min=+0.0000  max=+1.0000  mean=+0.8182  std=0.3857
  [CORRECT] Graph  464 | true=1 pred=1 | nodes= 11 edges= 20
    GradExplainer               : min=-0.0106  max=+0.0052  mean=-0.0026  std=0.0045
    IntegratedGradExplainer     : min=-0.5438  max=+0.5609  mean=-0.0499  std=0.3406
    GNNExplainer                : min=+0.0000  max=+1.0000  mean=+0.8182  std=0.3857
  [CORRECT] Graph  465 | true=1 pred=1 | nodes= 11 edges= 20
    GradExplainer               : min=-18.1277  max=+0.9283  mean=-4.9617  std=5.4117
    IntegratedGradExplainer     : min=-0.2807  max=+0.3137  mean=-0.0233  std=0.1803
    GNNExplainer                : min=+0.0000  max=+1.0000  mean=+0.6364  std=0.4810
  [WRONG  ] Graph  466 | true=0 pred=1 | nodes= 11 edges= 20
    GradExplainer               : min=-23.6929  max=+45.8133  mean=+7.0349  std=15.5035
    IntegratedGradExplainer     : min=-0.8803  max=+2.2397  mean=+0.1110  std=0.9510
    GNNExplainer                : min=+0.0000  max=+1.0000  mean=+0.7273  std=0.4454
  [CORRECT] Graph  467 | true=0 pred=0 | nodes= 11 edges= 20
    GradExplainer               : min=-0.0034  max=-0.0001  mean=-0.0010  std=0.0010
    IntegratedGradExplainer     : min=-0.2624  max=+0.0068  mean=-0.0901  std=0.0873
    GNNExplainer                : min=+0.0000  max=+1.0000  mean=+0.8182  std=0.3857
  [CORRECT] Graph  468 | true=0 pred=0 | nodes= 11 edges= 20
    GradExplainer               : min=-0.7238  max=+0.0095  mean=-0.1417  std=0.1885
    IntegratedGradExplainer     : min=-1.5833  max=+0.6383  mean=-0.0832  std=0.5299
    GNNExplainer                : min=+1.0000  max=+1.0000  mean=+1.0000  std=0.0000
  [WRONG  ] Graph  469 | true=0 pred=1 | nodes= 11 edges= 20
    GradExplainer               : min=-55.0072  max=+23.6633  mean=-9.3804  std=17.5952
    IntegratedGradExplainer     : min=-2.1229  max=+1.7395  mean=+0.2084  std=1.0510
    GNNExplainer                : min=+0.0000  max=+1.0000  mean=+0.7273  std=0.4454
  [CORRECT] Graph  470 | true=0 pred=0 | nodes= 11 edges= 20
    GradExplainer               : min=-0.3128  max=+2.0895  mean=+0.4770  std=0.6206
    IntegratedGradExplainer     : min=-0.3093  max=+0.2980  mean=-0.0779  std=0.1748
    GNNExplainer                : min=+0.0000  max=+1.0000  mean=+0.5455  std=0.4979
  [CORRECT] Graph  471 | true=0 pred=0 | nodes= 11 edges= 20
    GradExplainer               : min=+0.3425  max=+3.0836  mean=+1.0531  std=0.8766
    IntegratedGradExplainer     : min=-3.7892  max=+2.1807  mean=-0.0857  std=1.4726
    GNNExplainer                : min=+1.0000  max=+1.0000  mean=+1.0000  std=0.0000
  [WRONG  ] Graph  472 | true=0 pred=1 | nodes= 11 edges= 20
    GradExplainer               : min=-29.5436  max=+24.0939  mean=+0.7953  std=13.6848
    IntegratedGradExplainer     : min=-0.2568  max=+0.1734  mean=-0.0303  std=0.1156
    GNNExplainer                : min=+0.0000  max=+1.0000  mean=+0.7273  std=0.4454
  [CORRECT] Graph  473 | true=0 pred=0 | nodes= 11 edges= 20
    GradExplainer               : min=-0.0078  max=+0.0164  mean=+0.0026  std=0.0081
    IntegratedGradExplainer     : min=-0.2603  max=-0.0008  mean=-0.0847  std=0.0859
    GNNExplainer                : min=+0.0000  max=+1.0000  mean=+0.7273  std=0.4454
  [CORRECT] Graph  474 | true=0 pred=0 | nodes= 11 edges= 20
    GradExplainer               : min=-0.0123  max=+0.0104  mean=-0.0008  std=0.0053
    IntegratedGradExplainer     : min=-0.3412  max=+0.6135  mean=-0.0907  std=0.2565
    GNNExplainer                : min=+0.0000  max=+1.0000  mean=+0.9091  std=0.2875
  [CORRECT] Graph  475 | true=1 pred=1 | nodes= 11 edges= 20
    GradExplainer               : min=-0.0056  max=+0.0190  mean=+0.0027  std=0.0067
    IntegratedGradExplainer     : min=-0.2092  max=+0.0676  mean=-0.0471  std=0.0800
    GNNExplainer                : min=+0.0000  max=+1.0000  mean=+0.6364  std=0.4810
  [CORRECT] Graph  476 | true=0 pred=0 | nodes= 11 edges= 20
    GradExplainer               : min=-0.0025  max=+0.0585  mean=+0.0221  std=0.0222
    IntegratedGradExplainer     : min=-0.3116  max=+0.0785  mean=-0.0818  std=0.1064
    GNNExplainer                : min=+0.0000  max=+1.0000  mean=+0.6364  std=0.4810
  [CORRECT] Graph  477 | true=0 pred=0 | nodes= 11 edges= 20
    GradExplainer               : min=-0.0010  max=+0.0011  mean=+0.0000  std=0.0006
    IntegratedGradExplainer     : min=-0.4889  max=+0.0411  mean=-0.0882  std=0.1465
    GNNExplainer                : min=+0.0000  max=+1.0000  mean=+0.6364  std=0.4810
  [CORRECT] Graph  478 | true=0 pred=0 | nodes= 11 edges= 20
    GradExplainer               : min=-0.7850  max=+1.4264  mean=+0.2470  std=0.5814
    IntegratedGradExplainer     : min=-0.4090  max=+0.4195  mean=-0.0748  std=0.1967
    GNNExplainer                : min=+0.0000  max=+1.0000  mean=+0.9091  std=0.2875
  [WRONG  ] Graph  479 | true=0 pred=1 | nodes= 11 edges= 20
    GradExplainer               : min=-32.5861  max=+121.0743  mean=+18.5471  std=44.8911
    IntegratedGradExplainer     : min=-0.3513  max=+1.7679  mean=+0.0536  std=0.5590
    GNNExplainer                : min=+0.0000  max=+1.0000  mean=+0.6364  std=0.4810
  [CORRECT] Graph  480 | true=0 pred=0 | nodes= 11 edges= 20
    GradExplainer               : min=-1.4074  max=+1.1970  mean=+0.0008  std=0.5591
    IntegratedGradExplainer     : min=-1.2019  max=+0.6197  mean=-0.0939  std=0.4092
    GNNExplainer                : min=+0.0000  max=+1.0000  mean=+0.7273  std=0.4454
  [WRONG  ] Graph  481 | true=0 pred=1 | nodes= 11 edges= 20
    GradExplainer               : min=-155.4258  max=+116.4564  mean=-23.9954  std=68.0157
    IntegratedGradExplainer     : min=-3.0106  max=+3.4815  mean=+0.2436  std=1.6925
    GNNExplainer                : min=+0.0000  max=+1.0000  mean=+0.8182  std=0.3857
  [CORRECT] Graph  482 | true=0 pred=0 | nodes= 11 edges= 20
    GradExplainer               : min=-2.6762  max=-0.2987  mean=-1.0430  std=0.9036
    IntegratedGradExplainer     : min=-0.2792  max=+0.0421  mean=-0.0761  std=0.1047
    GNNExplainer                : min=+0.0000  max=+1.0000  mean=+0.7273  std=0.4454
  [WRONG  ] Graph  483 | true=1 pred=0 | nodes= 11 edges= 20
    GradExplainer               : min=-361.4680  max=+68.7888  mean=-46.9739  std=108.1729
    IntegratedGradExplainer     : min=-1.7139  max=+3.1876  mean=+0.2459  std=1.1949
    GNNExplainer                : min=+0.0000  max=+1.0000  mean=+0.4545  std=0.4979
  [CORRECT] Graph  484 | true=0 pred=0 | nodes= 11 edges= 20
    GradExplainer               : min=-0.0295  max=+0.0229  mean=-0.0033  std=0.0151
    IntegratedGradExplainer     : min=-0.1811  max=+0.0295  mean=-0.0869  std=0.0633
    GNNExplainer                : min=+0.0000  max=+1.0000  mean=+0.7273  std=0.4454
  [CORRECT] Graph  485 | true=0 pred=0 | nodes= 11 edges= 20
    GradExplainer               : min=-0.0156  max=+0.1637  mean=+0.0315  std=0.0496
    IntegratedGradExplainer     : min=-0.1944  max=+0.0048  mean=-0.0813  std=0.0712
    GNNExplainer                : min=+0.0000  max=+1.0000  mean=+0.8182  std=0.3857
  [CORRECT] Graph  486 | true=1 pred=1 | nodes= 11 edges= 20
    GradExplainer               : min=-0.0065  max=+0.0064  mean=-0.0004  std=0.0035
    IntegratedGradExplainer     : min=-0.3940  max=+0.4201  mean=-0.0459  std=0.2159
    GNNExplainer                : min=+0.0000  max=+1.0000  mean=+0.9091  std=0.2875
  [CORRECT] Graph  487 | true=0 pred=0 | nodes= 11 edges= 20
    GradExplainer               : min=-21.6623  max=+4.4648  mean=-4.7386  std=8.1047
    IntegratedGradExplainer     : min=-0.9091  max=+0.6188  mean=-0.0715  std=0.3438
    GNNExplainer                : min=+0.0000  max=+1.0000  mean=+0.6364  std=0.4810
  [CORRECT] Graph  488 | true=0 pred=0 | nodes= 11 edges= 20
    GradExplainer               : min=-0.2722  max=+0.6684  mean=+0.0168  std=0.2279
    IntegratedGradExplainer     : min=-0.3115  max=+0.0203  mean=-0.0820  std=0.0834
    GNNExplainer                : min=+0.0000  max=+1.0000  mean=+0.6364  std=0.4810
  [CORRECT] Graph  489 | true=1 pred=1 | nodes= 11 edges= 20
    GradExplainer               : min=-29.0166  max=+34.9411  mean=+1.2268  std=13.6999
    IntegratedGradExplainer     : min=-0.5470  max=+0.2719  mean=-0.0370  std=0.1948
    GNNExplainer                : min=+0.0000  max=+1.0000  mean=+0.7273  std=0.4454
  [WRONG  ] Graph  490 | true=1 pred=0 | nodes= 11 edges= 20
    GradExplainer               : min=+1.3928  max=+74.1200  mean=+16.0023  std=23.1246
    IntegratedGradExplainer     : min=-0.8907  max=+4.8338  mean=+0.2957  std=1.4735
    GNNExplainer                : min=+0.0000  max=+1.0000  mean=+0.7273  std=0.4454
  [WRONG  ] Graph  491 | true=0 pred=1 | nodes= 11 edges= 20
    GradExplainer               : min=-182.4885  max=+127.1048  mean=-8.2761  std=67.7110
    IntegratedGradExplainer     : min=-3.4840  max=+3.0058  mean=+0.2301  std=1.6566
    GNNExplainer                : min=+0.0000  max=+1.0000  mean=+0.7273  std=0.4454
  [CORRECT] Graph  492 | true=1 pred=1 | nodes= 11 edges= 20
    GradExplainer               : min=-51.0098  max=+3.2966  mean=-10.9359  std=14.9132
    IntegratedGradExplainer     : min=-0.4077  max=+0.6027  mean=+0.0060  std=0.2694
    GNNExplainer                : min=+0.0000  max=+1.0000  mean=+0.7273  std=0.4454
  [CORRECT] Graph  493 | true=0 pred=0 | nodes= 11 edges= 20
    GradExplainer               : min=-14.1946  max=+5.0377  mean=-1.9621  std=4.4762
    IntegratedGradExplainer     : min=-0.5267  max=+0.5255  mean=-0.0684  std=0.2690
    GNNExplainer                : min=+0.0000  max=+1.0000  mean=+0.6364  std=0.4810
  [CORRECT] Graph  494 | true=0 pred=0 | nodes= 11 edges= 20
    GradExplainer               : min=-0.0000  max=+0.0002  mean=+0.0001  std=0.0001
    IntegratedGradExplainer     : min=-0.2919  max=+0.0127  mean=-0.0851  std=0.1022
    GNNExplainer                : min=+0.0000  max=+1.0000  mean=+0.8182  std=0.3857
  [CORRECT] Graph  495 | true=1 pred=1 | nodes= 11 edges= 20
    GradExplainer               : min=-0.1118  max=+0.5632  mean=+0.0741  std=0.1815
    IntegratedGradExplainer     : min=-0.9568  max=+0.3133  mean=-0.0572  std=0.2999
    GNNExplainer                : min=+0.0000  max=+1.0000  mean=+0.5455  std=0.4979
  [WRONG  ] Graph  496 | true=0 pred=1 | nodes= 11 edges= 20
    GradExplainer               : min=+16.9164  max=+279.3319  mean=+72.4115  std=87.0372
    IntegratedGradExplainer     : min=-1.2236  max=+6.3143  mean=+1.1949  std=2.1690
    GNNExplainer                : min=+0.0000  max=+1.0000  mean=+0.6364  std=0.4810
  [CORRECT] Graph  497 | true=1 pred=1 | nodes= 11 edges= 20
    GradExplainer               : min=-0.5000  max=+0.5864  mean=+0.0081  std=0.2364
    IntegratedGradExplainer     : min=-0.4997  max=+0.2153  mean=-0.0449  std=0.1714
    GNNExplainer                : min=+0.0000  max=+1.0000  mean=+0.8182  std=0.3857
  [CORRECT] Graph  498 | true=1 pred=1 | nodes= 11 edges= 20
    GradExplainer               : min=-0.1832  max=+0.2379  mean=+0.0073  std=0.0907
    IntegratedGradExplainer     : min=-0.5397  max=+0.1763  mean=-0.0463  std=0.1746
    GNNExplainer                : min=+0.0000  max=+1.0000  mean=+0.7273  std=0.4454
  [CORRECT] Graph  499 | true=1 pred=1 | nodes= 11 edges= 20
    GradExplainer               : min=-0.2622  max=+1.5754  mean=+0.1707  std=0.4771
    IntegratedGradExplainer     : min=-1.3347  max=+0.4576  mean=-0.0498  std=0.4565
    GNNExplainer                : min=+0.0000  max=+1.0000  mean=+0.9091  std=0.2875
  [CORRECT] Graph  500 | true=0 pred=0 | nodes= 11 edges= 20
    GradExplainer               : min=-1.6014  max=+1.8122  mean=-0.1408  std=0.8910
    IntegratedGradExplainer     : min=-0.4769  max=+0.1873  mean=-0.0843  std=0.1707
    GNNExplainer                : min=+0.0000  max=+1.0000  mean=+0.4545  std=0.4979
  [WRONG  ] Graph  501 | true=1 pred=0 | nodes= 11 edges= 20
    GradExplainer               : min=-63.1559  max=+41.7905  mean=-1.1759  std=24.1347
    IntegratedGradExplainer     : min=-0.9806  max=+4.8541  mean=+0.5757  std=1.4796
    GNNExplainer                : min=+0.0000  max=+1.0000  mean=+0.9091  std=0.2875
  [CORRECT] Graph  502 | true=0 pred=0 | nodes= 11 edges= 20
    GradExplainer               : min=-1.3750  max=+2.4924  mean=+0.3933  std=1.0919
    IntegratedGradExplainer     : min=-0.2901  max=+0.0333  mean=-0.0714  std=0.1042
    GNNExplainer                : min=+0.0000  max=+1.0000  mean=+0.7273  std=0.4454
  [CORRECT] Graph  503 | true=0 pred=0 | nodes= 11 edges= 20
    GradExplainer               : min=-0.0117  max=+0.0008  mean=-0.0026  std=0.0033
    IntegratedGradExplainer     : min=-0.2860  max=-0.0206  mean=-0.0790  std=0.0714
    GNNExplainer                : min=+0.0000  max=+1.0000  mean=+0.8182  std=0.3857
  [WRONG  ] Graph  504 | true=0 pred=1 | nodes= 11 edges= 20
    GradExplainer               : min=-45.9506  max=+76.8770  mean=+4.6164  std=29.4243
    IntegratedGradExplainer     : min=-0.1121  max=+1.3664  mean=+0.3548  std=0.4645
    GNNExplainer                : min=+0.0000  max=+1.0000  mean=+0.8182  std=0.3857
  [CORRECT] Graph  505 | true=0 pred=0 | nodes= 11 edges= 20
    GradExplainer               : min=+0.7675  max=+27.4286  mean=+7.5358  std=8.6905
    IntegratedGradExplainer     : min=-0.2955  max=+0.0253  mean=-0.0783  std=0.0843
    GNNExplainer                : min=+0.0000  max=+1.0000  mean=+0.5455  std=0.4979
  [CORRECT] Graph  506 | true=1 pred=1 | nodes= 11 edges= 20
    GradExplainer               : min=-0.3986  max=+0.7811  mean=+0.1192  std=0.2812
    IntegratedGradExplainer     : min=-0.5630  max=+0.3339  mean=-0.0452  std=0.2447
    GNNExplainer                : min=+0.0000  max=+1.0000  mean=+0.9091  std=0.2875
  [WRONG  ] Graph  507 | true=0 pred=1 | nodes= 11 edges= 20
    GradExplainer               : min=-33.0578  max=+10.1152  mean=-13.2830  std=12.3169
    IntegratedGradExplainer     : min=-0.8263  max=+9.2917  mean=+0.9395  std=2.6902
    GNNExplainer                : min=+0.0000  max=+1.0000  mean=+0.5455  std=0.4979
  [CORRECT] Graph  508 | true=0 pred=0 | nodes= 11 edges= 20
    GradExplainer               : min=-0.0553  max=+0.0520  mean=-0.0031  std=0.0243
    IntegratedGradExplainer     : min=-0.3379  max=-0.0086  mean=-0.0846  std=0.0919
    GNNExplainer                : min=+0.0000  max=+1.0000  mean=+0.7273  std=0.4454
  [WRONG  ] Graph  509 | true=1 pred=0 | nodes= 11 edges= 20
    GradExplainer               : min=-38.5475  max=+91.1166  mean=+2.7588  std=31.7417
    IntegratedGradExplainer     : min=-0.2134  max=+0.9351  mean=+0.1313  std=0.3329
    GNNExplainer                : min=+0.0000  max=+1.0000  mean=+0.8182  std=0.3857
  [CORRECT] Graph  510 | true=1 pred=1 | nodes= 11 edges= 20
    GradExplainer               : min=-7.7645  max=+4.3319  mean=-1.0038  std=2.7666
    IntegratedGradExplainer     : min=-1.1628  max=+0.8027  mean=-0.0380  std=0.4980
    GNNExplainer                : min=+0.0000  max=+1.0000  mean=+0.8182  std=0.3857
  [CORRECT] Graph  511 | true=0 pred=0 | nodes= 11 edges= 20
    GradExplainer               : min=-0.1697  max=+0.1728  mean=+0.0613  std=0.0963
    IntegratedGradExplainer     : min=-0.3472  max=+0.0175  mean=-0.0864  std=0.1144
    GNNExplainer                : min=+0.0000  max=+1.0000  mean=+0.5455  std=0.4979
  [CORRECT] Graph  512 | true=0 pred=0 | nodes= 11 edges= 20
    GradExplainer               : min=-0.0099  max=+0.0025  mean=-0.0020  std=0.0033
    IntegratedGradExplainer     : min=-0.3905  max=-0.0098  mean=-0.0849  std=0.1029
    GNNExplainer                : min=+0.0000  max=+1.0000  mean=+0.6364  std=0.4810
  [CORRECT] Graph  513 | true=0 pred=0 | nodes= 11 edges= 20
    GradExplainer               : min=-0.0004  max=+0.0002  mean=-0.0000  std=0.0001
    IntegratedGradExplainer     : min=-0.2243  max=-0.0052  mean=-0.0816  std=0.0704
    GNNExplainer                : min=+0.0000  max=+1.0000  mean=+0.6364  std=0.4810
  [CORRECT] Graph  514 | true=1 pred=1 | nodes= 11 edges= 20
    GradExplainer               : min=-0.0421  max=+0.0324  mean=-0.0020  std=0.0160
    IntegratedGradExplainer     : min=-1.0056  max=+0.8014  mean=-0.0456  std=0.4493
    GNNExplainer                : min=+0.0000  max=+1.0000  mean=+0.4545  std=0.4979
  [WRONG  ] Graph  515 | true=0 pred=1 | nodes= 11 edges= 20
    GradExplainer               : min=-1.0951  max=+18.6062  mean=+6.2033  std=6.1648
    IntegratedGradExplainer     : min=-0.7444  max=+1.2193  mean=+0.2812  std=0.5937
    GNNExplainer                : min=+0.0000  max=+1.0000  mean=+0.4545  std=0.4979
  [CORRECT] Graph  516 | true=1 pred=1 | nodes= 11 edges= 20
    GradExplainer               : min=-5.7528  max=+5.2613  mean=-0.3350  std=2.5858
    IntegratedGradExplainer     : min=-0.7653  max=+0.3106  mean=-0.0370  std=0.2594
    GNNExplainer                : min=+0.0000  max=+1.0000  mean=+0.8182  std=0.3857
  [WRONG  ] Graph  517 | true=0 pred=1 | nodes= 11 edges= 20
    GradExplainer               : min=-98.4703  max=+137.4816  mean=+10.6682  std=64.9307
    IntegratedGradExplainer     : min=-1.7450  max=+4.9414  mean=+0.3854  std=1.6100
    GNNExplainer                : min=+0.0000  max=+1.0000  mean=+0.4545  std=0.4979
  [CORRECT] Graph  518 | true=0 pred=0 | nodes= 11 edges= 20
    GradExplainer               : min=-1.4075  max=+0.1230  mean=-0.1930  std=0.4124
    IntegratedGradExplainer     : min=-0.3521  max=+0.1343  mean=-0.0662  std=0.1451
    GNNExplainer                : min=+0.0000  max=+1.0000  mean=+0.4545  std=0.4979
  [CORRECT] Graph  519 | true=0 pred=0 | nodes= 11 edges= 20
    GradExplainer               : min=-0.1378  max=+0.2506  mean=+0.0169  std=0.0857
    IntegratedGradExplainer     : min=-0.3257  max=+0.0706  mean=-0.0917  std=0.1143
    GNNExplainer                : min=+0.0000  max=+1.0000  mean=+0.8182  std=0.3857
  [CORRECT] Graph  520 | true=0 pred=0 | nodes= 11 edges= 20
    GradExplainer               : min=-0.0001  max=+0.0002  mean=+0.0001  std=0.0001
    IntegratedGradExplainer     : min=-0.2976  max=+0.1579  mean=-0.0859  std=0.1189
    GNNExplainer                : min=+0.0000  max=+1.0000  mean=+0.7273  std=0.4454
  [CORRECT] Graph  521 | true=0 pred=0 | nodes= 11 edges= 20
    GradExplainer               : min=+0.0484  max=+0.9710  mean=+0.2641  std=0.2675
    IntegratedGradExplainer     : min=-0.5320  max=+0.1849  mean=-0.0827  std=0.1676
    GNNExplainer                : min=+0.0000  max=+1.0000  mean=+0.7273  std=0.4454
  [CORRECT] Graph  522 | true=0 pred=0 | nodes= 11 edges= 20
    GradExplainer               : min=-6.5367  max=+0.0435  mean=-1.1176  std=1.8736
    IntegratedGradExplainer     : min=-0.3514  max=+0.1195  mean=-0.0773  std=0.1339
    GNNExplainer                : min=+0.0000  max=+1.0000  mean=+0.8182  std=0.3857
  [CORRECT] Graph  523 | true=0 pred=0 | nodes= 11 edges= 20
    GradExplainer               : min=-0.0974  max=+0.0993  mean=+0.0118  std=0.0457
    IntegratedGradExplainer     : min=-0.2202  max=+0.0870  mean=-0.0868  std=0.0915
    GNNExplainer                : min=+0.0000  max=+1.0000  mean=+0.5455  std=0.4979
  [CORRECT] Graph  524 | true=0 pred=0 | nodes= 11 edges= 20
    GradExplainer               : min=-0.0210  max=+0.1309  mean=+0.0170  std=0.0455
    IntegratedGradExplainer     : min=-0.3141  max=-0.0006  mean=-0.0818  std=0.0913
    GNNExplainer                : min=+0.0000  max=+1.0000  mean=+0.4545  std=0.4979
  [CORRECT] Graph  525 | true=0 pred=0 | nodes= 11 edges= 20
    GradExplainer               : min=-0.0010  max=+0.0002  mean=-0.0002  std=0.0003
    IntegratedGradExplainer     : min=-0.4103  max=+0.0443  mean=-0.0833  std=0.1187
    GNNExplainer                : min=+0.0000  max=+1.0000  mean=+0.7273  std=0.4454
  [WRONG  ] Graph  526 | true=1 pred=0 | nodes= 11 edges= 20
    GradExplainer               : min=-191.8759  max=+57.9799  mean=-23.8124  std=61.8504
    IntegratedGradExplainer     : min=-0.4037  max=+0.6602  mean=+0.1908  std=0.3494
    GNNExplainer                : min=+0.0000  max=+1.0000  mean=+0.6364  std=0.4810
  [CORRECT] Graph  527 | true=0 pred=0 | nodes= 11 edges= 20
    GradExplainer               : min=-0.1134  max=+0.2315  mean=-0.0176  std=0.0863
    IntegratedGradExplainer     : min=-0.7145  max=+0.1983  mean=-0.0863  std=0.2166
    GNNExplainer                : min=+0.0000  max=+1.0000  mean=+0.5455  std=0.4979
  [CORRECT] Graph  528 | true=0 pred=0 | nodes= 11 edges= 20
    GradExplainer               : min=-0.0939  max=+0.0987  mean=-0.0092  std=0.0456
    IntegratedGradExplainer     : min=-0.4327  max=+0.0187  mean=-0.0833  std=0.1286
    GNNExplainer                : min=+0.0000  max=+1.0000  mean=+0.8182  std=0.3857
  [WRONG  ] Graph  529 | true=0 pred=1 | nodes= 11 edges= 20
    GradExplainer               : min=+6.5169  max=+106.2644  mean=+33.3895  std=33.3241
    IntegratedGradExplainer     : min=-5.2172  max=+8.1172  mean=+0.9277  std=3.1050
    GNNExplainer                : min=+0.0000  max=+1.0000  mean=+0.5455  std=0.4979
  [WRONG  ] Graph  530 | true=0 pred=1 | nodes= 11 edges= 20
    GradExplainer               : min=-7.3942  max=+113.1513  mean=+28.5172  std=36.1269
    IntegratedGradExplainer     : min=-2.1169  max=+2.6632  mean=+0.6076  std=1.4177
    GNNExplainer                : min=+0.0000  max=+1.0000  mean=+0.6364  std=0.4810
  [CORRECT] Graph  531 | true=1 pred=1 | nodes= 11 edges= 20
    GradExplainer               : min=-0.0051  max=+0.0054  mean=-0.0010  std=0.0026
    IntegratedGradExplainer     : min=-1.2675  max=+0.4188  mean=-0.0516  std=0.4200
    GNNExplainer                : min=+0.0000  max=+1.0000  mean=+0.7273  std=0.4454
  [CORRECT] Graph  532 | true=1 pred=1 | nodes= 11 edges= 20
    GradExplainer               : min=-69.5209  max=+1.9895  mean=-19.9372  std=23.8657
    IntegratedGradExplainer     : min=-0.5577  max=+0.5245  mean=+0.0532  std=0.2531
    GNNExplainer                : min=+0.0000  max=+1.0000  mean=+0.7273  std=0.4454
  [CORRECT] Graph  533 | true=0 pred=0 | nodes= 11 edges= 20
    GradExplainer               : min=-0.0479  max=+3.9936  mean=+1.3694  std=1.1045
    IntegratedGradExplainer     : min=-0.9226  max=+0.4484  mean=-0.0569  std=0.3453
    GNNExplainer                : min=+0.0000  max=+1.0000  mean=+0.6364  std=0.4810
  [CORRECT] Graph  534 | true=0 pred=0 | nodes= 11 edges= 20
    GradExplainer               : min=-0.0356  max=+0.6019  mean=+0.1281  std=0.1857
    IntegratedGradExplainer     : min=-0.3328  max=+0.0193  mean=-0.0875  std=0.1017
    GNNExplainer                : min=+0.0000  max=+1.0000  mean=+0.9091  std=0.2875
  [CORRECT] Graph  535 | true=0 pred=0 | nodes= 11 edges= 20
    GradExplainer               : min=-0.0312  max=+0.0006  mean=-0.0102  std=0.0104
    IntegratedGradExplainer     : min=-0.3108  max=-0.0324  mean=-0.0849  std=0.0758
    GNNExplainer                : min=+0.0000  max=+1.0000  mean=+0.7273  std=0.4454
  [CORRECT] Graph  536 | true=0 pred=0 | nodes= 11 edges= 20
    GradExplainer               : min=-0.3227  max=+0.0944  mean=-0.0550  std=0.1025
    IntegratedGradExplainer     : min=-0.2948  max=+0.0262  mean=-0.0858  std=0.0854
    GNNExplainer                : min=+0.0000  max=+1.0000  mean=+0.4545  std=0.4979
  [CORRECT] Graph  537 | true=1 pred=1 | nodes= 11 edges= 20
    GradExplainer               : min=-0.1386  max=+0.2378  mean=-0.0063  std=0.0954
    IntegratedGradExplainer     : min=-0.2456  max=+0.1270  mean=-0.0266  std=0.1087
    GNNExplainer                : min=+0.0000  max=+1.0000  mean=+0.3636  std=0.4810
  [CORRECT] Graph  538 | true=1 pred=1 | nodes= 11 edges= 20
    GradExplainer               : min=-24.9188  max=+8.3554  mean=-3.9369  std=8.6106
    IntegratedGradExplainer     : min=-0.7982  max=+0.5540  mean=-0.0245  std=0.3983
    GNNExplainer                : min=+0.0000  max=+1.0000  mean=+0.6364  std=0.4810
  [CORRECT] Graph  539 | true=0 pred=0 | nodes= 11 edges= 20
    GradExplainer               : min=-0.2087  max=-0.0079  mean=-0.0512  std=0.0645
    IntegratedGradExplainer     : min=-0.4050  max=+0.0098  mean=-0.0871  std=0.1101
    GNNExplainer                : min=+0.0000  max=+1.0000  mean=+0.6364  std=0.4810
  [CORRECT] Graph  540 | true=0 pred=0 | nodes= 11 edges= 20
    GradExplainer               : min=-0.0040  max=+0.0033  mean=+0.0007  std=0.0018
    IntegratedGradExplainer     : min=-0.2254  max=-0.0057  mean=-0.0867  std=0.0673
    GNNExplainer                : min=+0.0000  max=+1.0000  mean=+0.7273  std=0.4454
  [WRONG  ] Graph  541 | true=0 pred=1 | nodes= 11 edges= 20
    GradExplainer               : min=+0.8830  max=+15.8876  mean=+5.2781  std=5.7672
    IntegratedGradExplainer     : min=-0.4971  max=+1.1503  mean=+0.1866  std=0.3817
    GNNExplainer                : min=+0.0000  max=+1.0000  mean=+0.7273  std=0.4454
  [WRONG  ] Graph  542 | true=0 pred=1 | nodes= 11 edges= 20
    GradExplainer               : min=-53.5293  max=+133.7267  mean=+22.7219  std=42.4309
    IntegratedGradExplainer     : min=-1.7507  max=+2.7345  mean=+0.0575  std=1.1965
    GNNExplainer                : min=+0.0000  max=+1.0000  mean=+0.7273  std=0.4454
  [CORRECT] Graph  543 | true=0 pred=0 | nodes= 11 edges= 20
    GradExplainer               : min=-0.0001  max=+0.0012  mean=+0.0003  std=0.0004
    IntegratedGradExplainer     : min=-0.1997  max=-0.0211  mean=-0.0863  std=0.0507
    GNNExplainer                : min=+0.0000  max=+1.0000  mean=+0.7273  std=0.4454
  [CORRECT] Graph  544 | true=0 pred=0 | nodes= 11 edges= 20
    GradExplainer               : min=-0.0002  max=+0.0003  mean=+0.0000  std=0.0001
    IntegratedGradExplainer     : min=-0.5625  max=+0.0569  mean=-0.0841  std=0.1599
    GNNExplainer                : min=+0.0000  max=+1.0000  mean=+0.6364  std=0.4810
  [CORRECT] Graph  545 | true=0 pred=0 | nodes= 11 edges= 20
    GradExplainer               : min=-7.9631  max=+2.2355  mean=-2.5902  std=3.0829
    IntegratedGradExplainer     : min=-0.9279  max=+0.2734  mean=-0.0823  std=0.2948
    GNNExplainer                : min=+0.0000  max=+1.0000  mean=+0.7273  std=0.4454
  [WRONG  ] Graph  546 | true=1 pred=0 | nodes= 11 edges= 20
    GradExplainer               : min=-170.2928  max=+101.1459  mean=-21.9292  std=63.8260
    IntegratedGradExplainer     : min=-0.4602  max=+2.9797  mean=+0.1913  std=0.9175
    GNNExplainer                : min=+0.0000  max=+1.0000  mean=+0.5455  std=0.4979
  [WRONG  ] Graph  547 | true=0 pred=1 | nodes= 11 edges= 20
    GradExplainer               : min=-17.9898  max=+83.9806  mean=+17.8327  std=30.3766
    IntegratedGradExplainer     : min=-0.2722  max=+0.2348  mean=-0.0523  std=0.1264
    GNNExplainer                : min=+0.0000  max=+1.0000  mean=+0.6364  std=0.4810
  [CORRECT] Graph  548 | true=1 pred=1 | nodes= 11 edges= 20
    GradExplainer               : min=-0.0010  max=+0.0246  mean=+0.0044  std=0.0074
    IntegratedGradExplainer     : min=-0.3665  max=+0.1995  mean=-0.0515  std=0.1352
    GNNExplainer                : min=+0.0000  max=+1.0000  mean=+0.7273  std=0.4454
  [CORRECT] Graph  549 | true=0 pred=0 | nodes= 11 edges= 20
    GradExplainer               : min=-0.0001  max=+0.0001  mean=+0.0000  std=0.0001
    IntegratedGradExplainer     : min=-0.3200  max=+0.0369  mean=-0.0829  std=0.1160
    GNNExplainer                : min=+0.0000  max=+1.0000  mean=+0.7273  std=0.4454
  [CORRECT] Graph  550 | true=1 pred=1 | nodes= 11 edges= 20
    GradExplainer               : min=-0.0011  max=+0.0096  mean=+0.0017  std=0.0029
    IntegratedGradExplainer     : min=-0.3314  max=+0.2789  mean=-0.0446  std=0.1685
    GNNExplainer                : min=+0.0000  max=+1.0000  mean=+0.5455  std=0.4979
  [CORRECT] Graph  551 | true=0 pred=0 | nodes= 11 edges= 20
    GradExplainer               : min=-0.2914  max=+1.0734  mean=+0.0795  std=0.3553
    IntegratedGradExplainer     : min=-0.8523  max=+0.5738  mean=-0.0889  std=0.3397
    GNNExplainer                : min=+0.0000  max=+1.0000  mean=+0.7273  std=0.4454
  [CORRECT] Graph  552 | true=0 pred=0 | nodes= 11 edges= 20
    GradExplainer               : min=-0.0012  max=+0.0041  mean=+0.0004  std=0.0014
    IntegratedGradExplainer     : min=-0.2526  max=+0.0743  mean=-0.0864  std=0.0869
    GNNExplainer                : min=+0.0000  max=+1.0000  mean=+0.6364  std=0.4810
  [CORRECT] Graph  553 | true=1 pred=1 | nodes= 11 edges= 20
    GradExplainer               : min=-0.0490  max=+0.0304  mean=-0.0043  std=0.0196
    IntegratedGradExplainer     : min=-0.2415  max=+0.0293  mean=-0.0456  std=0.0786
    GNNExplainer                : min=+1.0000  max=+1.0000  mean=+1.0000  std=0.0000
  [WRONG  ] Graph  554 | true=0 pred=1 | nodes= 11 edges= 20
    GradExplainer               : min=-34.4920  max=+167.9103  mean=+17.6874  std=52.3113
    IntegratedGradExplainer     : min=-0.3727  max=+3.6150  mean=+1.0356  std=1.1984
    GNNExplainer                : min=+0.0000  max=+1.0000  mean=+0.6364  std=0.4810
  [CORRECT] Graph  555 | true=0 pred=0 | nodes= 11 edges= 20
    GradExplainer               : min=-1.0021  max=+0.0135  mean=-0.1578  std=0.2895
    IntegratedGradExplainer     : min=-0.3704  max=+0.1072  mean=-0.0835  std=0.1140
    GNNExplainer                : min=+0.0000  max=+1.0000  mean=+0.6364  std=0.4810
  [CORRECT] Graph  556 | true=1 pred=1 | nodes= 11 edges= 20
    GradExplainer               : min=-0.5148  max=+0.2362  mean=-0.0910  std=0.1836
    IntegratedGradExplainer     : min=-0.6258  max=+0.3593  mean=-0.0501  std=0.2830
    GNNExplainer                : min=+0.0000  max=+1.0000  mean=+0.5455  std=0.4979
  [CORRECT] Graph  557 | true=1 pred=1 | nodes= 11 edges= 20
    GradExplainer               : min=-23.7582  max=+34.8823  mean=+1.8195  std=13.7783
    IntegratedGradExplainer     : min=-1.1281  max=+0.9976  mean=+0.0608  std=0.5446
    GNNExplainer                : min=+0.0000  max=+1.0000  mean=+0.6364  std=0.4810
  [CORRECT] Graph  558 | true=1 pred=1 | nodes= 11 edges= 20
    GradExplainer               : min=-0.0623  max=+1.7015  mean=+0.3548  std=0.5493
    IntegratedGradExplainer     : min=-1.1229  max=+0.5295  mean=-0.0342  std=0.4324
    GNNExplainer                : min=+0.0000  max=+1.0000  mean=+0.7273  std=0.4454
  [CORRECT] Graph  559 | true=1 pred=1 | nodes= 11 edges= 20
    GradExplainer               : min=-0.1022  max=+0.0469  mean=-0.0110  std=0.0336
    IntegratedGradExplainer     : min=-0.6295  max=+0.3210  mean=-0.0449  std=0.2167
    GNNExplainer                : min=+0.0000  max=+1.0000  mean=+0.5455  std=0.4979
  [WRONG  ] Graph  560 | true=1 pred=0 | nodes= 11 edges= 20
    GradExplainer               : min=-46.2927  max=+59.8355  mean=+3.7157  std=23.2797
    IntegratedGradExplainer     : min=-5.3725  max=+5.4724  mean=+0.1068  std=2.3270
    GNNExplainer                : min=+0.0000  max=+1.0000  mean=+0.4545  std=0.4979
  [CORRECT] Graph  561 | true=0 pred=0 | nodes= 11 edges= 20
    GradExplainer               : min=-1.5257  max=+0.1425  mean=-0.3036  std=0.4906
    IntegratedGradExplainer     : min=-0.3335  max=+0.0312  mean=-0.0819  std=0.1069
    GNNExplainer                : min=+0.0000  max=+1.0000  mean=+0.7273  std=0.4454
  [CORRECT] Graph  562 | true=1 pred=1 | nodes= 11 edges= 20
    GradExplainer               : min=+0.0004  max=+0.0238  mean=+0.0043  std=0.0069
    IntegratedGradExplainer     : min=-0.5207  max=+0.1238  mean=-0.0387  std=0.1634
    GNNExplainer                : min=+0.0000  max=+1.0000  mean=+0.6364  std=0.4810
  [WRONG  ] Graph  563 | true=0 pred=1 | nodes= 11 edges= 20
    GradExplainer               : min=-51.8264  max=+315.0344  mean=+59.2021  std=102.9622
    IntegratedGradExplainer     : min=-1.2954  max=+5.1045  mean=+0.6671  std=1.6134
    GNNExplainer                : min=+0.0000  max=+1.0000  mean=+0.9091  std=0.2875
  [CORRECT] Graph  564 | true=1 pred=1 | nodes= 11 edges= 20
    GradExplainer               : min=-5.2402  max=+3.1995  mean=+0.0005  std=2.0278
    IntegratedGradExplainer     : min=-0.2965  max=+0.3526  mean=-0.0135  std=0.1673
    GNNExplainer                : min=+0.0000  max=+1.0000  mean=+0.8182  std=0.3857
  [CORRECT] Graph  565 | true=0 pred=0 | nodes= 11 edges= 20
    GradExplainer               : min=-0.0012  max=+0.0003  mean=-0.0001  std=0.0004
    IntegratedGradExplainer     : min=-0.3207  max=-0.0063  mean=-0.0882  std=0.0823
    GNNExplainer                : min=+0.0000  max=+1.0000  mean=+0.8182  std=0.3857
  [WRONG  ] Graph  566 | true=0 pred=1 | nodes= 11 edges= 20
    GradExplainer               : min=-30.6958  max=+10.2889  mean=-4.9229  std=10.7826
    IntegratedGradExplainer     : min=-2.1164  max=+2.4558  mean=+0.2253  std=1.2135
    GNNExplainer                : min=+0.0000  max=+1.0000  mean=+0.4545  std=0.4979
  [CORRECT] Graph  567 | true=0 pred=0 | nodes= 11 edges= 20
    GradExplainer               : min=-14.6364  max=+3.6726  mean=-2.9802  std=4.5122
    IntegratedGradExplainer     : min=-0.4267  max=+0.1055  mean=-0.0718  std=0.1461
    GNNExplainer                : min=+0.0000  max=+1.0000  mean=+0.9091  std=0.2875
  [CORRECT] Graph  568 | true=0 pred=0 | nodes= 11 edges= 20
    GradExplainer               : min=-41.3404  max=+38.8289  mean=+2.9808  std=17.6311
    IntegratedGradExplainer     : min=-1.0183  max=+0.3491  mean=-0.0578  std=0.3491
    GNNExplainer                : min=+0.0000  max=+1.0000  mean=+0.4545  std=0.4979
  [CORRECT] Graph  569 | true=1 pred=1 | nodes= 11 edges= 20
    GradExplainer               : min=-48.6093  max=+33.4186  mean=-4.1162  std=18.9038
    IntegratedGradExplainer     : min=-0.9306  max=+0.7118  mean=-0.0045  std=0.3855
    GNNExplainer                : min=+0.0000  max=+1.0000  mean=+0.6364  std=0.4810
  [CORRECT] Graph  570 | true=0 pred=0 | nodes= 11 edges= 20
    GradExplainer               : min=+0.0007  max=+0.5657  mean=+0.1987  std=0.2139
    IntegratedGradExplainer     : min=-0.4050  max=+0.0536  mean=-0.0859  std=0.1252
    GNNExplainer                : min=+0.0000  max=+1.0000  mean=+0.7273  std=0.4454
  [CORRECT] Graph  571 | true=1 pred=1 | nodes= 11 edges= 20
    GradExplainer               : min=-0.5109  max=+0.2127  mean=+0.0186  std=0.1941
    IntegratedGradExplainer     : min=-0.7982  max=+0.3293  mean=-0.0504  std=0.2961
    GNNExplainer                : min=+0.0000  max=+1.0000  mean=+0.4545  std=0.4979
  [CORRECT] Graph  572 | true=1 pred=1 | nodes= 11 edges= 20
    GradExplainer               : min=-0.0346  max=-0.0006  mean=-0.0129  std=0.0122
    IntegratedGradExplainer     : min=-0.3000  max=+0.0415  mean=-0.0476  std=0.0977
    GNNExplainer                : min=+0.0000  max=+1.0000  mean=+0.7273  std=0.4454
  [CORRECT] Graph  573 | true=1 pred=1 | nodes= 11 edges= 20
    GradExplainer               : min=-0.0022  max=+0.0001  mean=-0.0003  std=0.0006
    IntegratedGradExplainer     : min=-1.1335  max=+0.4602  mean=-0.0480  std=0.3947
    GNNExplainer                : min=+0.0000  max=+1.0000  mean=+0.8182  std=0.3857
  [CORRECT] Graph  574 | true=1 pred=1 | nodes= 11 edges= 20
    GradExplainer               : min=-0.0110  max=+0.0082  mean=-0.0016  std=0.0047
    IntegratedGradExplainer     : min=-0.9873  max=+0.7319  mean=-0.0458  std=0.3889
    GNNExplainer                : min=+0.0000  max=+1.0000  mean=+0.7273  std=0.4454
  [WRONG  ] Graph  575 | true=0 pred=1 | nodes= 11 edges= 20
    GradExplainer               : min=-46.1669  max=+100.4391  mean=+21.0988  std=33.8157
    IntegratedGradExplainer     : min=-1.3025  max=+1.9945  mean=+0.0988  std=0.7860
    GNNExplainer                : min=+0.0000  max=+1.0000  mean=+0.7273  std=0.4454
  [WRONG  ] Graph  576 | true=1 pred=0 | nodes= 11 edges= 20
    GradExplainer               : min=-64.4297  max=+64.5356  mean=+3.6071  std=30.9610
    IntegratedGradExplainer     : min=-0.4929  max=+1.1999  mean=+0.1537  std=0.4096
    GNNExplainer                : min=+0.0000  max=+1.0000  mean=+0.6364  std=0.4810
  [CORRECT] Graph  577 | true=0 pred=0 | nodes= 11 edges= 20
    GradExplainer               : min=-0.0252  max=+0.0084  mean=-0.0048  std=0.0087
    IntegratedGradExplainer     : min=-0.4372  max=+0.0268  mean=-0.0838  std=0.1227
    GNNExplainer                : min=+0.0000  max=+1.0000  mean=+0.5455  std=0.4979
  [CORRECT] Graph  578 | true=1 pred=1 | nodes= 11 edges= 20
    GradExplainer               : min=-2.2012  max=+1.8088  mean=+0.0522  std=0.9192
    IntegratedGradExplainer     : min=-0.5630  max=+0.9056  mean=+0.0182  std=0.3339
    GNNExplainer                : min=+0.0000  max=+1.0000  mean=+0.5455  std=0.4979
  [CORRECT] Graph  579 | true=0 pred=0 | nodes= 11 edges= 20
    GradExplainer               : min=-0.0011  max=+0.0120  mean=+0.0022  std=0.0036
    IntegratedGradExplainer     : min=-0.2562  max=+0.0552  mean=-0.0848  std=0.0857
    GNNExplainer                : min=+0.0000  max=+1.0000  mean=+0.6364  std=0.4810
  [WRONG  ] Graph  580 | true=1 pred=0 | nodes= 11 edges= 20
    GradExplainer               : min=-122.7247  max=+8.2373  mean=-40.6676  std=42.7855
    IntegratedGradExplainer     : min=-2.5505  max=+7.2626  mean=+0.2878  std=2.4640
    GNNExplainer                : min=+0.0000  max=+1.0000  mean=+0.6364  std=0.4810
  [CORRECT] Graph  581 | true=1 pred=1 | nodes= 11 edges= 20
    GradExplainer               : min=-1.8111  max=+0.0925  mean=-0.4881  std=0.6120
    IntegratedGradExplainer     : min=-1.4320  max=+0.4978  mean=-0.0466  std=0.4747
    GNNExplainer                : min=+0.0000  max=+1.0000  mean=+0.7273  std=0.4454
  [WRONG  ] Graph  582 | true=0 pred=1 | nodes= 11 edges= 20
    GradExplainer               : min=-88.4889  max=+119.7163  mean=+18.0664  std=49.1329
    IntegratedGradExplainer     : min=-0.6629  max=+1.2041  mean=+0.0320  std=0.4351
    GNNExplainer                : min=+0.0000  max=+1.0000  mean=+0.7273  std=0.4454
  [CORRECT] Graph  583 | true=1 pred=1 | nodes= 11 edges= 20
    GradExplainer               : min=-0.1447  max=-0.0000  mean=-0.0286  std=0.0426
    IntegratedGradExplainer     : min=-0.2285  max=+0.0231  mean=-0.0462  std=0.0807
    GNNExplainer                : min=+0.0000  max=+1.0000  mean=+0.7273  std=0.4454
  [WRONG  ] Graph  584 | true=0 pred=1 | nodes= 11 edges= 20
    GradExplainer               : min=-5.3107  max=+60.8472  mean=+8.7432  std=17.9856
    IntegratedGradExplainer     : min=-0.4308  max=+5.1887  mean=+0.9267  std=1.7689
    GNNExplainer                : min=+0.0000  max=+1.0000  mean=+0.6364  std=0.4810
  [CORRECT] Graph  585 | true=0 pred=0 | nodes= 11 edges= 20
    GradExplainer               : min=-0.0025  max=+0.0041  mean=+0.0011  std=0.0020
    IntegratedGradExplainer     : min=-0.3383  max=+0.0262  mean=-0.0887  std=0.1212
    GNNExplainer                : min=+0.0000  max=+1.0000  mean=+0.8182  std=0.3857
  [CORRECT] Graph  586 | true=1 pred=1 | nodes= 11 edges= 20
    GradExplainer               : min=-0.2012  max=+0.9163  mean=+0.0867  std=0.2781
    IntegratedGradExplainer     : min=-0.3725  max=+0.0532  mean=-0.0445  std=0.1109
    GNNExplainer                : min=+0.0000  max=+1.0000  mean=+0.6364  std=0.4810
  [CORRECT] Graph  587 | true=0 pred=0 | nodes= 11 edges= 20
    GradExplainer               : min=-0.1088  max=+0.3598  mean=+0.0524  std=0.1141
    IntegratedGradExplainer     : min=-0.2574  max=+0.0143  mean=-0.0877  std=0.0904
    GNNExplainer                : min=+0.0000  max=+1.0000  mean=+0.6364  std=0.4810
  [WRONG  ] Graph  588 | true=0 pred=1 | nodes= 11 edges= 20
    GradExplainer               : min=+2.0130  max=+167.5342  mean=+27.6126  std=49.0039
    IntegratedGradExplainer     : min=-1.6041  max=+3.5371  mean=+0.1701  std=1.2668
    GNNExplainer                : min=+0.0000  max=+1.0000  mean=+0.8182  std=0.3857
  [WRONG  ] Graph  589 | true=0 pred=1 | nodes= 11 edges= 20
    GradExplainer               : min=-84.3461  max=+100.5725  mean=+7.8278  std=41.8581
    IntegratedGradExplainer     : min=-1.7340  max=+2.2414  mean=+0.2499  std=1.1551
    GNNExplainer                : min=+0.0000  max=+1.0000  mean=+0.9091  std=0.2875
  [CORRECT] Graph  590 | true=0 pred=0 | nodes= 11 edges= 20
    GradExplainer               : min=-1.1167  max=+0.1684  mean=-0.2249  std=0.4162
    IntegratedGradExplainer     : min=-0.2136  max=+0.0470  mean=-0.0629  std=0.0743
    GNNExplainer                : min=+0.0000  max=+1.0000  mean=+0.8182  std=0.3857
  [CORRECT] Graph  591 | true=0 pred=0 | nodes= 11 edges= 20
    GradExplainer               : min=+0.0001  max=+0.0007  mean=+0.0002  std=0.0002
    IntegratedGradExplainer     : min=-0.2828  max=-0.0102  mean=-0.0840  std=0.0893
    GNNExplainer                : min=+0.0000  max=+1.0000  mean=+0.9091  std=0.2875
  [CORRECT] Graph  592 | true=0 pred=0 | nodes= 11 edges= 20
    GradExplainer               : min=-1.4651  max=+0.7984  mean=-0.0837  std=0.6261
    IntegratedGradExplainer     : min=-0.5784  max=+0.1686  mean=-0.0782  std=0.1861
    GNNExplainer                : min=+0.0000  max=+1.0000  mean=+0.7273  std=0.4454
  [CORRECT] Graph  593 | true=1 pred=1 | nodes= 11 edges= 20
    GradExplainer               : min=-1.6554  max=+1.2950  mean=-0.0959  std=0.6429
    IntegratedGradExplainer     : min=-1.2528  max=+0.2775  mean=-0.0392  std=0.3961
    GNNExplainer                : min=+0.0000  max=+1.0000  mean=+0.6364  std=0.4810
  [CORRECT] Graph  594 | true=0 pred=0 | nodes= 11 edges= 20
    GradExplainer               : min=-0.0007  max=+0.0019  mean=+0.0004  std=0.0007
    IntegratedGradExplainer     : min=-0.3657  max=-0.0047  mean=-0.0839  std=0.1041
    GNNExplainer                : min=+0.0000  max=+1.0000  mean=+0.6364  std=0.4810
  [WRONG  ] Graph  595 | true=1 pred=0 | nodes= 11 edges= 20
    GradExplainer               : min=-117.8846  max=+150.5929  mean=+1.1721  std=59.7360
    IntegratedGradExplainer     : min=-0.8898  max=+1.3083  mean=+0.1283  std=0.5085
    GNNExplainer                : min=+0.0000  max=+1.0000  mean=+0.8182  std=0.3857
  [CORRECT] Graph  596 | true=0 pred=0 | nodes= 11 edges= 20
    GradExplainer               : min=-0.0838  max=+0.9482  mean=+0.1172  std=0.2890
    IntegratedGradExplainer     : min=-0.2739  max=+0.0380  mean=-0.0842  std=0.1006
    GNNExplainer                : min=+0.0000  max=+1.0000  mean=+0.7273  std=0.4454
  [CORRECT] Graph  597 | true=1 pred=1 | nodes= 11 edges= 20
    GradExplainer               : min=-1.5319  max=-0.0086  mean=-0.3117  std=0.4248
    IntegratedGradExplainer     : min=-0.5604  max=+0.3256  mean=-0.0452  std=0.1969
    GNNExplainer                : min=+0.0000  max=+1.0000  mean=+0.5455  std=0.4979
  [CORRECT] Graph  598 | true=0 pred=0 | nodes= 11 edges= 20
    GradExplainer               : min=-0.0052  max=+0.0097  mean=+0.0019  std=0.0041
    IntegratedGradExplainer     : min=-0.5069  max=+0.0158  mean=-0.0841  std=0.1412
    GNNExplainer                : min=+0.0000  max=+1.0000  mean=+0.4545  std=0.4979
  [CORRECT] Graph  599 | true=1 pred=1 | nodes= 11 edges= 20
    GradExplainer               : min=-76.2174  max=+13.0766  mean=-7.1974  std=23.2703
    IntegratedGradExplainer     : min=-0.9446  max=+0.3867  mean=-0.0307  std=0.3485
    GNNExplainer                : min=+0.0000  max=+1.0000  mean=+0.7273  std=0.4454
  [CORRECT] Graph  600 | true=0 pred=0 | nodes= 11 edges= 20
    GradExplainer               : min=-0.1036  max=+0.0058  mean=-0.0119  std=0.0309
    IntegratedGradExplainer     : min=-0.3683  max=-0.0048  mean=-0.0838  std=0.1070
    GNNExplainer                : min=+0.0000  max=+1.0000  mean=+0.7273  std=0.4454
  [CORRECT] Graph  601 | true=0 pred=0 | nodes= 11 edges= 20
    GradExplainer               : min=-0.0029  max=+0.0001  mean=-0.0003  std=0.0009
    IntegratedGradExplainer     : min=-0.2433  max=-0.0164  mean=-0.0885  std=0.0597
    GNNExplainer                : min=+0.0000  max=+1.0000  mean=+0.3636  std=0.4810
  [CORRECT] Graph  602 | true=0 pred=0 | nodes= 11 edges= 20
    GradExplainer               : min=-1.1673  max=-0.0814  mean=-0.4504  std=0.3577
    IntegratedGradExplainer     : min=-0.3056  max=+0.3437  mean=-0.0866  std=0.1729
    GNNExplainer                : min=+0.0000  max=+1.0000  mean=+0.6364  std=0.4810
  [WRONG  ] Graph  603 | true=0 pred=1 | nodes= 11 edges= 20
    GradExplainer               : min=-50.6769  max=+88.8141  mean=+18.4293  std=35.5151
    IntegratedGradExplainer     : min=-1.4332  max=+3.0293  mean=+0.0966  std=1.1580
    GNNExplainer                : min=+0.0000  max=+1.0000  mean=+0.7273  std=0.4454
  [CORRECT] Graph  604 | true=1 pred=1 | nodes= 11 edges= 20
    GradExplainer               : min=-0.3465  max=+0.0943  mean=-0.0690  std=0.1130
    IntegratedGradExplainer     : min=-0.6087  max=+0.2753  mean=-0.0485  std=0.2094
    GNNExplainer                : min=+0.0000  max=+1.0000  mean=+0.7273  std=0.4454
  [WRONG  ] Graph  605 | true=0 pred=1 | nodes= 11 edges= 20
    GradExplainer               : min=-13.4450  max=+16.9574  mean=+2.1396  std=7.3339
    IntegratedGradExplainer     : min=-0.1738  max=+0.5100  mean=+0.0458  std=0.1897
    GNNExplainer                : min=+0.0000  max=+1.0000  mean=+0.6364  std=0.4810
  [WRONG  ] Graph  606 | true=1 pred=0 | nodes= 11 edges= 20
    GradExplainer               : min=-33.7581  max=+16.1725  mean=-8.9807  std=12.8242
    IntegratedGradExplainer     : min=-0.8153  max=+0.8406  mean=+0.0675  std=0.4027
    GNNExplainer                : min=+0.0000  max=+1.0000  mean=+0.6364  std=0.4810
  [CORRECT] Graph  607 | true=0 pred=0 | nodes= 11 edges= 20
    GradExplainer               : min=-0.0224  max=+0.0169  mean=-0.0012  std=0.0085
    IntegratedGradExplainer     : min=-0.4110  max=+0.2382  mean=-0.0854  std=0.1509
    GNNExplainer                : min=+0.0000  max=+1.0000  mean=+0.5455  std=0.4979
  [CORRECT] Graph  608 | true=0 pred=0 | nodes= 11 edges= 20
    GradExplainer               : min=-3.8893  max=+7.9278  mean=-0.1233  std=2.8308
    IntegratedGradExplainer     : min=-1.8422  max=+1.9591  mean=-0.0559  std=1.0127
    GNNExplainer                : min=+0.0000  max=+1.0000  mean=+0.5455  std=0.4979
  [CORRECT] Graph  609 | true=0 pred=0 | nodes= 11 edges= 20
    GradExplainer               : min=-0.0001  max=+0.0004  mean=+0.0001  std=0.0001
    IntegratedGradExplainer     : min=-0.2599  max=+0.0085  mean=-0.0874  std=0.0791
    GNNExplainer                : min=+0.0000  max=+1.0000  mean=+0.6364  std=0.4810
  [CORRECT] Graph  610 | true=0 pred=0 | nodes= 11 edges= 20
    GradExplainer               : min=-0.0026  max=+0.0006  mean=-0.0004  std=0.0009
    IntegratedGradExplainer     : min=-0.1718  max=+0.0013  mean=-0.0842  std=0.0575
    GNNExplainer                : min=+0.0000  max=+1.0000  mean=+0.8182  std=0.3857
  [CORRECT] Graph  611 | true=0 pred=0 | nodes= 11 edges= 20
    GradExplainer               : min=-0.3143  max=+1.5886  mean=+0.2186  std=0.6216
    IntegratedGradExplainer     : min=-0.4861  max=+0.0542  mean=-0.0813  std=0.1379
    GNNExplainer                : min=+0.0000  max=+1.0000  mean=+0.4545  std=0.4979
  [WRONG  ] Graph  612 | true=0 pred=1 | nodes= 11 edges= 20
    GradExplainer               : min=-1.4044  max=+32.0521  mean=+10.1996  std=13.4315
    IntegratedGradExplainer     : min=-2.3583  max=+1.2978  mean=+0.0255  std=0.9907
    GNNExplainer                : min=+0.0000  max=+1.0000  mean=+0.6364  std=0.4810
  [CORRECT] Graph  613 | true=0 pred=0 | nodes= 11 edges= 20
    GradExplainer               : min=-0.0205  max=+0.0816  mean=+0.0050  std=0.0268
    IntegratedGradExplainer     : min=-0.1927  max=-0.0050  mean=-0.0847  std=0.0610
    GNNExplainer                : min=+0.0000  max=+1.0000  mean=+0.5455  std=0.4979
  [CORRECT] Graph  614 | true=1 pred=1 | nodes= 11 edges= 20
    GradExplainer               : min=-79.5641  max=+6.5831  mean=-22.5868  std=29.2222
    IntegratedGradExplainer     : min=-1.1839  max=+1.6398  mean=+0.0052  std=0.7478
    GNNExplainer                : min=+0.0000  max=+1.0000  mean=+0.6364  std=0.4810
  [CORRECT] Graph  615 | true=0 pred=0 | nodes= 11 edges= 20
    GradExplainer               : min=-0.1735  max=+0.1204  mean=-0.0086  std=0.0656
    IntegratedGradExplainer     : min=-0.2128  max=+0.0035  mean=-0.0844  std=0.0720
    GNNExplainer                : min=+0.0000  max=+1.0000  mean=+0.3636  std=0.4810
  [CORRECT] Graph  616 | true=0 pred=0 | nodes= 11 edges= 20
    GradExplainer               : min=-0.0105  max=+0.0542  mean=+0.0115  std=0.0183
    IntegratedGradExplainer     : min=-0.3107  max=-0.0153  mean=-0.0871  std=0.0815
    GNNExplainer                : min=+0.0000  max=+1.0000  mean=+0.6364  std=0.4810
  [WRONG  ] Graph  617 | true=0 pred=1 | nodes= 11 edges= 20
    GradExplainer               : min=+5.7514  max=+68.8997  mean=+27.6006  std=23.5752
    IntegratedGradExplainer     : min=-1.9000  max=+2.0560  mean=+0.2959  std=0.9854
    GNNExplainer                : min=+0.0000  max=+1.0000  mean=+0.9091  std=0.2875
  [CORRECT] Graph  618 | true=0 pred=0 | nodes= 11 edges= 20
    GradExplainer               : min=-0.0011  max=+0.0041  mean=+0.0010  std=0.0016
    IntegratedGradExplainer     : min=-0.2572  max=+0.0374  mean=-0.0845  std=0.0767
    GNNExplainer                : min=+0.0000  max=+1.0000  mean=+0.5455  std=0.4979
  [WRONG  ] Graph  619 | true=0 pred=1 | nodes= 11 edges= 20
    GradExplainer               : min=+0.9268  max=+102.2068  mean=+35.4216  std=34.1965
    IntegratedGradExplainer     : min=-0.9595  max=+1.9123  mean=+0.1018  std=0.6783
    GNNExplainer                : min=+0.0000  max=+1.0000  mean=+0.4545  std=0.4979
  [CORRECT] Graph  620 | true=0 pred=0 | nodes= 11 edges= 20
    GradExplainer               : min=-0.2285  max=+0.0369  mean=-0.0402  std=0.0790
    IntegratedGradExplainer     : min=-0.4792  max=+0.0502  mean=-0.0864  std=0.1523
    GNNExplainer                : min=+0.0000  max=+1.0000  mean=+0.5455  std=0.4979
  [CORRECT] Graph  621 | true=0 pred=0 | nodes= 11 edges= 20
    GradExplainer               : min=-2.4075  max=+4.2042  mean=+1.1249  std=2.3930
    IntegratedGradExplainer     : min=-0.1768  max=+0.0607  mean=-0.0811  std=0.0682
    GNNExplainer                : min=+0.0000  max=+1.0000  mean=+0.6364  std=0.4810
  [WRONG  ] Graph  622 | true=0 pred=1 | nodes= 11 edges= 20
    GradExplainer               : min=-41.7051  max=+110.1235  mean=+8.2403  std=37.1875
    IntegratedGradExplainer     : min=-1.0203  max=+1.1037  mean=+0.0172  std=0.5047
    GNNExplainer                : min=+0.0000  max=+1.0000  mean=+0.7273  std=0.4454
  [WRONG  ] Graph  623 | true=0 pred=1 | nodes= 11 edges= 20
    GradExplainer               : min=-5.5532  max=+11.2963  mean=-0.6158  std=4.6531
    IntegratedGradExplainer     : min=-1.2563  max=+1.3632  mean=+0.3946  std=0.6767
    GNNExplainer                : min=+0.0000  max=+1.0000  mean=+0.4545  std=0.4979
  [CORRECT] Graph  624 | true=1 pred=1 | nodes= 11 edges= 20
    GradExplainer               : min=-5.5226  max=+0.0689  mean=-1.3942  std=1.5737
    IntegratedGradExplainer     : min=-0.6901  max=+0.4576  mean=-0.0285  std=0.2593
    GNNExplainer                : min=+0.0000  max=+1.0000  mean=+0.5455  std=0.4979
  [WRONG  ] Graph  625 | true=0 pred=1 | nodes= 11 edges= 20
    GradExplainer               : min=-294.8604  max=+45.7792  mean=-31.0755  std=89.9959
    IntegratedGradExplainer     : min=-1.9847  max=+6.2494  mean=+0.3155  std=2.0694
    GNNExplainer                : min=+0.0000  max=+1.0000  mean=+0.8182  std=0.3857
  [CORRECT] Graph  626 | true=0 pred=0 | nodes= 11 edges= 20
    GradExplainer               : min=+0.0007  max=+0.0323  mean=+0.0095  std=0.0089
    IntegratedGradExplainer     : min=-0.4514  max=+0.0734  mean=-0.0859  std=0.1390
    GNNExplainer                : min=+0.0000  max=+1.0000  mean=+0.6364  std=0.4810
  [CORRECT] Graph  627 | true=0 pred=0 | nodes= 11 edges= 20
    GradExplainer               : min=-3.0770  max=+10.2623  mean=+2.0150  std=3.6073
    IntegratedGradExplainer     : min=-0.3979  max=+0.1646  mean=-0.0750  std=0.1363
    GNNExplainer                : min=+0.0000  max=+1.0000  mean=+0.6364  std=0.4810
  [CORRECT] Graph  628 | true=0 pred=0 | nodes= 11 edges= 20
    GradExplainer               : min=-0.0064  max=+0.0034  mean=-0.0009  std=0.0024
    IntegratedGradExplainer     : min=-0.2518  max=-0.0143  mean=-0.0859  std=0.0741
    GNNExplainer                : min=+0.0000  max=+1.0000  mean=+0.7273  std=0.4454
  [CORRECT] Graph  629 | true=1 pred=1 | nodes= 11 edges= 20
    GradExplainer               : min=+1.0856  max=+18.6967  mean=+5.6652  std=6.0992
    IntegratedGradExplainer     : min=-0.2898  max=+0.3704  mean=+0.0353  std=0.1805
    GNNExplainer                : min=+0.0000  max=+1.0000  mean=+0.8182  std=0.3857
  [CORRECT] Graph  630 | true=0 pred=0 | nodes= 11 edges= 20
    GradExplainer               : min=-8.6204  max=+6.2895  mean=-0.3498  std=3.3720
    IntegratedGradExplainer     : min=-0.3285  max=+0.2064  mean=-0.0698  std=0.1536
    GNNExplainer                : min=+0.0000  max=+1.0000  mean=+0.8182  std=0.3857
  [CORRECT] Graph  631 | true=0 pred=0 | nodes= 11 edges= 20
    GradExplainer               : min=-48.0472  max=+7.7263  mean=-6.1060  std=14.2133
    IntegratedGradExplainer     : min=-0.6369  max=+0.6970  mean=-0.0591  std=0.3418
    GNNExplainer                : min=+0.0000  max=+1.0000  mean=+0.6364  std=0.4810
  [CORRECT] Graph  632 | true=1 pred=1 | nodes= 11 edges= 20
    GradExplainer               : min=-0.0564  max=+0.0645  mean=-0.0083  std=0.0305
    IntegratedGradExplainer     : min=-0.4847  max=+0.2957  mean=-0.0452  std=0.2097
    GNNExplainer                : min=+0.0000  max=+1.0000  mean=+0.7273  std=0.4454
  [CORRECT] Graph  633 | true=0 pred=0 | nodes= 11 edges= 20
    GradExplainer               : min=+0.0568  max=+2.6015  mean=+0.5860  std=0.8034
    IntegratedGradExplainer     : min=-0.7249  max=+0.2539  mean=-0.0834  std=0.2246
    GNNExplainer                : min=+0.0000  max=+1.0000  mean=+0.6364  std=0.4810
  [CORRECT] Graph  634 | true=0 pred=0 | nodes= 11 edges= 20
    GradExplainer               : min=-0.7161  max=+0.7130  mean=+0.0167  std=0.3128
    IntegratedGradExplainer     : min=-1.6465  max=+0.8387  mean=-0.0845  std=0.5807
    GNNExplainer                : min=+0.0000  max=+1.0000  mean=+0.4545  std=0.4979
  [CORRECT] Graph  635 | true=1 pred=1 | nodes= 11 edges= 20
    GradExplainer               : min=-0.0034  max=+0.0016  mean=-0.0006  std=0.0012
    IntegratedGradExplainer     : min=-0.5672  max=+0.1823  mean=-0.0486  std=0.1768
    GNNExplainer                : min=+0.0000  max=+1.0000  mean=+0.6364  std=0.4810
  [CORRECT] Graph  636 | true=0 pred=0 | nodes= 11 edges= 20
    GradExplainer               : min=-0.6315  max=+1.2110  mean=+0.0551  std=0.4945
    IntegratedGradExplainer     : min=-1.1692  max=+0.2964  mean=-0.0863  std=0.3712
    GNNExplainer                : min=+0.0000  max=+1.0000  mean=+0.7273  std=0.4454
  [WRONG  ] Graph  637 | true=0 pred=1 | nodes= 11 edges= 20
    GradExplainer               : min=-18.1508  max=+64.8038  mean=+15.6293  std=23.9526
    IntegratedGradExplainer     : min=-1.3566  max=+1.1914  mean=+0.0720  std=0.6058
    GNNExplainer                : min=+0.0000  max=+1.0000  mean=+0.7273  std=0.4454
  [WRONG  ] Graph  638 | true=0 pred=1 | nodes= 11 edges= 20
    GradExplainer               : min=-53.0713  max=+63.2276  mean=+3.0404  std=25.4978
    IntegratedGradExplainer     : min=-0.0236  max=+2.4805  mean=+0.7379  std=0.9039
    GNNExplainer                : min=+0.0000  max=+1.0000  mean=+0.7273  std=0.4454
  [CORRECT] Graph  639 | true=1 pred=1 | nodes= 11 edges= 20
    GradExplainer               : min=-0.3053  max=+0.1665  mean=-0.0061  std=0.1092
    IntegratedGradExplainer     : min=-0.5224  max=+0.3211  mean=-0.0429  std=0.1968
    GNNExplainer                : min=+0.0000  max=+1.0000  mean=+0.5455  std=0.4979
  [CORRECT] Graph  640 | true=0 pred=0 | nodes= 11 edges= 20
    GradExplainer               : min=-45.2678  max=+52.0277  mean=+0.0614  std=20.9329
    IntegratedGradExplainer     : min=-1.1105  max=+1.6990  mean=-0.0574  std=0.6503
    GNNExplainer                : min=+0.0000  max=+1.0000  mean=+0.7273  std=0.4454
  [CORRECT] Graph  641 | true=1 pred=1 | nodes= 11 edges= 20
    GradExplainer               : min=-0.7458  max=+0.0275  mean=-0.1775  std=0.2198
    IntegratedGradExplainer     : min=-0.8979  max=+0.7947  mean=-0.0465  std=0.4495
    GNNExplainer                : min=+0.0000  max=+1.0000  mean=+0.9091  std=0.2875
  [WRONG  ] Graph  642 | true=0 pred=1 | nodes= 11 edges= 20
    GradExplainer               : min=-3.4260  max=+48.4117  mean=+14.7640  std=16.3021
    IntegratedGradExplainer     : min=-0.7748  max=+5.0758  mean=+0.6482  std=1.4962
    GNNExplainer                : min=+0.0000  max=+1.0000  mean=+0.7273  std=0.4454
  [CORRECT] Graph  643 | true=1 pred=1 | nodes= 11 edges= 20
    GradExplainer               : min=-0.3654  max=+0.0653  mean=-0.0581  std=0.1075
    IntegratedGradExplainer     : min=-1.4175  max=+0.4491  mean=-0.0409  std=0.4626
    GNNExplainer                : min=+0.0000  max=+1.0000  mean=+0.7273  std=0.4454
  [WRONG  ] Graph  644 | true=1 pred=0 | nodes= 11 edges= 20
    GradExplainer               : min=-71.5413  max=-2.6477  mean=-16.1851  std=18.9427
    IntegratedGradExplainer     : min=-3.9760  max=+5.8444  mean=+0.3767  std=2.1478
    GNNExplainer                : min=+0.0000  max=+1.0000  mean=+0.9091  std=0.2875
  [WRONG  ] Graph  645 | true=1 pred=0 | nodes= 11 edges= 20
    GradExplainer               : min=-23.3183  max=+7.4071  mean=-6.3385  std=8.4178
    IntegratedGradExplainer     : min=-0.7282  max=+6.4254  mean=+1.2075  std=1.9196
    GNNExplainer                : min=+0.0000  max=+1.0000  mean=+0.4545  std=0.4979
  [WRONG  ] Graph  646 | true=0 pred=1 | nodes= 11 edges= 20
    GradExplainer               : min=-0.5219  max=+159.4559  mean=+50.7351  std=53.4797
    IntegratedGradExplainer     : min=-0.5730  max=+0.5066  mean=+0.0094  std=0.2772
    GNNExplainer                : min=+0.0000  max=+1.0000  mean=+0.8182  std=0.3857
  [CORRECT] Graph  647 | true=0 pred=0 | nodes= 11 edges= 20
    GradExplainer               : min=-0.0000  max=+0.0000  mean=-0.0000  std=0.0000
    IntegratedGradExplainer     : min=-0.5091  max=+0.0210  mean=-0.0820  std=0.1473
    GNNExplainer                : min=+1.0000  max=+1.0000  mean=+1.0000  std=0.0000
  [CORRECT] Graph  648 | true=1 pred=1 | nodes= 11 edges= 20
    GradExplainer               : min=-0.1935  max=+0.4923  mean=+0.0700  std=0.1776
    IntegratedGradExplainer     : min=-0.4660  max=+0.3534  mean=-0.0465  std=0.2403
    GNNExplainer                : min=+0.0000  max=+1.0000  mean=+0.9091  std=0.2875
  [CORRECT] Graph  649 | true=1 pred=1 | nodes= 11 edges= 20
    GradExplainer               : min=-0.0001  max=+0.0002  mean=+0.0000  std=0.0001
    IntegratedGradExplainer     : min=-0.3849  max=+0.2966  mean=-0.0469  std=0.1746
    GNNExplainer                : min=+0.0000  max=+1.0000  mean=+0.5455  std=0.4979
  [WRONG  ] Graph  650 | true=1 pred=0 | nodes= 11 edges= 20
    GradExplainer               : min=-72.9450  max=+30.8377  mean=-5.5877  std=23.8411
    IntegratedGradExplainer     : min=-0.0775  max=+0.7334  mean=+0.2484  std=0.2469
    GNNExplainer                : min=+0.0000  max=+1.0000  mean=+0.6364  std=0.4810
  [WRONG  ] Graph  651 | true=0 pred=1 | nodes= 11 edges= 20
    GradExplainer               : min=-9.4685  max=+27.8458  mean=+6.5622  std=11.6940
    IntegratedGradExplainer     : min=-0.2768  max=+0.3780  mean=-0.0062  std=0.1621
    GNNExplainer                : min=+0.0000  max=+1.0000  mean=+0.7273  std=0.4454
  [CORRECT] Graph  652 | true=1 pred=1 | nodes= 11 edges= 20
    GradExplainer               : min=-0.0036  max=+0.0008  mean=-0.0005  std=0.0012
    IntegratedGradExplainer     : min=-0.3736  max=+0.1823  mean=-0.0417  std=0.1644
    GNNExplainer                : min=+0.0000  max=+1.0000  mean=+0.8182  std=0.3857
  [CORRECT] Graph  653 | true=0 pred=0 | nodes= 11 edges= 20
    GradExplainer               : min=-1.5885  max=+5.6959  mean=+0.8010  std=1.8387
    IntegratedGradExplainer     : min=-0.5741  max=+0.0364  mean=-0.0694  std=0.1626
    GNNExplainer                : min=+0.0000  max=+1.0000  mean=+0.7273  std=0.4454
  [CORRECT] Graph  654 | true=0 pred=0 | nodes= 11 edges= 20
    GradExplainer               : min=-0.3118  max=+0.1042  mean=-0.0124  std=0.1090
    IntegratedGradExplainer     : min=-0.5312  max=+0.5674  mean=-0.0938  std=0.2577
    GNNExplainer                : min=+0.0000  max=+1.0000  mean=+0.4545  std=0.4979
  [CORRECT] Graph  655 | true=1 pred=1 | nodes= 11 edges= 20
    GradExplainer               : min=-0.0020  max=+0.0010  mean=+0.0001  std=0.0008
    IntegratedGradExplainer     : min=-0.5542  max=+0.0771  mean=-0.0509  std=0.1668
    GNNExplainer                : min=+0.0000  max=+1.0000  mean=+0.6364  std=0.4810
  [CORRECT] Graph  656 | true=0 pred=0 | nodes= 11 edges= 20
    GradExplainer               : min=+0.0112  max=+0.3667  mean=+0.0736  std=0.1110
    IntegratedGradExplainer     : min=-0.4296  max=+0.0637  mean=-0.0884  std=0.1235
    GNNExplainer                : min=+0.0000  max=+1.0000  mean=+0.7273  std=0.4454
  [WRONG  ] Graph  657 | true=0 pred=1 | nodes= 11 edges= 20
    GradExplainer               : min=-11.6528  max=+74.0321  mean=+7.0927  std=23.4183
    IntegratedGradExplainer     : min=-1.7055  max=+1.5139  mean=+0.2942  std=0.8556
    GNNExplainer                : min=+0.0000  max=+1.0000  mean=+0.7273  std=0.4454
  [CORRECT] Graph  658 | true=0 pred=0 | nodes= 11 edges= 20
    GradExplainer               : min=-0.0195  max=+0.0080  mean=+0.0005  std=0.0075
    IntegratedGradExplainer     : min=-0.5037  max=+0.2621  mean=-0.0806  std=0.2373
    GNNExplainer                : min=+0.0000  max=+1.0000  mean=+0.3636  std=0.4810
  [CORRECT] Graph  659 | true=1 pred=1 | nodes= 11 edges= 20
    GradExplainer               : min=-0.0450  max=+0.0177  mean=-0.0077  std=0.0149
    IntegratedGradExplainer     : min=-0.9291  max=+0.7314  mean=-0.0484  std=0.4017
    GNNExplainer                : min=+0.0000  max=+1.0000  mean=+0.7273  std=0.4454
  [CORRECT] Graph  660 | true=1 pred=1 | nodes= 11 edges= 20
    GradExplainer               : min=-0.4586  max=+0.5636  mean=+0.0740  std=0.2635
    IntegratedGradExplainer     : min=-1.1319  max=+1.1538  mean=-0.0480  std=0.5439
    GNNExplainer                : min=+0.0000  max=+1.0000  mean=+0.7273  std=0.4454
  [WRONG  ] Graph  661 | true=1 pred=0 | nodes= 11 edges= 20
    GradExplainer               : min=-16.5851  max=+86.0197  mean=+11.7648  std=27.3746
    IntegratedGradExplainer     : min=-0.4108  max=+0.5248  mean=+0.0945  std=0.2579
    GNNExplainer                : min=+0.0000  max=+1.0000  mean=+0.7273  std=0.4454
  [CORRECT] Graph  662 | true=0 pred=0 | nodes= 11 edges= 20
    GradExplainer               : min=+0.0146  max=+2.4411  mean=+0.5380  std=0.7142
    IntegratedGradExplainer     : min=-0.2902  max=+0.0860  mean=-0.0837  std=0.1195
    GNNExplainer                : min=+0.0000  max=+1.0000  mean=+0.7273  std=0.4454
  [WRONG  ] Graph  663 | true=0 pred=1 | nodes= 11 edges= 20
    GradExplainer               : min=-180.7943  max=+113.3466  mean=+5.1516  std=70.8837
    IntegratedGradExplainer     : min=-4.1405  max=+2.7468  mean=+0.2428  std=1.6589
    GNNExplainer                : min=+0.0000  max=+1.0000  mean=+0.6364  std=0.4810
  [CORRECT] Graph  664 | true=1 pred=1 | nodes= 11 edges= 20
    GradExplainer               : min=-0.0000  max=+0.0000  mean=-0.0000  std=0.0000
    IntegratedGradExplainer     : min=-0.3484  max=+0.1086  mean=-0.0445  std=0.1109
    GNNExplainer                : min=+0.0000  max=+1.0000  mean=+0.8182  std=0.3857
  [WRONG  ] Graph  665 | true=0 pred=1 | nodes= 11 edges= 20
    GradExplainer               : min=-103.1373  max=+10.2702  mean=-15.1568  std=32.2710
    IntegratedGradExplainer     : min=-1.0723  max=+1.4531  mean=+0.0113  std=0.7023
    GNNExplainer                : min=+0.0000  max=+1.0000  mean=+0.8182  std=0.3857
  [CORRECT] Graph  666 | true=0 pred=0 | nodes= 11 edges= 20
    GradExplainer               : min=-0.0004  max=+0.0743  mean=+0.0206  std=0.0279
    IntegratedGradExplainer     : min=-0.1926  max=-0.0206  mean=-0.0827  std=0.0547
    GNNExplainer                : min=+0.0000  max=+1.0000  mean=+0.7273  std=0.4454
  [CORRECT] Graph  667 | true=0 pred=0 | nodes= 11 edges= 20
    GradExplainer               : min=-0.1120  max=-0.0008  mean=-0.0349  std=0.0390
    IntegratedGradExplainer     : min=-0.2908  max=+0.0560  mean=-0.0823  std=0.0848
    GNNExplainer                : min=+0.0000  max=+1.0000  mean=+0.7273  std=0.4454
  [WRONG  ] Graph  668 | true=0 pred=1 | nodes= 11 edges= 20
    GradExplainer               : min=-91.0298  max=+49.7007  mean=-2.1662  std=32.4510
    IntegratedGradExplainer     : min=-2.7950  max=+3.3153  mean=+0.2190  std=1.6375
    GNNExplainer                : min=+0.0000  max=+1.0000  mean=+0.8182  std=0.3857
  [WRONG  ] Graph  669 | true=0 pred=1 | nodes= 11 edges= 20
    GradExplainer               : min=-12.9686  max=+73.2535  mean=+21.4632  std=27.6897
    IntegratedGradExplainer     : min=-2.3343  max=+3.4271  mean=+0.0627  std=1.3037
    GNNExplainer                : min=+0.0000  max=+1.0000  mean=+0.8182  std=0.3857
  [WRONG  ] Graph  670 | true=0 pred=1 | nodes= 11 edges= 20
    GradExplainer               : min=-79.2713  max=+134.9105  mean=+9.1586  std=55.8423
    IntegratedGradExplainer     : min=-3.0151  max=+1.6768  mean=+0.0213  std=1.2326
    GNNExplainer                : min=+0.0000  max=+1.0000  mean=+0.5455  std=0.4979
  [CORRECT] Graph  671 | true=0 pred=0 | nodes= 11 edges= 20
    GradExplainer               : min=-0.0147  max=+0.0018  mean=-0.0027  std=0.0047
    IntegratedGradExplainer     : min=-0.6837  max=+0.2533  mean=-0.0817  std=0.2271
    GNNExplainer                : min=+0.0000  max=+1.0000  mean=+0.6364  std=0.4810
  [WRONG  ] Graph  672 | true=0 pred=1 | nodes= 11 edges= 20
    GradExplainer               : min=-15.0020  max=+103.9698  mean=+12.5644  std=31.4690
    IntegratedGradExplainer     : min=-0.3848  max=+5.5587  mean=+0.6536  std=1.6769
    GNNExplainer                : min=+0.0000  max=+1.0000  mean=+0.5455  std=0.4979
  [CORRECT] Graph  673 | true=1 pred=1 | nodes= 11 edges= 20
    GradExplainer               : min=-0.0249  max=+0.0470  mean=+0.0021  std=0.0180
    IntegratedGradExplainer     : min=-0.3541  max=+0.1884  mean=-0.0421  std=0.1515
    GNNExplainer                : min=+0.0000  max=+1.0000  mean=+0.7273  std=0.4454
  [WRONG  ] Graph  674 | true=0 pred=1 | nodes= 11 edges= 20
    GradExplainer               : min=-78.0651  max=+78.1691  mean=-12.2855  std=39.0078
    IntegratedGradExplainer     : min=-1.7046  max=+3.2313  mean=+0.1106  std=1.5720
    GNNExplainer                : min=+0.0000  max=+1.0000  mean=+0.3636  std=0.4810
  [CORRECT] Graph  675 | true=0 pred=0 | nodes= 11 edges= 20
    GradExplainer               : min=-0.1530  max=+0.2055  mean=+0.0318  std=0.0959
    IntegratedGradExplainer     : min=-1.6863  max=+1.8875  mean=-0.0830  std=0.8490
    GNNExplainer                : min=+0.0000  max=+1.0000  mean=+0.6364  std=0.4810
  [CORRECT] Graph  676 | true=1 pred=1 | nodes= 11 edges= 20
    GradExplainer               : min=-129.0609  max=+15.5113  mean=-21.0145  std=39.6993
    IntegratedGradExplainer     : min=-1.6550  max=+1.8127  mean=+0.0358  std=0.8229
    GNNExplainer                : min=+0.0000  max=+1.0000  mean=+0.5455  std=0.4979
  [WRONG  ] Graph  677 | true=0 pred=1 | nodes= 11 edges= 20
    GradExplainer               : min=-105.8587  max=+99.3563  mean=-4.2104  std=45.0667
    IntegratedGradExplainer     : min=-0.6371  max=+3.8643  mean=+0.6993  std=1.1963
    GNNExplainer                : min=+0.0000  max=+1.0000  mean=+0.3636  std=0.4810
  [WRONG  ] Graph  678 | true=1 pred=0 | nodes= 11 edges= 20
    GradExplainer               : min=-62.5086  max=+14.9112  mean=-5.4573  std=20.0796
    IntegratedGradExplainer     : min=-1.9134  max=+2.8461  mean=+0.2884  std=1.0882
    GNNExplainer                : min=+0.0000  max=+1.0000  mean=+0.9091  std=0.2875
  [CORRECT] Graph  679 | true=0 pred=0 | nodes= 11 edges= 20
    GradExplainer               : min=-0.0013  max=+0.2577  mean=+0.0795  std=0.1009
    IntegratedGradExplainer     : min=-0.5623  max=+0.0720  mean=-0.0873  std=0.1724
    GNNExplainer                : min=+0.0000  max=+1.0000  mean=+0.9091  std=0.2875
  [CORRECT] Graph  680 | true=0 pred=0 | nodes= 11 edges= 20
    GradExplainer               : min=-0.0092  max=+0.0212  mean=+0.0040  std=0.0073
    IntegratedGradExplainer     : min=-0.3468  max=+0.0051  mean=-0.0822  std=0.1017
    GNNExplainer                : min=+0.0000  max=+1.0000  mean=+0.7273  std=0.4454
  [WRONG  ] Graph  681 | true=0 pred=1 | nodes= 11 edges= 20
    GradExplainer               : min=-180.4917  max=+56.7509  mean=-16.9032  std=57.9486
    IntegratedGradExplainer     : min=-1.0849  max=+4.4350  mean=+0.7402  std=1.6606
    GNNExplainer                : min=+0.0000  max=+1.0000  mean=+0.5455  std=0.4979
  [CORRECT] Graph  682 | true=0 pred=0 | nodes= 11 edges= 20
    GradExplainer               : min=-14.0029  max=+8.2124  mean=+0.0154  std=5.0591
    IntegratedGradExplainer     : min=-1.3184  max=+0.3460  mean=-0.0776  std=0.4363
    GNNExplainer                : min=+0.0000  max=+1.0000  mean=+0.7273  std=0.4454
  [CORRECT] Graph  683 | true=0 pred=0 | nodes= 11 edges= 20
    GradExplainer               : min=-0.0388  max=+0.0044  mean=-0.0061  std=0.0138
    IntegratedGradExplainer     : min=-0.5353  max=+0.1338  mean=-0.0821  std=0.1836
    GNNExplainer                : min=+0.0000  max=+1.0000  mean=+0.9091  std=0.2875
  [CORRECT] Graph  684 | true=0 pred=0 | nodes= 11 edges= 20
    GradExplainer               : min=-0.0088  max=+0.0004  mean=-0.0033  std=0.0026
    IntegratedGradExplainer     : min=-0.4781  max=+0.0105  mean=-0.0822  std=0.1332
    GNNExplainer                : min=+0.0000  max=+1.0000  mean=+0.4545  std=0.4979
  [CORRECT] Graph  685 | true=1 pred=1 | nodes= 11 edges= 20
    GradExplainer               : min=-3.6923  max=-0.0418  mean=-0.9874  std=1.1609
    IntegratedGradExplainer     : min=-1.3368  max=+0.5623  mean=-0.0441  std=0.5287
    GNNExplainer                : min=+0.0000  max=+1.0000  mean=+0.7273  std=0.4454
  [CORRECT] Graph  686 | true=0 pred=0 | nodes= 11 edges= 20
    GradExplainer               : min=+0.0008  max=+0.0314  mean=+0.0110  std=0.0103
    IntegratedGradExplainer     : min=-0.2272  max=+0.0025  mean=-0.0804  std=0.0769
    GNNExplainer                : min=+0.0000  max=+1.0000  mean=+0.8182  std=0.3857
  [WRONG  ] Graph  687 | true=0 pred=1 | nodes= 11 edges= 20
    GradExplainer               : min=-65.4085  max=+67.6292  mean=-0.3143  std=29.0965
    IntegratedGradExplainer     : min=-4.4464  max=+4.8183  mean=+0.1099  std=2.1664
    GNNExplainer                : min=+0.0000  max=+1.0000  mean=+0.6364  std=0.4810
  [CORRECT] Graph  688 | true=1 pred=1 | nodes= 11 edges= 20
    GradExplainer               : min=-13.0402  max=+12.2264  mean=-0.9258  std=5.9199
    IntegratedGradExplainer     : min=-0.5190  max=+0.3148  mean=-0.0159  std=0.2219
    GNNExplainer                : min=+0.0000  max=+1.0000  mean=+0.6364  std=0.4810
  [WRONG  ] Graph  689 | true=1 pred=0 | nodes= 11 edges= 20
    GradExplainer               : min=-55.8239  max=-0.5524  mean=-18.8191  std=20.5913
    IntegratedGradExplainer     : min=-3.6789  max=+3.4429  mean=+0.2560  std=1.6473
    GNNExplainer                : min=+0.0000  max=+1.0000  mean=+0.8182  std=0.3857
  [CORRECT] Graph  690 | true=0 pred=0 | nodes= 11 edges= 20
    GradExplainer               : min=-0.0012  max=+0.0016  mean=-0.0001  std=0.0007
    IntegratedGradExplainer     : min=-0.3911  max=+0.0092  mean=-0.0836  std=0.1194
    GNNExplainer                : min=+0.0000  max=+1.0000  mean=+0.9091  std=0.2875
  [CORRECT] Graph  691 | true=0 pred=0 | nodes= 11 edges= 20
    GradExplainer               : min=-0.1238  max=+0.0228  mean=-0.0276  std=0.0475
    IntegratedGradExplainer     : min=-0.3737  max=+0.0892  mean=-0.0821  std=0.1181
    GNNExplainer                : min=+0.0000  max=+1.0000  mean=+0.4545  std=0.4979
  [CORRECT] Graph  692 | true=0 pred=0 | nodes= 11 edges= 20
    GradExplainer               : min=-0.2000  max=+0.1299  mean=-0.0105  std=0.0755
    IntegratedGradExplainer     : min=-0.3867  max=+0.0021  mean=-0.0847  std=0.1142
    GNNExplainer                : min=+1.0000  max=+1.0000  mean=+1.0000  std=0.0000
  [WRONG  ] Graph  693 | true=0 pred=1 | nodes= 11 edges= 20
    GradExplainer               : min=+0.9630  max=+287.0628  mean=+59.2439  std=81.6128
    IntegratedGradExplainer     : min=-1.3519  max=+3.2146  mean=+0.2595  std=1.0428
    GNNExplainer                : min=+0.0000  max=+1.0000  mean=+0.6364  std=0.4810
  [WRONG  ] Graph  694 | true=0 pred=1 | nodes= 11 edges= 20
    GradExplainer               : min=-6.5591  max=+33.3982  mean=+4.8665  std=11.0706
    IntegratedGradExplainer     : min=-1.1135  max=+0.8642  mean=+0.0396  std=0.5122
    GNNExplainer                : min=+0.0000  max=+1.0000  mean=+0.5455  std=0.4979
  [WRONG  ] Graph  695 | true=0 pred=1 | nodes= 11 edges= 20
    GradExplainer               : min=-31.2525  max=+46.2655  mean=+0.7787  std=17.2408
    IntegratedGradExplainer     : min=-0.4988  max=+0.9160  mean=-0.0241  std=0.3752
    GNNExplainer                : min=+0.0000  max=+1.0000  mean=+0.7273  std=0.4454
  [CORRECT] Graph  696 | true=0 pred=0 | nodes= 11 edges= 20
    GradExplainer               : min=-0.0042  max=+0.0206  mean=+0.0058  std=0.0073
    IntegratedGradExplainer     : min=-0.4286  max=+0.1151  mean=-0.0978  std=0.1544
    GNNExplainer                : min=+0.0000  max=+1.0000  mean=+0.6364  std=0.4810
  [WRONG  ] Graph  697 | true=0 pred=1 | nodes= 11 edges= 20
    GradExplainer               : min=-17.0401  max=+84.5931  mean=+20.3152  std=25.7680
    IntegratedGradExplainer     : min=-0.9245  max=+0.9604  mean=+0.0182  std=0.5120
    GNNExplainer                : min=+0.0000  max=+1.0000  mean=+0.8182  std=0.3857
  [CORRECT] Graph  698 | true=0 pred=0 | nodes= 11 edges= 20
    GradExplainer               : min=-0.0026  max=+0.0018  mean=+0.0002  std=0.0010
    IntegratedGradExplainer     : min=-0.3131  max=+0.1840  mean=-0.0891  std=0.1292
    GNNExplainer                : min=+0.0000  max=+1.0000  mean=+0.7273  std=0.4454
  [CORRECT] Graph  699 | true=0 pred=0 | nodes= 11 edges= 20
    GradExplainer               : min=-0.0058  max=+0.0000  mean=-0.0019  std=0.0024
    IntegratedGradExplainer     : min=-0.5288  max=+0.0431  mean=-0.0832  std=0.1487
    GNNExplainer                : min=+0.0000  max=+1.0000  mean=+0.3636  std=0.4810
  [CORRECT] Graph  700 | true=0 pred=0 | nodes= 11 edges= 20
    GradExplainer               : min=-0.8006  max=+1.1377  mean=-0.0230  std=0.4635
    IntegratedGradExplainer     : min=-3.1983  max=+4.0488  mean=-0.0755  std=1.9501
    GNNExplainer                : min=+0.0000  max=+1.0000  mean=+0.9091  std=0.2875
  [WRONG  ] Graph  701 | true=0 pred=1 | nodes= 11 edges= 20
    GradExplainer               : min=-8.0818  max=+5.4630  mean=+0.5820  std=3.1215
    IntegratedGradExplainer     : min=-0.3138  max=+0.1822  mean=-0.0525  std=0.1550
    GNNExplainer                : min=+0.0000  max=+1.0000  mean=+0.8182  std=0.3857
  [CORRECT] Graph  702 | true=1 pred=1 | nodes= 11 edges= 20
    GradExplainer               : min=-0.3544  max=+0.3653  mean=+0.0433  std=0.2035
    IntegratedGradExplainer     : min=-0.5397  max=+0.2049  mean=-0.0407  std=0.1734
    GNNExplainer                : min=+0.0000  max=+1.0000  mean=+0.8182  std=0.3857
  [WRONG  ] Graph  703 | true=0 pred=1 | nodes= 11 edges= 20
    GradExplainer               : min=-59.4011  max=+72.7178  mean=+4.9822  std=28.5802
    IntegratedGradExplainer     : min=-0.5269  max=+3.5181  mean=+0.3227  std=1.0406
    GNNExplainer                : min=+0.0000  max=+1.0000  mean=+0.6364  std=0.4810
  [CORRECT] Graph  704 | true=0 pred=0 | nodes= 11 edges= 20
    GradExplainer               : min=-0.0090  max=+0.0061  mean=+0.0010  std=0.0041
    IntegratedGradExplainer     : min=-0.4387  max=-0.0016  mean=-0.0785  std=0.1339
    GNNExplainer                : min=+0.0000  max=+1.0000  mean=+0.4545  std=0.4979
  [CORRECT] Graph  705 | true=0 pred=0 | nodes= 11 edges= 20
    GradExplainer               : min=-0.1974  max=+0.3210  mean=+0.0109  std=0.1178
    IntegratedGradExplainer     : min=-0.2194  max=+0.0066  mean=-0.0820  std=0.0690
    GNNExplainer                : min=+0.0000  max=+1.0000  mean=+0.8182  std=0.3857
  [WRONG  ] Graph  706 | true=0 pred=1 | nodes= 11 edges= 20
    GradExplainer               : min=-0.4332  max=+41.0985  mean=+11.9760  std=13.2144
    IntegratedGradExplainer     : min=-2.5431  max=+2.2631  mean=+0.0166  std=1.3294
    GNNExplainer                : min=+0.0000  max=+1.0000  mean=+0.6364  std=0.4810
  [CORRECT] Graph  707 | true=1 pred=1 | nodes= 11 edges= 20
    GradExplainer               : min=-0.0819  max=+0.1544  mean=+0.0026  std=0.0537
    IntegratedGradExplainer     : min=-0.5774  max=+0.1464  mean=-0.0413  std=0.1936
    GNNExplainer                : min=+0.0000  max=+1.0000  mean=+0.9091  std=0.2875
  [WRONG  ] Graph  708 | true=1 pred=0 | nodes= 11 edges= 20
    GradExplainer               : min=-22.6181  max=+155.4036  mean=+29.7503  std=50.9289
    IntegratedGradExplainer     : min=-0.0468  max=+0.6910  mean=+0.2236  std=0.2223
    GNNExplainer                : min=+0.0000  max=+1.0000  mean=+0.8182  std=0.3857
  [CORRECT] Graph  709 | true=1 pred=1 | nodes= 11 edges= 20
    GradExplainer               : min=-1.0814  max=+0.5371  mean=-0.0950  std=0.4659
    IntegratedGradExplainer     : min=-0.3755  max=+0.0970  mean=-0.0329  std=0.1247
    GNNExplainer                : min=+0.0000  max=+1.0000  mean=+0.6364  std=0.4810
  [WRONG  ] Graph  710 | true=0 pred=1 | nodes= 11 edges= 20
    GradExplainer               : min=-36.9790  max=+51.4203  mean=+13.1831  std=23.2498
    IntegratedGradExplainer     : min=-5.3182  max=+3.0451  mean=+0.1921  std=1.9727
    GNNExplainer                : min=+0.0000  max=+1.0000  mean=+0.5455  std=0.4979
  [CORRECT] Graph  711 | true=0 pred=0 | nodes= 11 edges= 20
    GradExplainer               : min=-0.0488  max=+0.0379  mean=-0.0019  std=0.0191
    IntegratedGradExplainer     : min=-0.5837  max=+0.0707  mean=-0.0786  std=0.1655
    GNNExplainer                : min=+0.0000  max=+1.0000  mean=+0.6364  std=0.4810
  [CORRECT] Graph  712 | true=0 pred=0 | nodes= 11 edges= 20
    GradExplainer               : min=-4.1462  max=+14.3637  mean=+3.1521  std=5.6050
    IntegratedGradExplainer     : min=-0.3723  max=+0.4101  mean=-0.0698  std=0.1913
    GNNExplainer                : min=+0.0000  max=+1.0000  mean=+0.6364  std=0.4810
  [CORRECT] Graph  713 | true=1 pred=1 | nodes= 11 edges= 20
    GradExplainer               : min=-17.1775  max=+19.7827  mean=+2.4020  std=9.7557
    IntegratedGradExplainer     : min=-0.2384  max=+0.3870  mean=+0.0236  std=0.1611
    GNNExplainer                : min=+0.0000  max=+1.0000  mean=+0.4545  std=0.4979
  [CORRECT] Graph  714 | true=1 pred=1 | nodes= 11 edges= 20
    GradExplainer               : min=-0.2495  max=+0.6516  mean=+0.1545  std=0.2889
    IntegratedGradExplainer     : min=-0.5201  max=+0.2942  mean=-0.0278  std=0.1871
    GNNExplainer                : min=+0.0000  max=+1.0000  mean=+0.6364  std=0.4810
  [CORRECT] Graph  715 | true=0 pred=0 | nodes= 11 edges= 20
    GradExplainer               : min=-0.0014  max=+0.0003  mean=-0.0003  std=0.0005
    IntegratedGradExplainer     : min=-0.4233  max=+0.1851  mean=-0.0867  std=0.1480
    GNNExplainer                : min=+0.0000  max=+1.0000  mean=+0.6364  std=0.4810
  [WRONG  ] Graph  716 | true=0 pred=1 | nodes= 11 edges= 20
    GradExplainer               : min=-47.5320  max=+49.3282  mean=+3.5470  std=21.8934
    IntegratedGradExplainer     : min=-1.0760  max=+2.8283  mean=+0.1793  std=0.9467
    GNNExplainer                : min=+0.0000  max=+1.0000  mean=+0.7273  std=0.4454
  [WRONG  ] Graph  717 | true=1 pred=0 | nodes= 11 edges= 20
    GradExplainer               : min=-121.4902  max=+113.1522  mean=-7.7678  std=53.7210
    IntegratedGradExplainer     : min=-3.4238  max=+4.9586  mean=+0.4021  std=2.2186
    GNNExplainer                : min=+0.0000  max=+1.0000  mean=+0.5455  std=0.4979
  [CORRECT] Graph  718 | true=0 pred=0 | nodes= 11 edges= 20
    GradExplainer               : min=-3.5919  max=+8.1802  mean=-0.4254  std=2.9732
    IntegratedGradExplainer     : min=-0.3374  max=+0.1262  mean=-0.0642  std=0.1620
    GNNExplainer                : min=+0.0000  max=+1.0000  mean=+0.9091  std=0.2875
  [CORRECT] Graph  719 | true=0 pred=0 | nodes= 11 edges= 20
    GradExplainer               : min=-0.5191  max=+0.1051  mean=-0.0923  std=0.1697
    IntegratedGradExplainer     : min=-0.4393  max=+0.0463  mean=-0.0870  std=0.1352
    GNNExplainer                : min=+0.0000  max=+1.0000  mean=+0.8182  std=0.3857
  [WRONG  ] Graph  720 | true=0 pred=1 | nodes= 11 edges= 20
    GradExplainer               : min=-21.4394  max=+67.2726  mean=+11.7657  std=21.3019
    IntegratedGradExplainer     : min=-4.4164  max=+5.1717  mean=+0.6616  std=2.2434
    GNNExplainer                : min=+0.0000  max=+1.0000  mean=+0.5455  std=0.4979
  [CORRECT] Graph  721 | true=1 pred=1 | nodes= 11 edges= 20
    GradExplainer               : min=-0.0025  max=+0.0044  mean=+0.0006  std=0.0017
    IntegratedGradExplainer     : min=-0.3102  max=+0.1227  mean=-0.0389  std=0.1121
    GNNExplainer                : min=+0.0000  max=+1.0000  mean=+0.7273  std=0.4454
  [CORRECT] Graph  722 | true=1 pred=1 | nodes= 11 edges= 20
    GradExplainer               : min=-0.6248  max=+1.4730  mean=+0.1833  std=0.4924
    IntegratedGradExplainer     : min=-0.8417  max=+0.2860  mean=-0.0427  std=0.2786
    GNNExplainer                : min=+0.0000  max=+1.0000  mean=+0.4545  std=0.4979
  [CORRECT] Graph  723 | true=0 pred=0 | nodes= 11 edges= 20
    GradExplainer               : min=-7.4414  max=+1.5573  mean=-1.3179  std=2.3250
    IntegratedGradExplainer     : min=-0.3366  max=+0.0682  mean=-0.0794  std=0.1147
    GNNExplainer                : min=+0.0000  max=+1.0000  mean=+0.5455  std=0.4979
  [WRONG  ] Graph  724 | true=1 pred=0 | nodes= 11 edges= 20
    GradExplainer               : min=-126.6445  max=+65.1483  mean=-8.4902  std=45.3659
    IntegratedGradExplainer     : min=-1.5141  max=+3.4694  mean=+0.1531  std=1.3479
    GNNExplainer                : min=+0.0000  max=+1.0000  mean=+0.7273  std=0.4454
  [CORRECT] Graph  725 | true=0 pred=0 | nodes= 11 edges= 20
    GradExplainer               : min=-0.1412  max=-0.0179  mean=-0.0535  std=0.0387
    IntegratedGradExplainer     : min=-0.6805  max=+0.2170  mean=-0.0796  std=0.2215
    GNNExplainer                : min=+0.0000  max=+1.0000  mean=+0.6364  std=0.4810
  [WRONG  ] Graph  726 | true=0 pred=1 | nodes= 11 edges= 20
    GradExplainer               : min=-15.6127  max=+96.7393  mean=+28.5331  std=35.6453
    IntegratedGradExplainer     : min=-1.2699  max=+5.7256  mean=+0.7203  std=1.8998
    GNNExplainer                : min=+0.0000  max=+1.0000  mean=+0.8182  std=0.3857
  [WRONG  ] Graph  727 | true=0 pred=1 | nodes= 11 edges= 20
    GradExplainer               : min=-19.2071  max=+26.5321  mean=+7.9551  std=14.6461
    IntegratedGradExplainer     : min=-4.8999  max=+2.6355  mean=+0.1959  std=2.2582
    GNNExplainer                : min=+0.0000  max=+1.0000  mean=+0.8182  std=0.3857
  [CORRECT] Graph  728 | true=0 pred=0 | nodes= 11 edges= 20
    GradExplainer               : min=-0.4945  max=+5.2138  mean=+1.7975  std=2.1620
    IntegratedGradExplainer     : min=-1.7925  max=+0.4518  mean=-0.1034  std=0.5971
    GNNExplainer                : min=+0.0000  max=+1.0000  mean=+0.7273  std=0.4454
  [CORRECT] Graph  729 | true=0 pred=0 | nodes= 11 edges= 20
    GradExplainer               : min=-2.9168  max=+1.0312  mean=-0.7868  std=1.1643
    IntegratedGradExplainer     : min=-0.3242  max=+0.1622  mean=-0.0819  std=0.1260
    GNNExplainer                : min=+0.0000  max=+1.0000  mean=+0.6364  std=0.4810
  [CORRECT] Graph  730 | true=0 pred=0 | nodes= 11 edges= 20
    GradExplainer               : min=-0.0484  max=+0.0715  mean=+0.0157  std=0.0316
    IntegratedGradExplainer     : min=-0.2535  max=+0.0354  mean=-0.0830  std=0.0870
    GNNExplainer                : min=+0.0000  max=+1.0000  mean=+0.5455  std=0.4979
  [CORRECT] Graph  731 | true=0 pred=0 | nodes= 11 edges= 20
    GradExplainer               : min=-0.2017  max=+0.0183  mean=-0.0345  std=0.0586
    IntegratedGradExplainer     : min=-0.2367  max=+0.0039  mean=-0.0848  std=0.0841
    GNNExplainer                : min=+0.0000  max=+1.0000  mean=+0.6364  std=0.4810
  [CORRECT] Graph  732 | true=1 pred=1 | nodes= 11 edges= 20
    GradExplainer               : min=-0.3620  max=+0.1963  mean=-0.1310  std=0.1680
    IntegratedGradExplainer     : min=-0.7657  max=+0.4041  mean=-0.0505  std=0.2708
    GNNExplainer                : min=+0.0000  max=+1.0000  mean=+0.6364  std=0.4810
  [CORRECT] Graph  733 | true=1 pred=1 | nodes= 11 edges= 20
    GradExplainer               : min=-37.1978  max=+60.2896  mean=+8.5025  std=23.4008
    IntegratedGradExplainer     : min=-0.6915  max=+1.0333  mean=+0.0402  std=0.4346
    GNNExplainer                : min=+0.0000  max=+1.0000  mean=+0.5455  std=0.4979
  [WRONG  ] Graph  734 | true=0 pred=1 | nodes= 11 edges= 20
    GradExplainer               : min=-10.9547  max=+109.3195  mean=+19.1828  std=32.6458
    IntegratedGradExplainer     : min=-0.7411  max=+1.6975  mean=+0.0073  std=0.6460
    GNNExplainer                : min=+0.0000  max=+1.0000  mean=+0.4545  std=0.4979
  [CORRECT] Graph  735 | true=1 pred=1 | nodes= 11 edges= 20
    GradExplainer               : min=-0.0531  max=+0.0519  mean=-0.0070  std=0.0238
    IntegratedGradExplainer     : min=-0.6563  max=+0.2155  mean=-0.0493  std=0.2576
    GNNExplainer                : min=+0.0000  max=+1.0000  mean=+0.7273  std=0.4454
  [CORRECT] Graph  736 | true=1 pred=1 | nodes= 11 edges= 20
    GradExplainer               : min=-0.1379  max=-0.0039  mean=-0.0455  std=0.0485
    IntegratedGradExplainer     : min=-0.6491  max=+0.1880  mean=-0.0462  std=0.2006
    GNNExplainer                : min=+0.0000  max=+1.0000  mean=+0.3636  std=0.4810
  [CORRECT] Graph  737 | true=1 pred=1 | nodes= 11 edges= 20
    GradExplainer               : min=-0.0164  max=-0.0002  mean=-0.0031  std=0.0049
    IntegratedGradExplainer     : min=-0.5392  max=+0.2024  mean=-0.0457  std=0.1897
    GNNExplainer                : min=+0.0000  max=+1.0000  mean=+0.5455  std=0.4979
  [CORRECT] Graph  738 | true=1 pred=1 | nodes= 11 edges= 20
    GradExplainer               : min=-13.2114  max=+10.6266  mean=+1.2095  std=6.2526
    IntegratedGradExplainer     : min=-0.5625  max=+0.2964  mean=-0.0337  std=0.2416
    GNNExplainer                : min=+0.0000  max=+1.0000  mean=+0.7273  std=0.4454
  [CORRECT] Graph  739 | true=1 pred=1 | nodes= 11 edges= 20
    GradExplainer               : min=-19.2061  max=+13.1044  mean=-2.8311  std=7.8524
    IntegratedGradExplainer     : min=-0.3267  max=+0.6463  mean=+0.0190  std=0.2914
    GNNExplainer                : min=+0.0000  max=+1.0000  mean=+0.9091  std=0.2875
  [CORRECT] Graph  740 | true=1 pred=1 | nodes= 11 edges= 20
    GradExplainer               : min=-0.0060  max=+0.0157  mean=+0.0039  std=0.0060
    IntegratedGradExplainer     : min=-0.3434  max=+0.0434  mean=-0.0452  std=0.1200
    GNNExplainer                : min=+0.0000  max=+1.0000  mean=+0.8182  std=0.3857
  [CORRECT] Graph  741 | true=1 pred=1 | nodes= 11 edges= 20
    GradExplainer               : min=-1.0294  max=+0.3751  mean=-0.2331  std=0.3958
    IntegratedGradExplainer     : min=-0.2450  max=+0.1132  mean=-0.0416  std=0.0996
    GNNExplainer                : min=+0.0000  max=+1.0000  mean=+0.4545  std=0.4979
  [WRONG  ] Graph  742 | true=1 pred=0 | nodes= 11 edges= 20
    GradExplainer               : min=-49.7484  max=+27.3706  mean=-6.9047  std=19.4796
    IntegratedGradExplainer     : min=-1.6064  max=+1.0731  mean=+0.0727  std=0.6998
    GNNExplainer                : min=+0.0000  max=+1.0000  mean=+0.5455  std=0.4979
  [CORRECT] Graph  743 | true=0 pred=0 | nodes= 11 edges= 20
    GradExplainer               : min=-0.1181  max=+0.6919  mean=+0.1204  std=0.2231
    IntegratedGradExplainer     : min=-0.7134  max=+0.4372  mean=-0.0779  std=0.2485
    GNNExplainer                : min=+0.0000  max=+1.0000  mean=+0.6364  std=0.4810
  [WRONG  ] Graph  744 | true=0 pred=1 | nodes= 11 edges= 20
    GradExplainer               : min=-29.1117  max=+70.3102  mean=+5.9683  std=22.7939
    IntegratedGradExplainer     : min=-1.3318  max=+0.4315  mean=-0.0430  std=0.4403
    GNNExplainer                : min=+0.0000  max=+1.0000  mean=+0.6364  std=0.4810
  [CORRECT] Graph  745 | true=1 pred=1 | nodes= 11 edges= 20
    GradExplainer               : min=-0.0020  max=+0.0136  mean=+0.0016  std=0.0041
    IntegratedGradExplainer     : min=-0.2145  max=+0.0617  mean=-0.0417  std=0.0842
    GNNExplainer                : min=+0.0000  max=+1.0000  mean=+0.6364  std=0.4810
  [CORRECT] Graph  746 | true=1 pred=1 | nodes= 11 edges= 20
    GradExplainer               : min=-0.6399  max=+0.0902  mean=-0.2243  std=0.2368
    IntegratedGradExplainer     : min=-0.5300  max=+0.3263  mean=-0.0355  std=0.1899
    GNNExplainer                : min=+0.0000  max=+1.0000  mean=+0.7273  std=0.4454
  [WRONG  ] Graph  747 | true=0 pred=1 | nodes= 11 edges= 20
    GradExplainer               : min=-45.3059  max=+72.0788  mean=+10.4867  std=29.4768
    IntegratedGradExplainer     : min=-1.2877  max=+1.8746  mean=-0.0164  std=0.7019
    GNNExplainer                : min=+0.0000  max=+1.0000  mean=+0.5455  std=0.4979
  [CORRECT] Graph  748 | true=1 pred=1 | nodes= 11 edges= 20
    GradExplainer               : min=-0.0313  max=+0.0090  mean=-0.0087  std=0.0098
    IntegratedGradExplainer     : min=-0.1938  max=+0.0184  mean=-0.0452  std=0.0657
    GNNExplainer                : min=+0.0000  max=+1.0000  mean=+0.6364  std=0.4810
  [CORRECT] Graph  749 | true=0 pred=0 | nodes= 11 edges= 20
    GradExplainer               : min=-0.0000  max=+0.0001  mean=+0.0000  std=0.0000
    IntegratedGradExplainer     : min=-0.3189  max=+0.0408  mean=-0.0835  std=0.0880
    GNNExplainer                : min=+0.0000  max=+1.0000  mean=+0.8182  std=0.3857
  [WRONG  ] Graph  750 | true=0 pred=1 | nodes= 11 edges= 20
    GradExplainer               : min=-89.7878  max=+36.3784  mean=-6.4141  std=30.0087
    IntegratedGradExplainer     : min=-2.0960  max=+3.7237  mean=+0.4194  std=1.5305
    GNNExplainer                : min=+0.0000  max=+1.0000  mean=+0.8182  std=0.3857
  [CORRECT] Graph  751 | true=1 pred=1 | nodes= 11 edges= 20
    GradExplainer               : min=-0.1073  max=-0.0007  mean=-0.0284  std=0.0288
    IntegratedGradExplainer     : min=-0.4609  max=+0.2255  mean=-0.0439  std=0.1541
    GNNExplainer                : min=+0.0000  max=+1.0000  mean=+0.7273  std=0.4454
  [CORRECT] Graph  752 | true=1 pred=1 | nodes= 11 edges= 20
    GradExplainer               : min=-0.0011  max=+0.0003  mean=-0.0003  std=0.0005
    IntegratedGradExplainer     : min=-0.6537  max=+0.1840  mean=-0.0495  std=0.2030
    GNNExplainer                : min=+0.0000  max=+1.0000  mean=+0.7273  std=0.4454
  [WRONG  ] Graph  753 | true=0 pred=1 | nodes= 11 edges= 20
    GradExplainer               : min=-121.4296  max=+45.1962  mean=-17.4780  std=39.8138
    IntegratedGradExplainer     : min=-6.5738  max=+7.4371  mean=+0.4416  std=3.2191
    GNNExplainer                : min=+0.0000  max=+1.0000  mean=+0.6364  std=0.4810
  [WRONG  ] Graph  754 | true=0 pred=1 | nodes= 11 edges= 20
    GradExplainer               : min=-3.1030  max=+36.8700  mean=+10.3975  std=12.4903
    IntegratedGradExplainer     : min=-0.6735  max=+1.3217  mean=+0.0122  std=0.5009
    GNNExplainer                : min=+0.0000  max=+1.0000  mean=+0.7273  std=0.4454
  [WRONG  ] Graph  755 | true=1 pred=0 | nodes= 11 edges= 20
    GradExplainer               : min=-7.4340  max=+17.9395  mean=+1.9631  std=5.9526
    IntegratedGradExplainer     : min=-1.4151  max=+1.9522  mean=+0.1231  std=0.7930
    GNNExplainer                : min=+0.0000  max=+1.0000  mean=+0.6364  std=0.4810
  [WRONG  ] Graph  756 | true=1 pred=0 | nodes= 11 edges= 20
    GradExplainer               : min=-28.6732  max=+59.1342  mean=+7.9571  std=19.3616
    IntegratedGradExplainer     : min=-2.2923  max=+2.4949  mean=+0.2052  std=1.0383
    GNNExplainer                : min=+0.0000  max=+1.0000  mean=+0.7273  std=0.4454
  [CORRECT] Graph  757 | true=0 pred=0 | nodes= 11 edges= 20
    GradExplainer               : min=-1.0090  max=+1.9873  mean=+0.2579  std=0.7869
    IntegratedGradExplainer     : min=-0.2125  max=+0.0109  mean=-0.0775  std=0.0634
    GNNExplainer                : min=+0.0000  max=+1.0000  mean=+0.7273  std=0.4454
  [WRONG  ] Graph  758 | true=0 pred=1 | nodes= 11 edges= 20
    GradExplainer               : min=-17.7021  max=+44.0439  mean=+9.7978  std=20.3503
    IntegratedGradExplainer     : min=-4.5545  max=+3.9230  mean=+0.4112  std=2.0615
    GNNExplainer                : min=+0.0000  max=+1.0000  mean=+0.6364  std=0.4810
  [WRONG  ] Graph  759 | true=0 pred=1 | nodes= 11 edges= 20
    GradExplainer               : min=-0.6915  max=+27.6426  mean=+9.9879  std=9.5420
    IntegratedGradExplainer     : min=-3.5953  max=+2.5664  mean=+0.0320  std=1.6225
    GNNExplainer                : min=+0.0000  max=+1.0000  mean=+0.9091  std=0.2875
  [CORRECT] Graph  760 | true=0 pred=0 | nodes= 11 edges= 20
    GradExplainer               : min=-0.0833  max=+0.0395  mean=-0.0000  std=0.0306
    IntegratedGradExplainer     : min=-0.3003  max=+0.1549  mean=-0.0856  std=0.1132
    GNNExplainer                : min=+0.0000  max=+1.0000  mean=+0.7273  std=0.4454
  [WRONG  ] Graph  761 | true=0 pred=1 | nodes= 11 edges= 20
    GradExplainer               : min=-92.0558  max=+62.1372  mean=+17.2337  std=40.3599
    IntegratedGradExplainer     : min=-0.4062  max=+0.7735  mean=+0.0861  std=0.3054
    GNNExplainer                : min=+0.0000  max=+1.0000  mean=+0.5455  std=0.4979
  [WRONG  ] Graph  762 | true=1 pred=0 | nodes= 11 edges= 20
    GradExplainer               : min=-4.8593  max=+22.4375  mean=+3.4870  std=6.7949
    IntegratedGradExplainer     : min=-1.5271  max=+1.1950  mean=+0.1671  std=0.7133
    GNNExplainer                : min=+0.0000  max=+1.0000  mean=+0.9091  std=0.2875
  [WRONG  ] Graph  763 | true=0 pred=1 | nodes= 11 edges= 20
    GradExplainer               : min=-14.6101  max=+29.6644  mean=+6.6400  std=14.9629
    IntegratedGradExplainer     : min=-0.5225  max=+3.9169  mean=+0.6846  std=1.3704
    GNNExplainer                : min=+0.0000  max=+1.0000  mean=+0.4545  std=0.4979
  [CORRECT] Graph  764 | true=0 pred=0 | nodes= 11 edges= 20
    GradExplainer               : min=-0.0030  max=+0.0034  mean=+0.0004  std=0.0015
    IntegratedGradExplainer     : min=-0.3195  max=+0.0519  mean=-0.0853  std=0.1122
    GNNExplainer                : min=+0.0000  max=+1.0000  mean=+0.8182  std=0.3857
  [CORRECT] Graph  765 | true=0 pred=0 | nodes= 11 edges= 20
    GradExplainer               : min=-0.6764  max=+4.1273  mean=+1.2216  std=1.5178
    IntegratedGradExplainer     : min=-0.8623  max=+0.3280  mean=-0.0760  std=0.2992
    GNNExplainer                : min=+0.0000  max=+1.0000  mean=+0.7273  std=0.4454
  [CORRECT] Graph  766 | true=1 pred=1 | nodes= 11 edges= 20
    GradExplainer               : min=-3.8765  max=+0.1066  mean=-0.6803  std=1.1225
    IntegratedGradExplainer     : min=-0.5018  max=+0.1897  mean=-0.0466  std=0.1680
    GNNExplainer                : min=+0.0000  max=+1.0000  mean=+0.8182  std=0.3857
  [CORRECT] Graph  767 | true=0 pred=0 | nodes= 11 edges= 20
    GradExplainer               : min=+0.0000  max=+0.0015  mean=+0.0005  std=0.0004
    IntegratedGradExplainer     : min=-0.4060  max=-0.0092  mean=-0.0819  std=0.1102
    GNNExplainer                : min=+0.0000  max=+1.0000  mean=+0.7273  std=0.4454
  [WRONG  ] Graph  768 | true=1 pred=0 | nodes= 11 edges= 20
    GradExplainer               : min=-43.8492  max=+29.2479  mean=-10.8055  std=20.8143
    IntegratedGradExplainer     : min=-1.1752  max=+4.7369  mean=+0.2766  std=1.5019
    GNNExplainer                : min=+0.0000  max=+1.0000  mean=+0.7273  std=0.4454
  [CORRECT] Graph  769 | true=0 pred=0 | nodes= 11 edges= 20
    GradExplainer               : min=-0.0042  max=+0.0009  mean=-0.0012  std=0.0013
    IntegratedGradExplainer     : min=-0.3120  max=+0.0325  mean=-0.0830  std=0.1053
    GNNExplainer                : min=+0.0000  max=+1.0000  mean=+0.4545  std=0.4979
  [CORRECT] Graph  770 | true=0 pred=0 | nodes= 11 edges= 20
    GradExplainer               : min=-13.2387  max=+2.5442  mean=-1.3936  std=3.9817
    IntegratedGradExplainer     : min=-0.2602  max=+0.1067  mean=-0.0763  std=0.0963
    GNNExplainer                : min=+0.0000  max=+1.0000  mean=+0.7273  std=0.4454
  [CORRECT] Graph  771 | true=0 pred=0 | nodes= 11 edges= 20
    GradExplainer               : min=-0.2562  max=+1.9472  mean=+0.1789  std=0.6570
    IntegratedGradExplainer     : min=-0.4290  max=+0.1812  mean=-0.0789  std=0.1455
    GNNExplainer                : min=+0.0000  max=+1.0000  mean=+0.8182  std=0.3857
  [WRONG  ] Graph  772 | true=0 pred=1 | nodes= 11 edges= 20
    GradExplainer               : min=+2.4746  max=+114.6270  mean=+29.1196  std=33.8128
    IntegratedGradExplainer     : min=-0.7100  max=+8.5718  mean=+0.9796  std=2.4566
    GNNExplainer                : min=+0.0000  max=+1.0000  mean=+0.8182  std=0.3857
  [WRONG  ] Graph  773 | true=0 pred=1 | nodes= 11 edges= 20
    GradExplainer               : min=-58.3389  max=+99.8917  mean=+18.9893  std=37.9257
    IntegratedGradExplainer     : min=-1.4993  max=+1.3026  mean=+0.2493  std=0.7291
    GNNExplainer                : min=+0.0000  max=+1.0000  mean=+0.6364  std=0.4810
  [CORRECT] Graph  774 | true=0 pred=0 | nodes= 11 edges= 20
    GradExplainer               : min=-1.0597  max=+1.5263  mean=+0.0956  std=0.6518
    IntegratedGradExplainer     : min=-0.2660  max=-0.0073  mean=-0.0817  std=0.0798
    GNNExplainer                : min=+0.0000  max=+1.0000  mean=+0.9091  std=0.2875
  [CORRECT] Graph  775 | true=1 pred=1 | nodes= 11 edges= 20
    GradExplainer               : min=+0.0003  max=+0.0490  mean=+0.0087  std=0.0144
    IntegratedGradExplainer     : min=-0.5721  max=+0.6586  mean=-0.0482  std=0.2922
    GNNExplainer                : min=+0.0000  max=+1.0000  mean=+0.6364  std=0.4810
  [CORRECT] Graph  776 | true=0 pred=0 | nodes= 11 edges= 20
    GradExplainer               : min=-1.1330  max=+0.0811  mean=-0.3596  std=0.3954
    IntegratedGradExplainer     : min=-0.1883  max=+0.0152  mean=-0.0827  std=0.0561
    GNNExplainer                : min=+0.0000  max=+1.0000  mean=+0.4545  std=0.4979
  [CORRECT] Graph  777 | true=0 pred=0 | nodes= 11 edges= 20
    GradExplainer               : min=-0.0036  max=+0.0023  mean=+0.0003  std=0.0014
    IntegratedGradExplainer     : min=-0.4451  max=+0.0165  mean=-0.0852  std=0.1206
    GNNExplainer                : min=+0.0000  max=+1.0000  mean=+0.9091  std=0.2875
  [WRONG  ] Graph  778 | true=0 pred=1 | nodes= 11 edges= 20
    GradExplainer               : min=-0.4772  max=+10.9878  mean=+4.3873  std=3.9431
    IntegratedGradExplainer     : min=-1.2331  max=+0.7710  mean=-0.0435  std=0.4536
    GNNExplainer                : min=+0.0000  max=+1.0000  mean=+0.6364  std=0.4810
  [CORRECT] Graph  779 | true=0 pred=0 | nodes= 11 edges= 20
    GradExplainer               : min=-0.0059  max=+0.0013  mean=-0.0001  std=0.0020
    IntegratedGradExplainer     : min=-0.2167  max=+0.0118  mean=-0.0836  std=0.0808
    GNNExplainer                : min=+0.0000  max=+1.0000  mean=+0.6364  std=0.4810
  [CORRECT] Graph  780 | true=0 pred=0 | nodes= 11 edges= 20
    GradExplainer               : min=-0.0000  max=+0.0000  mean=-0.0000  std=0.0000
    IntegratedGradExplainer     : min=-0.2892  max=+0.0567  mean=-0.0835  std=0.0941
    GNNExplainer                : min=+0.0000  max=+1.0000  mean=+0.8182  std=0.3857
  [WRONG  ] Graph  781 | true=0 pred=1 | nodes= 11 edges= 20
    GradExplainer               : min=-13.0599  max=+63.4673  mean=+13.3628  std=26.6930
    IntegratedGradExplainer     : min=-0.8070  max=+1.9474  mean=+0.4208  std=0.8584
    GNNExplainer                : min=+0.0000  max=+1.0000  mean=+0.8182  std=0.3857
  [CORRECT] Graph  782 | true=0 pred=0 | nodes= 11 edges= 20
    GradExplainer               : min=-0.0001  max=+0.0001  mean=-0.0000  std=0.0001
    IntegratedGradExplainer     : min=-0.3386  max=-0.0286  mean=-0.0849  std=0.0871
    GNNExplainer                : min=+0.0000  max=+1.0000  mean=+0.7273  std=0.4454
  [CORRECT] Graph  783 | true=0 pred=0 | nodes= 11 edges= 20
    GradExplainer               : min=-0.3809  max=+1.3333  mean=+0.1837  std=0.4309
    IntegratedGradExplainer     : min=-0.2762  max=+0.0287  mean=-0.0812  std=0.1010
    GNNExplainer                : min=+0.0000  max=+1.0000  mean=+0.3636  std=0.4810
  [CORRECT] Graph  784 | true=0 pred=0 | nodes= 11 edges= 20
    GradExplainer               : min=-13.6560  max=+31.7053  mean=+1.0232  std=11.0327
    IntegratedGradExplainer     : min=-0.2442  max=+0.0390  mean=-0.0751  std=0.0832
    GNNExplainer                : min=+0.0000  max=+1.0000  mean=+0.7273  std=0.4454
  [WRONG  ] Graph  785 | true=0 pred=1 | nodes= 11 edges= 20
    GradExplainer               : min=-10.9961  max=+197.5302  mean=+49.1504  std=62.6055
    IntegratedGradExplainer     : min=-0.5257  max=+0.5673  mean=+0.0070  std=0.3375
    GNNExplainer                : min=+0.0000  max=+1.0000  mean=+0.8182  std=0.3857
  [CORRECT] Graph  786 | true=1 pred=1 | nodes= 11 edges= 20
    GradExplainer               : min=-0.1319  max=+0.3189  mean=+0.0504  std=0.1109
    IntegratedGradExplainer     : min=-0.7044  max=+0.1575  mean=-0.0444  std=0.2292
    GNNExplainer                : min=+0.0000  max=+1.0000  mean=+0.9091  std=0.2875
  [WRONG  ] Graph  787 | true=1 pred=0 | nodes= 11 edges= 20
    GradExplainer               : min=-25.6989  max=+135.3727  mean=+17.7193  std=40.4659
    IntegratedGradExplainer     : min=-1.8599  max=+5.0773  mean=+0.4899  std=1.5915
    GNNExplainer                : min=+0.0000  max=+1.0000  mean=+0.9091  std=0.2875
  [WRONG  ] Graph  788 | true=0 pred=1 | nodes= 11 edges= 20
    GradExplainer               : min=-8.0595  max=+13.9902  mean=+1.5623  std=5.2376
    IntegratedGradExplainer     : min=-0.3689  max=+0.7275  mean=-0.0367  std=0.2884
    GNNExplainer                : min=+0.0000  max=+1.0000  mean=+0.6364  std=0.4810
  [CORRECT] Graph  789 | true=0 pred=0 | nodes= 11 edges= 20
    GradExplainer               : min=-0.0102  max=+0.0273  mean=+0.0027  std=0.0086
    IntegratedGradExplainer     : min=-0.5383  max=+0.0664  mean=-0.0854  std=0.1696
    GNNExplainer                : min=+0.0000  max=+1.0000  mean=+0.7273  std=0.4454
  [CORRECT] Graph  790 | true=0 pred=0 | nodes= 11 edges= 20
    GradExplainer               : min=-0.0857  max=+0.0549  mean=-0.0030  std=0.0322
    IntegratedGradExplainer     : min=-0.5815  max=+0.0956  mean=-0.0874  std=0.1664
    GNNExplainer                : min=+0.0000  max=+1.0000  mean=+0.8182  std=0.3857
  [WRONG  ] Graph  791 | true=0 pred=1 | nodes= 11 edges= 20
    GradExplainer               : min=-34.5672  max=+29.8839  mean=-3.6812  std=15.4570
    IntegratedGradExplainer     : min=-1.0759  max=+3.1851  mean=+0.4571  std=1.1528
    GNNExplainer                : min=+0.0000  max=+1.0000  mean=+0.9091  std=0.2875
  [CORRECT] Graph  792 | true=0 pred=0 | nodes= 11 edges= 20
    GradExplainer               : min=-0.2754  max=+0.1674  mean=-0.0061  std=0.0983
    IntegratedGradExplainer     : min=-0.2536  max=-0.0152  mean=-0.0888  std=0.0771
    GNNExplainer                : min=+0.0000  max=+1.0000  mean=+0.6364  std=0.4810
  [CORRECT] Graph  793 | true=1 pred=1 | nodes= 11 edges= 20
    GradExplainer               : min=-0.0095  max=+0.0019  mean=-0.0012  std=0.0032
    IntegratedGradExplainer     : min=-0.2855  max=+0.1487  mean=-0.0487  std=0.1114
    GNNExplainer                : min=+0.0000  max=+1.0000  mean=+0.7273  std=0.4454
  [CORRECT] Graph  794 | true=1 pred=1 | nodes= 11 edges= 20
    GradExplainer               : min=-7.4953  max=+1.7601  mean=-1.0898  std=2.3167
    IntegratedGradExplainer     : min=-0.4665  max=+0.2118  mean=-0.0132  std=0.1839
    GNNExplainer                : min=+1.0000  max=+1.0000  mean=+1.0000  std=0.0000
  [CORRECT] Graph  795 | true=0 pred=0 | nodes= 11 edges= 20
    GradExplainer               : min=-0.0005  max=+0.0000  mean=-0.0001  std=0.0002
    IntegratedGradExplainer     : min=-0.6868  max=+0.0563  mean=-0.0847  std=0.2000
    GNNExplainer                : min=+0.0000  max=+1.0000  mean=+0.7273  std=0.4454
  [WRONG  ] Graph  796 | true=0 pred=1 | nodes= 11 edges= 20
    GradExplainer               : min=-91.9030  max=+139.6112  mean=-3.6333  std=55.3465
    IntegratedGradExplainer     : min=-0.5664  max=+1.7837  mean=+0.4032  std=0.7546
    GNNExplainer                : min=+0.0000  max=+1.0000  mean=+0.4545  std=0.4979
  [CORRECT] Graph  797 | true=0 pred=0 | nodes= 11 edges= 20
    GradExplainer               : min=-0.4661  max=+0.6400  mean=+0.2461  std=0.2615
    IntegratedGradExplainer     : min=-0.5359  max=+0.1459  mean=-0.0793  std=0.1671
    GNNExplainer                : min=+0.0000  max=+1.0000  mean=+0.5455  std=0.4979
  [CORRECT] Graph  798 | true=1 pred=1 | nodes= 11 edges= 20
    GradExplainer               : min=-1.0398  max=+0.1095  mean=-0.3792  std=0.3614
    IntegratedGradExplainer     : min=-0.5944  max=+0.2029  mean=-0.0436  std=0.1926
    GNNExplainer                : min=+0.0000  max=+1.0000  mean=+0.6364  std=0.4810
  [CORRECT] Graph  799 | true=0 pred=0 | nodes= 11 edges= 20
    GradExplainer               : min=-0.0095  max=+0.0076  mean=-0.0013  std=0.0040
    IntegratedGradExplainer     : min=-0.5385  max=+0.0800  mean=-0.0822  std=0.1549
    GNNExplainer                : min=+0.0000  max=+1.0000  mean=+0.9091  std=0.2875
  [CORRECT] Graph  800 | true=1 pred=1 | nodes= 11 edges= 20
    GradExplainer               : min=-17.8742  max=+9.1505  mean=-5.3269  std=6.9001
    IntegratedGradExplainer     : min=-3.2224  max=+2.1249  mean=-0.0113  std=1.3331
    GNNExplainer                : min=+0.0000  max=+1.0000  mean=+0.8182  std=0.3857
  [WRONG  ] Graph  801 | true=0 pred=1 | nodes= 11 edges= 20
    GradExplainer               : min=-14.5471  max=+91.5171  mean=+19.2250  std=31.8510
    IntegratedGradExplainer     : min=-0.4471  max=+0.5411  mean=-0.0336  std=0.2940
    GNNExplainer                : min=+0.0000  max=+1.0000  mean=+0.5455  std=0.4979
  [WRONG  ] Graph  802 | true=0 pred=1 | nodes= 11 edges= 20
    GradExplainer               : min=-27.2801  max=+5.9267  mean=-2.1127  std=8.4933
    IntegratedGradExplainer     : min=-0.3121  max=+0.4197  mean=+0.0006  std=0.2222
    GNNExplainer                : min=+0.0000  max=+1.0000  mean=+0.5455  std=0.4979
  [CORRECT] Graph  803 | true=0 pred=0 | nodes= 11 edges= 20
    GradExplainer               : min=-0.0611  max=+0.2349  mean=+0.0488  std=0.0826
    IntegratedGradExplainer     : min=-0.2886  max=+0.0584  mean=-0.0871  std=0.0897
    GNNExplainer                : min=+0.0000  max=+1.0000  mean=+0.9091  std=0.2875
  [WRONG  ] Graph  804 | true=0 pred=1 | nodes= 11 edges= 20
    GradExplainer               : min=-56.7085  max=+35.4302  mean=+0.0088  std=21.0745
    IntegratedGradExplainer     : min=-0.8027  max=+0.3327  mean=-0.0341  std=0.2834
    GNNExplainer                : min=+0.0000  max=+1.0000  mean=+0.6364  std=0.4810
  [CORRECT] Graph  805 | true=1 pred=1 | nodes= 11 edges= 20
    GradExplainer               : min=-7.3300  max=+5.6696  mean=-0.0841  std=3.1836
    IntegratedGradExplainer     : min=-1.2922  max=+1.0775  mean=+0.0156  std=0.5302
    GNNExplainer                : min=+0.0000  max=+1.0000  mean=+0.9091  std=0.2875
  [WRONG  ] Graph  806 | true=1 pred=0 | nodes= 11 edges= 20
    GradExplainer               : min=-85.0927  max=+31.6565  mean=-6.0793  std=28.1673
    IntegratedGradExplainer     : min=-1.6842  max=+2.7463  mean=+0.1312  std=1.1147
    GNNExplainer                : min=+0.0000  max=+1.0000  mean=+0.7273  std=0.4454
  [WRONG  ] Graph  807 | true=0 pred=1 | nodes= 11 edges= 20
    GradExplainer               : min=-45.6098  max=+132.6835  mean=+19.3148  std=42.9396
    IntegratedGradExplainer     : min=-0.4570  max=+2.8595  mean=+0.3428  std=0.8887
    GNNExplainer                : min=+0.0000  max=+1.0000  mean=+0.5455  std=0.4979
  [CORRECT] Graph  808 | true=0 pred=0 | nodes= 11 edges= 20
    GradExplainer               : min=-0.0702  max=+0.0558  mean=+0.0012  std=0.0328
    IntegratedGradExplainer     : min=-0.2658  max=-0.0031  mean=-0.0860  std=0.0870
    GNNExplainer                : min=+0.0000  max=+1.0000  mean=+0.6364  std=0.4810
  [WRONG  ] Graph  809 | true=0 pred=1 | nodes= 11 edges= 20
    GradExplainer               : min=+2.0993  max=+42.9861  mean=+15.8870  std=14.7887
    IntegratedGradExplainer     : min=-1.2123  max=+1.0187  mean=-0.0296  std=0.5349
    GNNExplainer                : min=+0.0000  max=+1.0000  mean=+0.6364  std=0.4810
  [CORRECT] Graph  810 | true=0 pred=0 | nodes= 11 edges= 20
    GradExplainer               : min=-0.0100  max=+0.0083  mean=-0.0027  std=0.0048
    IntegratedGradExplainer     : min=-0.2880  max=+0.0094  mean=-0.0854  std=0.0821
    GNNExplainer                : min=+0.0000  max=+1.0000  mean=+0.3636  std=0.4810
  [CORRECT] Graph  811 | true=1 pred=1 | nodes= 11 edges= 20
    GradExplainer               : min=-54.2397  max=+65.2605  mean=+6.7355  std=27.3913
    IntegratedGradExplainer     : min=-1.9228  max=+1.0851  mean=+0.0443  std=0.6900
    GNNExplainer                : min=+0.0000  max=+1.0000  mean=+0.5455  std=0.4979
  [CORRECT] Graph  812 | true=0 pred=0 | nodes= 11 edges= 20
    GradExplainer               : min=-0.0561  max=+0.0151  mean=-0.0095  std=0.0176
    IntegratedGradExplainer     : min=-0.4847  max=+0.0032  mean=-0.0869  std=0.1313
    GNNExplainer                : min=+0.0000  max=+1.0000  mean=+0.7273  std=0.4454
  [WRONG  ] Graph  813 | true=0 pred=1 | nodes= 11 edges= 20
    GradExplainer               : min=-20.8935  max=+76.0049  mean=+15.9802  std=26.7743
    IntegratedGradExplainer     : min=-0.7196  max=+0.8686  mean=+0.0310  std=0.4154
    GNNExplainer                : min=+0.0000  max=+1.0000  mean=+0.4545  std=0.4979
  [CORRECT] Graph  814 | true=1 pred=1 | nodes= 11 edges= 20
    GradExplainer               : min=-1.5895  max=+0.3211  mean=-0.5199  std=0.5981
    IntegratedGradExplainer     : min=-0.8220  max=+0.7905  mean=-0.0570  std=0.4251
    GNNExplainer                : min=+0.0000  max=+1.0000  mean=+0.7273  std=0.4454
  [WRONG  ] Graph  815 | true=0 pred=1 | nodes= 11 edges= 20
    GradExplainer               : min=-28.0728  max=+13.0802  mean=-3.2472  std=9.5190
    IntegratedGradExplainer     : min=-8.3576  max=+4.7442  mean=+0.1277  std=3.3672
    GNNExplainer                : min=+0.0000  max=+1.0000  mean=+0.7273  std=0.4454
  [WRONG  ] Graph  816 | true=1 pred=0 | nodes= 11 edges= 20
    GradExplainer               : min=-47.0840  max=+96.6648  mean=-2.0744  std=34.9936
    IntegratedGradExplainer     : min=-1.0868  max=+2.1180  mean=+0.2215  std=0.8414
    GNNExplainer                : min=+0.0000  max=+1.0000  mean=+0.7273  std=0.4454
  [CORRECT] Graph  817 | true=1 pred=1 | nodes= 11 edges= 20
    GradExplainer               : min=-0.3576  max=+0.3918  mean=+0.0588  std=0.1904
    IntegratedGradExplainer     : min=-0.9868  max=+0.6967  mean=-0.0539  std=0.4220
    GNNExplainer                : min=+0.0000  max=+1.0000  mean=+0.5455  std=0.4979
  [CORRECT] Graph  818 | true=0 pred=0 | nodes= 11 edges= 20
    GradExplainer               : min=-0.0191  max=+0.0050  mean=-0.0021  std=0.0065
    IntegratedGradExplainer     : min=-0.3711  max=+0.3789  mean=-0.0957  std=0.1914
    GNNExplainer                : min=+0.0000  max=+1.0000  mean=+0.7273  std=0.4454
  [CORRECT] Graph  819 | true=1 pred=1 | nodes= 11 edges= 20
    GradExplainer               : min=-0.2842  max=-0.0177  mean=-0.0770  std=0.0840
    IntegratedGradExplainer     : min=-0.2992  max=+0.2061  mean=-0.0430  std=0.1391
    GNNExplainer                : min=+0.0000  max=+1.0000  mean=+0.6364  std=0.4810
  [CORRECT] Graph  820 | true=0 pred=0 | nodes= 11 edges= 20
    GradExplainer               : min=-0.0005  max=+0.0021  mean=+0.0006  std=0.0008
    IntegratedGradExplainer     : min=-0.3256  max=+0.0142  mean=-0.0865  std=0.0916
    GNNExplainer                : min=+0.0000  max=+1.0000  mean=+0.7273  std=0.4454
  [CORRECT] Graph  821 | true=1 pred=1 | nodes= 11 edges= 20
    GradExplainer               : min=-0.0020  max=+0.0188  mean=+0.0030  std=0.0060
    IntegratedGradExplainer     : min=-1.7983  max=+1.5747  mean=-0.0498  std=0.7419
    GNNExplainer                : min=+0.0000  max=+1.0000  mean=+0.9091  std=0.2875
  [CORRECT] Graph  822 | true=1 pred=1 | nodes= 11 edges= 20
    GradExplainer               : min=+0.2678  max=+35.6146  mean=+7.1098  std=10.4268
    IntegratedGradExplainer     : min=-0.7990  max=+0.3885  mean=-0.0210  std=0.3102
    GNNExplainer                : min=+0.0000  max=+1.0000  mean=+0.6364  std=0.4810
  [CORRECT] Graph  823 | true=1 pred=1 | nodes= 11 edges= 20
    GradExplainer               : min=-16.8731  max=+9.0964  mean=-3.0257  std=7.5096
    IntegratedGradExplainer     : min=-1.0130  max=+0.7747  mean=-0.0158  std=0.4099
    GNNExplainer                : min=+0.0000  max=+1.0000  mean=+0.4545  std=0.4979
  [CORRECT] Graph  824 | true=1 pred=1 | nodes= 11 edges= 20
    GradExplainer               : min=-0.0005  max=+0.0049  mean=+0.0013  std=0.0019
    IntegratedGradExplainer     : min=-0.4406  max=+0.2217  mean=-0.0437  std=0.1489
    GNNExplainer                : min=+0.0000  max=+1.0000  mean=+0.6364  std=0.4810
  [WRONG  ] Graph  825 | true=0 pred=1 | nodes= 11 edges= 20
    GradExplainer               : min=-0.8614  max=+36.4613  mean=+5.9309  std=10.2021
    IntegratedGradExplainer     : min=-1.4033  max=+1.9686  mean=-0.0219  std=0.7513
    GNNExplainer                : min=+0.0000  max=+1.0000  mean=+0.9091  std=0.2875
  [CORRECT] Graph  826 | true=0 pred=0 | nodes= 11 edges= 20
    GradExplainer               : min=-0.0674  max=+0.2938  mean=+0.0391  std=0.0962
    IntegratedGradExplainer     : min=-0.2249  max=+0.0265  mean=-0.0846  std=0.0777
    GNNExplainer                : min=+0.0000  max=+1.0000  mean=+0.7273  std=0.4454
  [CORRECT] Graph  827 | true=0 pred=0 | nodes= 11 edges= 20
    GradExplainer               : min=-0.0008  max=+0.0000  mean=-0.0002  std=0.0002
    IntegratedGradExplainer     : min=-0.5589  max=+0.1121  mean=-0.0924  std=0.1772
    GNNExplainer                : min=+0.0000  max=+1.0000  mean=+0.8182  std=0.3857
  [CORRECT] Graph  828 | true=0 pred=0 | nodes= 11 edges= 20
    GradExplainer               : min=-0.0029  max=+0.0014  mean=-0.0001  std=0.0010
    IntegratedGradExplainer     : min=-0.1988  max=-0.0070  mean=-0.0849  std=0.0604
    GNNExplainer                : min=+0.0000  max=+1.0000  mean=+0.7273  std=0.4454
  [CORRECT] Graph  829 | true=1 pred=1 | nodes= 11 edges= 20
    GradExplainer               : min=-7.0168  max=+4.0905  mean=+0.5185  std=2.8893
    IntegratedGradExplainer     : min=-1.8546  max=+1.6474  mean=-0.0406  std=0.7549
    GNNExplainer                : min=+0.0000  max=+1.0000  mean=+0.7273  std=0.4454
  [CORRECT] Graph  830 | true=0 pred=0 | nodes= 11 edges= 20
    GradExplainer               : min=-0.0004  max=+0.0004  mean=+0.0000  std=0.0002
    IntegratedGradExplainer     : min=-0.3786  max=-0.0050  mean=-0.0869  std=0.0978
    GNNExplainer                : min=+0.0000  max=+1.0000  mean=+0.9091  std=0.2875
  [CORRECT] Graph  831 | true=1 pred=1 | nodes= 11 edges= 20
    GradExplainer               : min=-0.0341  max=-0.0060  mean=-0.0151  std=0.0116
    IntegratedGradExplainer     : min=-0.6356  max=+0.1725  mean=-0.0453  std=0.2062
    GNNExplainer                : min=+0.0000  max=+1.0000  mean=+0.5455  std=0.4979
  [WRONG  ] Graph  832 | true=1 pred=0 | nodes= 11 edges= 20
    GradExplainer               : min=-62.6601  max=+30.9476  mean=+2.6132  std=23.2047
    IntegratedGradExplainer     : min=-0.3781  max=+5.7014  mean=+0.8361  std=1.7063
    GNNExplainer                : min=+0.0000  max=+1.0000  mean=+0.5455  std=0.4979
  [CORRECT] Graph  833 | true=1 pred=1 | nodes= 11 edges= 20
    GradExplainer               : min=-0.0000  max=+0.0000  mean=-0.0000  std=0.0000
    IntegratedGradExplainer     : min=-0.3400  max=+0.0455  mean=-0.0488  std=0.0979
    GNNExplainer                : min=+0.0000  max=+1.0000  mean=+0.7273  std=0.4454
  [CORRECT] Graph  834 | true=0 pred=0 | nodes= 11 edges= 20
    GradExplainer               : min=+0.0001  max=+0.0013  mean=+0.0005  std=0.0004
    IntegratedGradExplainer     : min=-0.1740  max=-0.0085  mean=-0.0880  std=0.0617
    GNNExplainer                : min=+0.0000  max=+1.0000  mean=+0.7273  std=0.4454
  [CORRECT] Graph  835 | true=1 pred=1 | nodes= 11 edges= 20
    GradExplainer               : min=-0.0359  max=-0.0039  mean=-0.0130  std=0.0116
    IntegratedGradExplainer     : min=-0.6127  max=+0.2678  mean=-0.0456  std=0.2103
    GNNExplainer                : min=+0.0000  max=+1.0000  mean=+0.8182  std=0.3857
  [CORRECT] Graph  836 | true=1 pred=1 | nodes= 11 edges= 20
    GradExplainer               : min=-0.0601  max=+0.0193  mean=-0.0068  std=0.0204
    IntegratedGradExplainer     : min=-0.3749  max=+0.3132  mean=-0.0384  std=0.1705
    GNNExplainer                : min=+0.0000  max=+1.0000  mean=+0.9091  std=0.2875
  [CORRECT] Graph  837 | true=1 pred=1 | nodes= 11 edges= 20
    GradExplainer               : min=-0.0066  max=+0.0194  mean=+0.0028  std=0.0064
    IntegratedGradExplainer     : min=-2.3587  max=+1.1044  mean=-0.0444  std=0.8288
    GNNExplainer                : min=+0.0000  max=+1.0000  mean=+0.7273  std=0.4454
  [CORRECT] Graph  838 | true=0 pred=0 | nodes= 11 edges= 20
    GradExplainer               : min=-0.0001  max=+0.0029  mean=+0.0010  std=0.0011
    IntegratedGradExplainer     : min=-0.2527  max=+0.0072  mean=-0.0813  std=0.0769
    GNNExplainer                : min=+0.0000  max=+1.0000  mean=+0.6364  std=0.4810
  [WRONG  ] Graph  839 | true=0 pred=1 | nodes= 11 edges= 20
    GradExplainer               : min=-33.7852  max=+109.1884  mean=+15.7656  std=37.2125
    IntegratedGradExplainer     : min=-0.5573  max=+0.9994  mean=+0.0857  std=0.3847
    GNNExplainer                : min=+0.0000  max=+1.0000  mean=+0.8182  std=0.3857
  [CORRECT] Graph  840 | true=0 pred=0 | nodes= 11 edges= 20
    GradExplainer               : min=-2.4362  max=+2.6119  mean=+0.1879  std=1.1918
    IntegratedGradExplainer     : min=-1.3148  max=+0.9893  mean=-0.0842  std=0.5689
    GNNExplainer                : min=+0.0000  max=+1.0000  mean=+0.5455  std=0.4979
  [CORRECT] Graph  841 | true=1 pred=1 | nodes= 11 edges= 20
    GradExplainer               : min=-0.0066  max=+0.0113  mean=+0.0021  std=0.0050
    IntegratedGradExplainer     : min=-0.7046  max=+0.7396  mean=-0.0516  std=0.3478
    GNNExplainer                : min=+0.0000  max=+1.0000  mean=+0.7273  std=0.4454
  [CORRECT] Graph  842 | true=1 pred=1 | nodes= 11 edges= 20
    GradExplainer               : min=-0.6992  max=+0.1520  mean=-0.2390  std=0.2754
    IntegratedGradExplainer     : min=-0.6404  max=+0.5221  mean=-0.0451  std=0.2610
    GNNExplainer                : min=+0.0000  max=+1.0000  mean=+0.7273  std=0.4454
  [CORRECT] Graph  843 | true=1 pred=1 | nodes= 11 edges= 20
    GradExplainer               : min=-0.0006  max=+0.0005  mean=+0.0001  std=0.0003
    IntegratedGradExplainer     : min=-0.4729  max=+0.0926  mean=-0.0457  std=0.1457
    GNNExplainer                : min=+0.0000  max=+1.0000  mean=+0.6364  std=0.4810
  [CORRECT] Graph  844 | true=0 pred=0 | nodes= 11 edges= 20
    GradExplainer               : min=-18.7073  max=-1.9570  mean=-6.6192  std=6.2624
    IntegratedGradExplainer     : min=-0.4366  max=+0.8470  mean=-0.0565  std=0.3210
    GNNExplainer                : min=+0.0000  max=+1.0000  mean=+0.7273  std=0.4454
  [CORRECT] Graph  845 | true=0 pred=0 | nodes= 11 edges= 20
    GradExplainer               : min=-0.8411  max=+0.1878  mean=-0.1470  std=0.2656
    IntegratedGradExplainer     : min=-0.2979  max=+0.1778  mean=-0.0780  std=0.1430
    GNNExplainer                : min=+0.0000  max=+1.0000  mean=+0.6364  std=0.4810
  [CORRECT] Graph  846 | true=0 pred=0 | nodes= 11 edges= 20
    GradExplainer               : min=-0.0002  max=+0.0017  mean=+0.0003  std=0.0006
    IntegratedGradExplainer     : min=-0.3206  max=+0.0707  mean=-0.0843  std=0.1092
    GNNExplainer                : min=+0.0000  max=+1.0000  mean=+0.5455  std=0.4979
  [WRONG  ] Graph  847 | true=0 pred=1 | nodes= 11 edges= 20
    GradExplainer               : min=+1.9813  max=+55.2241  mean=+14.3141  std=16.3660
    IntegratedGradExplainer     : min=-0.4395  max=+3.2890  mean=+0.3672  std=0.9978
    GNNExplainer                : min=+0.0000  max=+1.0000  mean=+0.6364  std=0.4810
  [CORRECT] Graph  848 | true=0 pred=0 | nodes= 11 edges= 20
    GradExplainer               : min=-0.5874  max=+4.1899  mean=+1.2931  std=1.5920
    IntegratedGradExplainer     : min=-0.5579  max=+0.1654  mean=-0.0784  std=0.1698
    GNNExplainer                : min=+0.0000  max=+1.0000  mean=+0.8182  std=0.3857
  [CORRECT] Graph  849 | true=0 pred=0 | nodes= 11 edges= 20
    GradExplainer               : min=-0.0025  max=+0.0007  mean=-0.0001  std=0.0008
    IntegratedGradExplainer     : min=-0.2530  max=-0.0260  mean=-0.0878  std=0.0686
    GNNExplainer                : min=+0.0000  max=+1.0000  mean=+0.6364  std=0.4810
  [CORRECT] Graph  850 | true=0 pred=0 | nodes= 11 edges= 20
    GradExplainer               : min=-0.0001  max=+0.0009  mean=+0.0001  std=0.0003
    IntegratedGradExplainer     : min=-0.3546  max=-0.0068  mean=-0.0820  std=0.0916
    GNNExplainer                : min=+0.0000  max=+1.0000  mean=+0.6364  std=0.4810
  [CORRECT] Graph  851 | true=1 pred=1 | nodes= 11 edges= 20
    GradExplainer               : min=-4.5064  max=+5.1401  mean=+0.2169  std=2.0769
    IntegratedGradExplainer     : min=-0.6165  max=+0.1569  mean=-0.0402  std=0.1902
    GNNExplainer                : min=+0.0000  max=+1.0000  mean=+0.6364  std=0.4810
  [CORRECT] Graph  852 | true=0 pred=0 | nodes= 11 edges= 20
    GradExplainer               : min=-0.0095  max=+0.0181  mean=-0.0001  std=0.0070
    IntegratedGradExplainer     : min=-0.4154  max=+0.1340  mean=-0.0837  std=0.1622
    GNNExplainer                : min=+0.0000  max=+1.0000  mean=+0.6364  std=0.4810
  [CORRECT] Graph  853 | true=1 pred=1 | nodes= 11 edges= 20
    GradExplainer               : min=-0.1275  max=+0.5798  mean=+0.1786  std=0.2347
    IntegratedGradExplainer     : min=-0.2266  max=+0.0842  mean=-0.0384  std=0.0956
    GNNExplainer                : min=+0.0000  max=+1.0000  mean=+0.7273  std=0.4454
  [CORRECT] Graph  854 | true=0 pred=0 | nodes= 11 edges= 20
    GradExplainer               : min=-0.1795  max=+0.3520  mean=-0.0185  std=0.1371
    IntegratedGradExplainer     : min=-0.1956  max=+0.0571  mean=-0.0877  std=0.0818
    GNNExplainer                : min=+0.0000  max=+1.0000  mean=+0.8182  std=0.3857
  [CORRECT] Graph  855 | true=0 pred=0 | nodes= 11 edges= 20
    GradExplainer               : min=-0.0002  max=+0.0020  mean=+0.0003  std=0.0006
    IntegratedGradExplainer     : min=-0.1491  max=-0.0319  mean=-0.0836  std=0.0424
    GNNExplainer                : min=+0.0000  max=+1.0000  mean=+0.8182  std=0.3857
  [CORRECT] Graph  856 | true=0 pred=0 | nodes= 11 edges= 20
    GradExplainer               : min=-2.6599  max=+0.4390  mean=-1.2793  std=0.8507
    IntegratedGradExplainer     : min=-0.2946  max=+0.0292  mean=-0.0609  std=0.0824
    GNNExplainer                : min=+0.0000  max=+1.0000  mean=+0.7273  std=0.4454
  [CORRECT] Graph  857 | true=0 pred=0 | nodes= 11 edges= 20
    GradExplainer               : min=-0.1883  max=+0.0737  mean=-0.0080  std=0.0643
    IntegratedGradExplainer     : min=-0.5177  max=+0.2447  mean=-0.0806  std=0.1985
    GNNExplainer                : min=+0.0000  max=+1.0000  mean=+0.6364  std=0.4810
  [WRONG  ] Graph  858 | true=0 pred=1 | nodes= 11 edges= 20
    GradExplainer               : min=-5.1987  max=+10.9161  mean=+2.4216  std=4.7441
    IntegratedGradExplainer     : min=-0.3318  max=+0.4416  mean=+0.0844  std=0.1977
    GNNExplainer                : min=+0.0000  max=+1.0000  mean=+0.6364  std=0.4810
  [CORRECT] Graph  859 | true=0 pred=0 | nodes= 11 edges= 20
    GradExplainer               : min=-1.3891  max=+0.4741  mean=-0.3552  std=0.5164
    IntegratedGradExplainer     : min=-0.3645  max=+0.3905  mean=-0.0629  std=0.2052
    GNNExplainer                : min=+0.0000  max=+1.0000  mean=+0.7273  std=0.4454
  [WRONG  ] Graph  860 | true=0 pred=1 | nodes= 11 edges= 20
    GradExplainer               : min=-9.2780  max=+72.8777  mean=+8.0278  std=21.5126
    IntegratedGradExplainer     : min=-0.5121  max=+0.2109  mean=-0.0266  std=0.1934
    GNNExplainer                : min=+0.0000  max=+1.0000  mean=+0.4545  std=0.4979
  [WRONG  ] Graph  861 | true=1 pred=0 | nodes= 11 edges= 20
    GradExplainer               : min=-37.4695  max=+314.5164  mean=+48.5106  std=90.9800
    IntegratedGradExplainer     : min=-0.7706  max=+2.4123  mean=+0.6546  std=0.9264
    GNNExplainer                : min=+0.0000  max=+1.0000  mean=+0.7273  std=0.4454
  [CORRECT] Graph  862 | true=0 pred=0 | nodes= 11 edges= 20
    GradExplainer               : min=-0.0037  max=+0.0022  mean=-0.0003  std=0.0017
    IntegratedGradExplainer     : min=-0.2077  max=+0.0026  mean=-0.0863  std=0.0653
    GNNExplainer                : min=+0.0000  max=+1.0000  mean=+0.7273  std=0.4454
  [CORRECT] Graph  863 | true=1 pred=1 | nodes= 11 edges= 20
    GradExplainer               : min=-1.3696  max=+26.2737  mean=+4.1947  std=7.5399
    IntegratedGradExplainer     : min=-0.5041  max=+0.4589  mean=-0.0123  std=0.2333
    GNNExplainer                : min=+0.0000  max=+1.0000  mean=+0.9091  std=0.2875
  [CORRECT] Graph  864 | true=0 pred=0 | nodes= 11 edges= 20
    GradExplainer               : min=-0.0052  max=+0.0022  mean=-0.0004  std=0.0019
    IntegratedGradExplainer     : min=-0.3029  max=-0.0028  mean=-0.0847  std=0.0923
    GNNExplainer                : min=+0.0000  max=+1.0000  mean=+0.5455  std=0.4979
  [CORRECT] Graph  865 | true=0 pred=0 | nodes= 11 edges= 20
    GradExplainer               : min=-1.2831  max=+6.8921  mean=+1.1544  std=2.2126
    IntegratedGradExplainer     : min=-0.5769  max=+0.0944  mean=-0.0713  std=0.1695
    GNNExplainer                : min=+0.0000  max=+1.0000  mean=+0.5455  std=0.4979
  [CORRECT] Graph  866 | true=0 pred=0 | nodes= 11 edges= 20
    GradExplainer               : min=-0.0551  max=+0.0400  mean=+0.0055  std=0.0229
    IntegratedGradExplainer     : min=-0.4049  max=+0.2132  mean=-0.0845  std=0.1521
    GNNExplainer                : min=+0.0000  max=+1.0000  mean=+0.7273  std=0.4454
  [WRONG  ] Graph  867 | true=0 pred=1 | nodes= 11 edges= 20
    GradExplainer               : min=-31.4121  max=+66.8844  mean=+12.0378  std=24.9013
    IntegratedGradExplainer     : min=-3.9064  max=+2.0736  mean=-0.0319  std=1.4080
    GNNExplainer                : min=+0.0000  max=+1.0000  mean=+0.4545  std=0.4979
  [CORRECT] Graph  868 | true=0 pred=0 | nodes= 11 edges= 20
    GradExplainer               : min=-0.5225  max=+0.1704  mean=-0.0679  std=0.1695
    IntegratedGradExplainer     : min=-0.4379  max=+0.1934  mean=-0.0874  std=0.1429
    GNNExplainer                : min=+0.0000  max=+1.0000  mean=+0.7273  std=0.4454
  [CORRECT] Graph  869 | true=0 pred=0 | nodes= 11 edges= 20
    GradExplainer               : min=-0.0197  max=+0.7296  mean=+0.1533  std=0.2174
    IntegratedGradExplainer     : min=-0.1894  max=-0.0047  mean=-0.0861  std=0.0594
    GNNExplainer                : min=+0.0000  max=+1.0000  mean=+0.6364  std=0.4810
  [CORRECT] Graph  870 | true=0 pred=0 | nodes= 11 edges= 20
    GradExplainer               : min=-8.6667  max=+17.2170  mean=-0.6710  std=6.4970
    IntegratedGradExplainer     : min=-0.4814  max=+0.2610  mean=-0.0686  std=0.1940
    GNNExplainer                : min=+0.0000  max=+1.0000  mean=+0.8182  std=0.3857
  [WRONG  ] Graph  871 | true=0 pred=1 | nodes= 11 edges= 20
    GradExplainer               : min=-29.5561  max=+80.1920  mean=+7.6597  std=25.5043
    IntegratedGradExplainer     : min=-4.0492  max=+3.3189  mean=+0.1822  std=1.6641
    GNNExplainer                : min=+0.0000  max=+1.0000  mean=+0.6364  std=0.4810
  [CORRECT] Graph  872 | true=0 pred=0 | nodes= 11 edges= 20
    GradExplainer               : min=-0.1672  max=+0.0005  mean=-0.0472  std=0.0495
    IntegratedGradExplainer     : min=-0.2157  max=+0.0165  mean=-0.0831  std=0.0687
    GNNExplainer                : min=+0.0000  max=+1.0000  mean=+0.4545  std=0.4979
  [CORRECT] Graph  873 | true=0 pred=0 | nodes= 11 edges= 20
    GradExplainer               : min=-0.0171  max=+0.0785  mean=+0.0117  std=0.0231
    IntegratedGradExplainer     : min=-0.4107  max=+0.1278  mean=-0.0875  std=0.1593
    GNNExplainer                : min=+0.0000  max=+1.0000  mean=+0.6364  std=0.4810
  [CORRECT] Graph  874 | true=1 pred=1 | nodes= 11 edges= 20
    GradExplainer               : min=-0.0038  max=+0.0484  mean=+0.0082  std=0.0141
    IntegratedGradExplainer     : min=-0.5064  max=+0.0935  mean=-0.0437  std=0.1552
    GNNExplainer                : min=+0.0000  max=+1.0000  mean=+0.9091  std=0.2875
  [CORRECT] Graph  875 | true=0 pred=0 | nodes= 11 edges= 20
    GradExplainer               : min=-0.0294  max=+0.0445  mean=-0.0008  std=0.0173
    IntegratedGradExplainer     : min=-0.3226  max=+0.0198  mean=-0.0879  std=0.1062
    GNNExplainer                : min=+0.0000  max=+1.0000  mean=+0.4545  std=0.4979
  [WRONG  ] Graph  876 | true=0 pred=1 | nodes= 11 edges= 20
    GradExplainer               : min=-3.5259  max=+33.9423  mean=+12.0971  std=12.2231
    IntegratedGradExplainer     : min=-1.3501  max=+1.0359  mean=+0.0426  std=0.6242
    GNNExplainer                : min=+0.0000  max=+1.0000  mean=+0.7273  std=0.4454
  [CORRECT] Graph  877 | true=1 pred=1 | nodes= 11 edges= 20
    GradExplainer               : min=-46.3138  max=+8.2801  mean=-9.2398  std=14.3540
    IntegratedGradExplainer     : min=-0.4966  max=+1.4197  mean=+0.0786  std=0.5480
    GNNExplainer                : min=+0.0000  max=+1.0000  mean=+0.6364  std=0.4810
  [CORRECT] Graph  878 | true=1 pred=1 | nodes= 11 edges= 20
    GradExplainer               : min=-5.8902  max=+2.9361  mean=-1.2442  std=2.4723
    IntegratedGradExplainer     : min=-0.4247  max=+0.3667  mean=-0.0331  std=0.1799
    GNNExplainer                : min=+0.0000  max=+1.0000  mean=+0.2727  std=0.4454
  [CORRECT] Graph  879 | true=1 pred=1 | nodes= 11 edges= 20
    GradExplainer               : min=-2.5928  max=+1.8772  mean=-0.2345  std=1.2026
    IntegratedGradExplainer     : min=-0.3932  max=+0.1427  mean=-0.0449  std=0.1349
    GNNExplainer                : min=+0.0000  max=+1.0000  mean=+0.7273  std=0.4454
  [CORRECT] Graph  880 | true=0 pred=0 | nodes= 11 edges= 20
    GradExplainer               : min=-0.1353  max=+0.2815  mean=+0.0167  std=0.0941
    IntegratedGradExplainer     : min=-0.3751  max=-0.0103  mean=-0.0835  std=0.1017
    GNNExplainer                : min=+0.0000  max=+1.0000  mean=+0.5455  std=0.4979
  [CORRECT] Graph  881 | true=1 pred=1 | nodes= 11 edges= 20
    GradExplainer               : min=-0.0111  max=+0.0131  mean=-0.0006  std=0.0060
    IntegratedGradExplainer     : min=-0.3683  max=+0.1964  mean=-0.0386  std=0.1386
    GNNExplainer                : min=+0.0000  max=+1.0000  mean=+0.4545  std=0.4979
  [CORRECT] Graph  882 | true=0 pred=0 | nodes= 11 edges= 20
    GradExplainer               : min=-3.5562  max=+27.6276  mean=+4.4884  std=8.3373
    IntegratedGradExplainer     : min=-0.7591  max=+0.3946  mean=-0.0612  std=0.2775
    GNNExplainer                : min=+0.0000  max=+1.0000  mean=+0.3636  std=0.4810
  [WRONG  ] Graph  883 | true=0 pred=1 | nodes= 11 edges= 20
    GradExplainer               : min=-14.8680  max=+10.0865  mean=+0.1807  std=5.7290
    IntegratedGradExplainer     : min=-1.4889  max=+0.7421  mean=-0.0416  std=0.5654
    GNNExplainer                : min=+0.0000  max=+1.0000  mean=+0.5455  std=0.4979
  [CORRECT] Graph  884 | true=1 pred=1 | nodes= 11 edges= 20
    GradExplainer               : min=-11.5330  max=+20.5487  mean=+2.4982  std=8.3541
    IntegratedGradExplainer     : min=-1.8857  max=+1.6439  mean=+0.0322  std=0.8369
    GNNExplainer                : min=+0.0000  max=+1.0000  mean=+0.7273  std=0.4454
  [CORRECT] Graph  885 | true=1 pred=1 | nodes= 11 edges= 20
    GradExplainer               : min=-62.1131  max=+30.6943  mean=-8.9787  std=20.4953
    IntegratedGradExplainer     : min=-0.7865  max=+0.9794  mean=+0.0517  std=0.4148
    GNNExplainer                : min=+0.0000  max=+1.0000  mean=+0.6364  std=0.4810
  [CORRECT] Graph  886 | true=0 pred=0 | nodes= 11 edges= 20
    GradExplainer               : min=-0.1409  max=+0.7036  mean=+0.0539  std=0.2215
    IntegratedGradExplainer     : min=-0.2625  max=+0.0437  mean=-0.0886  std=0.0961
    GNNExplainer                : min=+0.0000  max=+1.0000  mean=+0.7273  std=0.4454
  [CORRECT] Graph  887 | true=0 pred=0 | nodes= 11 edges= 20
    GradExplainer               : min=-0.0074  max=-0.0002  mean=-0.0018  std=0.0023
    IntegratedGradExplainer     : min=-0.2166  max=+0.0085  mean=-0.0871  std=0.0711
    GNNExplainer                : min=+0.0000  max=+1.0000  mean=+0.6364  std=0.4810
  [WRONG  ] Graph  888 | true=1 pred=0 | nodes= 11 edges= 20
    GradExplainer               : min=-74.5858  max=+5.4208  mean=-17.0173  std=22.1084
    IntegratedGradExplainer     : min=+0.0277  max=+4.0165  mean=+0.8750  std=1.0411
    GNNExplainer                : min=+0.0000  max=+1.0000  mean=+0.3636  std=0.4810
  [WRONG  ] Graph  889 | true=1 pred=0 | nodes= 11 edges= 20
    GradExplainer               : min=-14.8498  max=+3.2505  mean=-4.1400  std=5.8320
    IntegratedGradExplainer     : min=-2.2568  max=+3.7795  mean=+0.5985  std=1.4578
    GNNExplainer                : min=+0.0000  max=+1.0000  mean=+0.5455  std=0.4979
  [CORRECT] Graph  890 | true=0 pred=0 | nodes= 11 edges= 20
    GradExplainer               : min=-0.0049  max=+0.0013  mean=-0.0006  std=0.0016
    IntegratedGradExplainer     : min=-0.3106  max=+0.0235  mean=-0.0885  std=0.1062
    GNNExplainer                : min=+0.0000  max=+1.0000  mean=+0.6364  std=0.4810
  [CORRECT] Graph  891 | true=0 pred=0 | nodes= 11 edges= 20
    GradExplainer               : min=-1.8442  max=+0.2239  mean=-0.6593  std=0.6590
    IntegratedGradExplainer     : min=-1.3303  max=+0.3415  mean=-0.0895  std=0.4247
    GNNExplainer                : min=+0.0000  max=+1.0000  mean=+0.7273  std=0.4454
  [CORRECT] Graph  892 | true=1 pred=1 | nodes= 11 edges= 20
    GradExplainer               : min=-0.0151  max=+0.0189  mean=+0.0003  std=0.0075
    IntegratedGradExplainer     : min=-0.3080  max=+0.1371  mean=-0.0453  std=0.1060
    GNNExplainer                : min=+0.0000  max=+1.0000  mean=+0.5455  std=0.4979
  [CORRECT] Graph  893 | true=1 pred=1 | nodes= 11 edges= 20
    GradExplainer               : min=-2.6002  max=+5.1651  mean=+1.2052  std=2.3352
    IntegratedGradExplainer     : min=-0.4252  max=+0.1395  mean=-0.0396  std=0.1553
    GNNExplainer                : min=+0.0000  max=+1.0000  mean=+0.6364  std=0.4810
  [CORRECT] Graph  894 | true=0 pred=0 | nodes= 11 edges= 20
    GradExplainer               : min=-0.0001  max=+0.0000  mean=-0.0000  std=0.0000
    IntegratedGradExplainer     : min=-0.2252  max=+0.0594  mean=-0.0855  std=0.0763
    GNNExplainer                : min=+0.0000  max=+1.0000  mean=+0.6364  std=0.4810
  [WRONG  ] Graph  895 | true=0 pred=1 | nodes= 11 edges= 20
    GradExplainer               : min=-38.6738  max=+9.2422  mean=-5.9059  std=12.0141
    IntegratedGradExplainer     : min=-0.0518  max=+2.8480  mean=+0.6849  std=0.9276
    GNNExplainer                : min=+0.0000  max=+1.0000  mean=+0.6364  std=0.4810
  [CORRECT] Graph  896 | true=0 pred=0 | nodes= 11 edges= 20
    GradExplainer               : min=-5.2114  max=+32.7435  mean=+9.8804  std=13.2361
    IntegratedGradExplainer     : min=-1.9144  max=+1.0550  mean=-0.0609  std=0.6708
    GNNExplainer                : min=+0.0000  max=+1.0000  mean=+0.8182  std=0.3857
  [WRONG  ] Graph  897 | true=1 pred=0 | nodes= 11 edges= 20
    GradExplainer               : min=-23.2669  max=+9.3764  mean=-4.1855  std=9.1213
    IntegratedGradExplainer     : min=-1.8151  max=+1.6712  mean=+0.1247  std=0.8457
    GNNExplainer                : min=+0.0000  max=+1.0000  mean=+0.4545  std=0.4979
  [CORRECT] Graph  898 | true=0 pred=0 | nodes= 11 edges= 20
    GradExplainer               : min=-0.0694  max=+0.2407  mean=+0.0302  std=0.0857
    IntegratedGradExplainer     : min=-0.4460  max=+0.0959  mean=-0.0889  std=0.1385
    GNNExplainer                : min=+0.0000  max=+1.0000  mean=+0.7273  std=0.4454
  [CORRECT] Graph  899 | true=0 pred=0 | nodes= 11 edges= 20
    GradExplainer               : min=-16.0055  max=+13.7139  mean=+1.0638  std=7.3461
    IntegratedGradExplainer     : min=-0.3284  max=+0.1920  mean=-0.0633  std=0.1716
    GNNExplainer                : min=+0.0000  max=+1.0000  mean=+0.5455  std=0.4979
  [CORRECT] Graph  900 | true=0 pred=0 | nodes= 11 edges= 20
    GradExplainer               : min=-4.6379  max=+66.1099  mean=+14.4549  std=19.0662
    IntegratedGradExplainer     : min=-1.6665  max=+1.5979  mean=-0.0564  std=0.8375
    GNNExplainer                : min=+0.0000  max=+1.0000  mean=+0.6364  std=0.4810
  [CORRECT] Graph  901 | true=0 pred=0 | nodes= 11 edges= 20
    GradExplainer               : min=-1.3375  max=+4.7660  mean=+0.3958  std=1.5750
    IntegratedGradExplainer     : min=-0.3234  max=+0.0541  mean=-0.0844  std=0.1038
    GNNExplainer                : min=+0.0000  max=+1.0000  mean=+0.7273  std=0.4454
  [WRONG  ] Graph  902 | true=0 pred=1 | nodes= 11 edges= 20
    GradExplainer               : min=-40.1010  max=+46.0223  mean=-1.7654  std=22.7773
    IntegratedGradExplainer     : min=-0.3244  max=+1.3084  mean=+0.2429  std=0.5094
    GNNExplainer                : min=+0.0000  max=+1.0000  mean=+0.6364  std=0.4810
  [CORRECT] Graph  903 | true=1 pred=1 | nodes= 11 edges= 20
    GradExplainer               : min=-0.0030  max=+0.0022  mean=-0.0006  std=0.0016
    IntegratedGradExplainer     : min=-0.3886  max=+0.1505  mean=-0.0520  std=0.1331
    GNNExplainer                : min=+0.0000  max=+1.0000  mean=+0.8182  std=0.3857
  [CORRECT] Graph  904 | true=0 pred=0 | nodes= 11 edges= 20
    GradExplainer               : min=-0.4153  max=+0.5511  mean=+0.0253  std=0.2122
    IntegratedGradExplainer     : min=-0.4051  max=+0.0289  mean=-0.0854  std=0.1219
    GNNExplainer                : min=+0.0000  max=+1.0000  mean=+0.8182  std=0.3857
  [CORRECT] Graph  905 | true=0 pred=0 | nodes= 11 edges= 20
    GradExplainer               : min=-0.0137  max=+0.0243  mean=+0.0044  std=0.0097
    IntegratedGradExplainer     : min=-0.4347  max=+0.0715  mean=-0.0885  std=0.1253
    GNNExplainer                : min=+0.0000  max=+1.0000  mean=+0.5455  std=0.4979
  [CORRECT] Graph  906 | true=1 pred=1 | nodes= 11 edges= 20
    GradExplainer               : min=-68.6561  max=+8.4389  mean=-11.2717  std=20.5309
    IntegratedGradExplainer     : min=-0.3406  max=+0.4078  mean=+0.0365  std=0.2415
    GNNExplainer                : min=+1.0000  max=+1.0000  mean=+1.0000  std=0.0000
  [CORRECT] Graph  907 | true=0 pred=0 | nodes= 11 edges= 20
    GradExplainer               : min=-0.0257  max=+0.1036  mean=+0.0294  std=0.0387
    IntegratedGradExplainer     : min=-0.5012  max=+0.0401  mean=-0.0851  std=0.1364
    GNNExplainer                : min=+0.0000  max=+1.0000  mean=+0.4545  std=0.4979
  [CORRECT] Graph  908 | true=1 pred=1 | nodes= 11 edges= 20
    GradExplainer               : min=-0.0643  max=-0.0031  mean=-0.0129  std=0.0176
    IntegratedGradExplainer     : min=-0.2771  max=+0.0548  mean=-0.0404  std=0.1022
    GNNExplainer                : min=+0.0000  max=+1.0000  mean=+0.7273  std=0.4454
  [CORRECT] Graph  909 | true=0 pred=0 | nodes= 11 edges= 20
    GradExplainer               : min=-3.4287  max=+19.1962  mean=+5.1201  std=7.0988
    IntegratedGradExplainer     : min=-0.5937  max=+0.2370  mean=-0.0599  std=0.2230
    GNNExplainer                : min=+0.0000  max=+1.0000  mean=+0.7273  std=0.4454
  [CORRECT] Graph  910 | true=0 pred=0 | nodes= 11 edges= 20
    GradExplainer               : min=-0.1360  max=+0.0020  mean=-0.0348  std=0.0398
    IntegratedGradExplainer     : min=-0.3047  max=+0.0266  mean=-0.0852  std=0.0926
    GNNExplainer                : min=+0.0000  max=+1.0000  mean=+0.6364  std=0.4810
  [CORRECT] Graph  911 | true=1 pred=1 | nodes= 11 edges= 20
    GradExplainer               : min=-0.3213  max=+0.3890  mean=+0.0035  std=0.1674
    IntegratedGradExplainer     : min=-1.0824  max=+0.1798  mean=-0.0466  std=0.3341
    GNNExplainer                : min=+0.0000  max=+1.0000  mean=+0.7273  std=0.4454
  [CORRECT] Graph  912 | true=0 pred=0 | nodes= 11 edges= 20
    GradExplainer               : min=-0.0009  max=+0.0000  mean=-0.0002  std=0.0003
    IntegratedGradExplainer     : min=-0.4708  max=+0.0631  mean=-0.0864  std=0.1588
    GNNExplainer                : min=+0.0000  max=+1.0000  mean=+0.6364  std=0.4810
  [CORRECT] Graph  913 | true=1 pred=1 | nodes= 11 edges= 20
    GradExplainer               : min=-0.0375  max=+0.2898  mean=+0.0554  std=0.0855
    IntegratedGradExplainer     : min=-0.6756  max=+0.3822  mean=-0.0446  std=0.2583
    GNNExplainer                : min=+0.0000  max=+1.0000  mean=+0.7273  std=0.4454
  [CORRECT] Graph  914 | true=0 pred=0 | nodes= 11 edges= 20
    GradExplainer               : min=-0.0107  max=+0.0440  mean=+0.0066  std=0.0136
    IntegratedGradExplainer     : min=-0.2388  max=+0.0953  mean=-0.0859  std=0.1005
    GNNExplainer                : min=+0.0000  max=+1.0000  mean=+0.8182  std=0.3857
  [CORRECT] Graph  915 | true=1 pred=1 | nodes= 11 edges= 20
    GradExplainer               : min=-0.2335  max=-0.0150  mean=-0.0829  std=0.0817
    IntegratedGradExplainer     : min=-0.4271  max=+0.0816  mean=-0.0450  std=0.1300
    GNNExplainer                : min=+0.0000  max=+1.0000  mean=+0.9091  std=0.2875
  [CORRECT] Graph  916 | true=1 pred=1 | nodes= 11 edges= 20
    GradExplainer               : min=-1.0171  max=+0.3033  mean=-0.1889  std=0.3833
    IntegratedGradExplainer     : min=-0.2834  max=+0.3477  mean=-0.0374  std=0.1605
    GNNExplainer                : min=+0.0000  max=+1.0000  mean=+0.8182  std=0.3857
  [CORRECT] Graph  917 | true=0 pred=0 | nodes= 11 edges= 20
    GradExplainer               : min=-6.5094  max=+18.0416  mean=+3.9651  std=7.1213
    IntegratedGradExplainer     : min=-0.2374  max=+0.0385  mean=-0.0784  std=0.0797
    GNNExplainer                : min=+0.0000  max=+1.0000  mean=+0.8182  std=0.3857
  [CORRECT] Graph  918 | true=1 pred=1 | nodes= 11 edges= 20
    GradExplainer               : min=-2.9681  max=+0.7125  mean=-0.5083  std=0.9562
    IntegratedGradExplainer     : min=-0.5894  max=+0.6222  mean=-0.0463  std=0.3097
    GNNExplainer                : min=+0.0000  max=+1.0000  mean=+0.5455  std=0.4979
  [CORRECT] Graph  919 | true=1 pred=1 | nodes= 11 edges= 20
    GradExplainer               : min=-0.0147  max=-0.0003  mean=-0.0031  std=0.0042
    IntegratedGradExplainer     : min=-0.3271  max=+0.1108  mean=-0.0453  std=0.1075
    GNNExplainer                : min=+0.0000  max=+1.0000  mean=+0.6364  std=0.4810
  [CORRECT] Graph  920 | true=0 pred=0 | nodes= 11 edges= 20
    GradExplainer               : min=-1.7574  max=+2.9106  mean=+0.3437  std=1.2395
    IntegratedGradExplainer     : min=-0.3369  max=+0.3486  mean=-0.0819  std=0.1852
    GNNExplainer                : min=+0.0000  max=+1.0000  mean=+0.7273  std=0.4454
  [CORRECT] Graph  921 | true=1 pred=1 | nodes= 11 edges= 20
    GradExplainer               : min=-49.3054  max=-1.3319  mean=-11.1713  std=14.9803
    IntegratedGradExplainer     : min=-1.4142  max=+2.0739  mean=-0.0177  std=0.9584
    GNNExplainer                : min=+0.0000  max=+1.0000  mean=+0.7273  std=0.4454
  [WRONG  ] Graph  922 | true=0 pred=1 | nodes= 11 edges= 20
    GradExplainer               : min=-17.9725  max=+184.2784  mean=+23.9969  std=53.8837
    IntegratedGradExplainer     : min=-1.8197  max=+7.1419  mean=+0.1848  std=2.2677
    GNNExplainer                : min=+1.0000  max=+1.0000  mean=+1.0000  std=0.0000
  [CORRECT] Graph  923 | true=1 pred=1 | nodes= 11 edges= 20
    GradExplainer               : min=-0.0273  max=+0.0308  mean=-0.0010  std=0.0133
    IntegratedGradExplainer     : min=-0.1737  max=+0.1773  mean=-0.0371  std=0.1003
    GNNExplainer                : min=+0.0000  max=+1.0000  mean=+0.7273  std=0.4454
  [CORRECT] Graph  924 | true=1 pred=1 | nodes= 11 edges= 20
    GradExplainer               : min=-0.2098  max=+0.0574  mean=-0.0444  std=0.0742
    IntegratedGradExplainer     : min=-0.6569  max=+0.6739  mean=-0.0527  std=0.3627
    GNNExplainer                : min=+0.0000  max=+1.0000  mean=+0.8182  std=0.3857
  [CORRECT] Graph  925 | true=0 pred=0 | nodes= 11 edges= 20
    GradExplainer               : min=-0.0098  max=+0.2975  mean=+0.0633  std=0.0893
    IntegratedGradExplainer     : min=-0.2144  max=+0.0214  mean=-0.0853  std=0.0708
    GNNExplainer                : min=+0.0000  max=+1.0000  mean=+0.6364  std=0.4810
  [WRONG  ] Graph  926 | true=0 pred=1 | nodes= 11 edges= 20
    GradExplainer               : min=-13.3378  max=+81.8026  mean=+28.0971  std=33.0925
    IntegratedGradExplainer     : min=-2.0282  max=+5.6146  mean=+0.3254  std=1.7875
    GNNExplainer                : min=+0.0000  max=+1.0000  mean=+0.5455  std=0.4979
  [WRONG  ] Graph  927 | true=1 pred=0 | nodes= 11 edges= 20
    GradExplainer               : min=-63.7964  max=+4.1348  mean=-18.8517  std=24.4779
    IntegratedGradExplainer     : min=-3.0722  max=+2.4694  mean=+0.1738  std=1.6356
    GNNExplainer                : min=+0.0000  max=+1.0000  mean=+0.8182  std=0.3857
  [CORRECT] Graph  928 | true=0 pred=0 | nodes= 11 edges= 20
    GradExplainer               : min=-0.0048  max=+0.0017  mean=-0.0010  std=0.0018
    IntegratedGradExplainer     : min=-0.2505  max=+0.1829  mean=-0.0873  std=0.1178
    GNNExplainer                : min=+0.0000  max=+1.0000  mean=+0.5455  std=0.4979
  [CORRECT] Graph  929 | true=0 pred=0 | nodes= 11 edges= 20
    GradExplainer               : min=-0.0213  max=+0.0018  mean=-0.0061  std=0.0075
    IntegratedGradExplainer     : min=-0.7044  max=+0.1010  mean=-0.0794  std=0.2087
    GNNExplainer                : min=+0.0000  max=+1.0000  mean=+0.8182  std=0.3857
  [WRONG  ] Graph  930 | true=0 pred=1 | nodes= 11 edges= 20
    GradExplainer               : min=-27.6326  max=+28.4338  mean=-0.8465  std=17.0691
    IntegratedGradExplainer     : min=-3.1086  max=+3.3959  mean=+0.0611  std=1.6013
    GNNExplainer                : min=+0.0000  max=+1.0000  mean=+0.5455  std=0.4979
  [WRONG  ] Graph  931 | true=0 pred=1 | nodes= 11 edges= 20
    GradExplainer               : min=-6.7479  max=+91.7428  mean=+28.9993  std=32.4154
    IntegratedGradExplainer     : min=-2.9686  max=+5.5091  mean=+0.4483  std=2.0424
    GNNExplainer                : min=+0.0000  max=+1.0000  mean=+0.6364  std=0.4810
  [CORRECT] Graph  932 | true=0 pred=0 | nodes= 11 edges= 20
    GradExplainer               : min=-0.0017  max=+0.0057  mean=+0.0016  std=0.0020
    IntegratedGradExplainer     : min=-0.3345  max=+0.0252  mean=-0.0895  std=0.0935
    GNNExplainer                : min=+0.0000  max=+1.0000  mean=+0.8182  std=0.3857
  [WRONG  ] Graph  933 | true=0 pred=1 | nodes= 11 edges= 20
    GradExplainer               : min=-52.6507  max=+45.6739  mean=+6.1968  std=23.2998
    IntegratedGradExplainer     : min=-0.7518  max=+0.4459  mean=-0.0362  std=0.2819
    GNNExplainer                : min=+0.0000  max=+1.0000  mean=+0.7273  std=0.4454
  [CORRECT] Graph  934 | true=1 pred=1 | nodes= 11 edges= 20
    GradExplainer               : min=-1.1070  max=+1.4510  mean=-0.0584  std=0.5650
    IntegratedGradExplainer     : min=-0.6687  max=+0.1694  mean=-0.0445  std=0.2203
    GNNExplainer                : min=+0.0000  max=+1.0000  mean=+0.6364  std=0.4810
  [CORRECT] Graph  935 | true=0 pred=0 | nodes= 11 edges= 20
    GradExplainer               : min=-0.0670  max=+0.1224  mean=-0.0012  std=0.0480
    IntegratedGradExplainer     : min=-1.6215  max=+2.9621  mean=-0.0970  std=1.2143
    GNNExplainer                : min=+0.0000  max=+1.0000  mean=+0.5455  std=0.4979
  [CORRECT] Graph  936 | true=0 pred=0 | nodes= 11 edges= 20
    GradExplainer               : min=-0.3688  max=+0.4769  mean=-0.0618  std=0.1967
    IntegratedGradExplainer     : min=-0.7704  max=+1.0136  mean=-0.0842  std=0.4308
    GNNExplainer                : min=+0.0000  max=+1.0000  mean=+0.6364  std=0.4810
  [CORRECT] Graph  937 | true=0 pred=0 | nodes= 11 edges= 20
    GradExplainer               : min=-0.2478  max=+0.0188  mean=-0.0611  std=0.0898
    IntegratedGradExplainer     : min=-0.6111  max=+0.1260  mean=-0.0789  std=0.2128
    GNNExplainer                : min=+0.0000  max=+1.0000  mean=+0.5455  std=0.4979
  [WRONG  ] Graph  938 | true=1 pred=0 | nodes= 11 edges= 20
    GradExplainer               : min=-65.7621  max=+64.9196  mean=-6.2398  std=31.2647
    IntegratedGradExplainer     : min=-0.4225  max=+1.2873  mean=+0.0892  std=0.4292
    GNNExplainer                : min=+0.0000  max=+1.0000  mean=+0.8182  std=0.3857
  [CORRECT] Graph  939 | true=1 pred=1 | nodes= 11 edges= 20
    GradExplainer               : min=-7.4801  max=+0.1422  mean=-1.3440  std=2.2215
    IntegratedGradExplainer     : min=-1.2775  max=+0.4588  mean=-0.0493  std=0.4671
    GNNExplainer                : min=+0.0000  max=+1.0000  mean=+0.5455  std=0.4979
  [CORRECT] Graph  940 | true=0 pred=0 | nodes= 11 edges= 20
    GradExplainer               : min=-0.0006  max=+0.0001  mean=-0.0001  std=0.0002
    IntegratedGradExplainer     : min=-0.1922  max=+0.0114  mean=-0.0888  std=0.0668
    GNNExplainer                : min=+0.0000  max=+1.0000  mean=+0.8182  std=0.3857
  [WRONG  ] Graph  941 | true=0 pred=1 | nodes= 11 edges= 20
    GradExplainer               : min=-67.4765  max=-0.9766  mean=-21.4851  std=23.8140
    IntegratedGradExplainer     : min=-1.6199  max=+3.2801  mean=+0.5170  std=1.1921
    GNNExplainer                : min=+0.0000  max=+1.0000  mean=+0.8182  std=0.3857
  [WRONG  ] Graph  942 | true=0 pred=1 | nodes= 11 edges= 20
    GradExplainer               : min=-120.1893  max=+7.7811  mean=-27.5043  std=37.0917
    IntegratedGradExplainer     : min=-1.1436  max=+2.1767  mean=+0.0461  std=0.9471
    GNNExplainer                : min=+0.0000  max=+1.0000  mean=+0.8182  std=0.3857
  [CORRECT] Graph  943 | true=1 pred=1 | nodes= 11 edges= 20
    GradExplainer               : min=-0.1278  max=+0.0063  mean=-0.0326  std=0.0366
    IntegratedGradExplainer     : min=-1.1032  max=+0.5673  mean=-0.0431  std=0.4272
    GNNExplainer                : min=+0.0000  max=+1.0000  mean=+0.9091  std=0.2875
  [WRONG  ] Graph  944 | true=0 pred=1 | nodes= 11 edges= 20
    GradExplainer               : min=-73.5564  max=+20.3010  mean=-7.2480  std=24.4547
    IntegratedGradExplainer     : min=-1.1245  max=+3.7283  mean=+0.5276  std=1.2815
    GNNExplainer                : min=+0.0000  max=+1.0000  mean=+0.7273  std=0.4454
  [CORRECT] Graph  945 | true=0 pred=0 | nodes= 11 edges= 20
    GradExplainer               : min=-0.0049  max=+0.0014  mean=-0.0003  std=0.0016
    IntegratedGradExplainer     : min=-0.3625  max=+0.1230  mean=-0.0843  std=0.1253
    GNNExplainer                : min=+0.0000  max=+1.0000  mean=+0.8182  std=0.3857
  [CORRECT] Graph  946 | true=0 pred=0 | nodes= 11 edges= 20
    GradExplainer               : min=-10.0201  max=+12.2958  mean=-0.4753  std=6.0690
    IntegratedGradExplainer     : min=-0.2507  max=+0.3824  mean=-0.0770  std=0.1700
    GNNExplainer                : min=+0.0000  max=+1.0000  mean=+0.8182  std=0.3857
  [CORRECT] Graph  947 | true=0 pred=0 | nodes= 11 edges= 20
    GradExplainer               : min=-0.0003  max=+0.0003  mean=-0.0000  std=0.0001
    IntegratedGradExplainer     : min=-0.4498  max=+0.0404  mean=-0.0876  std=0.1324
    GNNExplainer                : min=+0.0000  max=+1.0000  mean=+0.7273  std=0.4454
  [WRONG  ] Graph  948 | true=0 pred=1 | nodes= 11 edges= 20
    GradExplainer               : min=-52.7799  max=+39.5328  mean=+6.7757  std=22.3664
    IntegratedGradExplainer     : min=-0.8950  max=+0.6508  mean=+0.0613  std=0.3607
    GNNExplainer                : min=+0.0000  max=+1.0000  mean=+0.8182  std=0.3857
  [CORRECT] Graph  949 | true=1 pred=1 | nodes= 11 edges= 20
    GradExplainer               : min=-0.0636  max=+0.0700  mean=-0.0063  std=0.0341
    IntegratedGradExplainer     : min=-0.3211  max=+0.1275  mean=-0.0433  std=0.1081
    GNNExplainer                : min=+0.0000  max=+1.0000  mean=+0.9091  std=0.2875
  [CORRECT] Graph  950 | true=1 pred=1 | nodes= 11 edges= 20
    GradExplainer               : min=-0.1286  max=+0.0253  mean=-0.0164  std=0.0396
    IntegratedGradExplainer     : min=-0.1401  max=+0.0162  mean=-0.0446  std=0.0490
    GNNExplainer                : min=+0.0000  max=+1.0000  mean=+0.7273  std=0.4454
  [CORRECT] Graph  951 | true=0 pred=0 | nodes= 11 edges= 20
    GradExplainer               : min=-0.0024  max=+0.0003  mean=-0.0002  std=0.0007
    IntegratedGradExplainer     : min=-0.2917  max=-0.0156  mean=-0.0849  std=0.0892
    GNNExplainer                : min=+0.0000  max=+1.0000  mean=+0.6364  std=0.4810
  [CORRECT] Graph  952 | true=1 pred=1 | nodes= 11 edges= 20
    GradExplainer               : min=-9.7496  max=+1.2165  mean=-1.6951  std=3.0158
    IntegratedGradExplainer     : min=-0.8568  max=+2.0421  mean=+0.0416  std=0.7117
    GNNExplainer                : min=+0.0000  max=+1.0000  mean=+0.7273  std=0.4454
  [CORRECT] Graph  953 | true=0 pred=0 | nodes= 11 edges= 20
    GradExplainer               : min=+0.0444  max=+0.7246  mean=+0.2632  std=0.2413
    IntegratedGradExplainer     : min=-0.2907  max=+0.1051  mean=-0.0857  std=0.1044
    GNNExplainer                : min=+0.0000  max=+1.0000  mean=+0.8182  std=0.3857
  [CORRECT] Graph  954 | true=0 pred=0 | nodes= 11 edges= 20
    GradExplainer               : min=-0.0126  max=+0.0968  mean=+0.0254  std=0.0339
    IntegratedGradExplainer     : min=-0.2088  max=-0.0115  mean=-0.0868  std=0.0624
    GNNExplainer                : min=+0.0000  max=+1.0000  mean=+0.7273  std=0.4454
  [WRONG  ] Graph  955 | true=0 pred=1 | nodes= 11 edges= 20
    GradExplainer               : min=-8.3006  max=+18.1838  mean=+4.8077  std=8.4421
    IntegratedGradExplainer     : min=-3.8120  max=+3.8317  mean=+0.1368  std=1.6884
    GNNExplainer                : min=+0.0000  max=+1.0000  mean=+0.5455  std=0.4979
  [CORRECT] Graph  956 | true=0 pred=0 | nodes= 11 edges= 20
    GradExplainer               : min=-4.1587  max=+0.9261  mean=-0.4813  std=1.2309
    IntegratedGradExplainer     : min=-0.2324  max=+0.0145  mean=-0.0796  std=0.0765
    GNNExplainer                : min=+0.0000  max=+1.0000  mean=+0.6364  std=0.4810
  [CORRECT] Graph  957 | true=0 pred=0 | nodes= 11 edges= 20
    GradExplainer               : min=+0.0001  max=+0.0010  mean=+0.0004  std=0.0003
    IntegratedGradExplainer     : min=-0.3559  max=+0.0109  mean=-0.0895  std=0.1317
    GNNExplainer                : min=+0.0000  max=+1.0000  mean=+0.4545  std=0.4979
  [CORRECT] Graph  958 | true=0 pred=0 | nodes= 11 edges= 20
    GradExplainer               : min=-0.2761  max=+0.3782  mean=+0.0015  std=0.1840
    IntegratedGradExplainer     : min=-0.3015  max=+0.0316  mean=-0.0829  std=0.1116
    GNNExplainer                : min=+0.0000  max=+1.0000  mean=+0.7273  std=0.4454
  [CORRECT] Graph  959 | true=1 pred=1 | nodes= 11 edges= 20
    GradExplainer               : min=-0.2038  max=+0.0094  mean=-0.0570  std=0.0674
    IntegratedGradExplainer     : min=-0.3710  max=+0.0349  mean=-0.0452  std=0.1061
    GNNExplainer                : min=+0.0000  max=+1.0000  mean=+0.5455  std=0.4979
  [WRONG  ] Graph  960 | true=0 pred=1 | nodes= 11 edges= 20
    GradExplainer               : min=-47.7214  max=+107.8285  mean=+16.0698  std=37.8693
    IntegratedGradExplainer     : min=-1.4517  max=+1.8614  mean=+0.0650  std=0.7178
    GNNExplainer                : min=+0.0000  max=+1.0000  mean=+0.5455  std=0.4979
  [CORRECT] Graph  961 | true=0 pred=0 | nodes= 11 edges= 20
    GradExplainer               : min=-0.0102  max=+0.0118  mean=+0.0036  std=0.0057
    IntegratedGradExplainer     : min=-0.2257  max=+0.0492  mean=-0.0892  std=0.0794
    GNNExplainer                : min=+0.0000  max=+1.0000  mean=+0.4545  std=0.4979
  [CORRECT] Graph  962 | true=0 pred=0 | nodes= 11 edges= 20
    GradExplainer               : min=-2.2876  max=-0.0061  mean=-0.5085  std=0.7154
    IntegratedGradExplainer     : min=-0.3064  max=+0.0667  mean=-0.0798  std=0.0920
    GNNExplainer                : min=+0.0000  max=+1.0000  mean=+0.3636  std=0.4810
  [WRONG  ] Graph  963 | true=1 pred=0 | nodes= 11 edges= 20
    GradExplainer               : min=+4.0271  max=+82.2664  mean=+24.3307  std=25.9233
    IntegratedGradExplainer     : min=-0.8953  max=+3.4748  mean=+0.6707  std=1.1997
    GNNExplainer                : min=+0.0000  max=+1.0000  mean=+0.4545  std=0.4979
  [CORRECT] Graph  964 | true=1 pred=1 | nodes= 11 edges= 20
    GradExplainer               : min=-0.1459  max=+0.1093  mean=-0.0212  std=0.0606
    IntegratedGradExplainer     : min=-0.1825  max=+0.0727  mean=-0.0442  std=0.0797
    GNNExplainer                : min=+0.0000  max=+1.0000  mean=+0.7273  std=0.4454
  [WRONG  ] Graph  965 | true=0 pred=1 | nodes= 11 edges= 20
    GradExplainer               : min=-39.4551  max=+51.5735  mean=+12.9396  std=29.0843
    IntegratedGradExplainer     : min=-1.4419  max=+1.3456  mean=+0.0840  std=0.7110
    GNNExplainer                : min=+0.0000  max=+1.0000  mean=+0.6364  std=0.4810
  [WRONG  ] Graph  966 | true=1 pred=0 | nodes= 11 edges= 20
    GradExplainer               : min=-9.6580  max=+3.7179  mean=-2.1489  std=4.7196
    IntegratedGradExplainer     : min=-0.3979  max=+1.2371  mean=+0.1422  std=0.4815
    GNNExplainer                : min=+0.0000  max=+1.0000  mean=+0.8182  std=0.3857
  [WRONG  ] Graph  967 | true=1 pred=0 | nodes= 11 edges= 20
    GradExplainer               : min=-92.2945  max=+17.0802  mean=-17.0540  std=30.4649
    IntegratedGradExplainer     : min=-0.3392  max=+5.1630  mean=+0.6641  std=1.4689
    GNNExplainer                : min=+0.0000  max=+1.0000  mean=+0.7273  std=0.4454
  [CORRECT] Graph  968 | true=0 pred=0 | nodes= 11 edges= 20
    GradExplainer               : min=-0.0060  max=+0.0001  mean=-0.0014  std=0.0016
    IntegratedGradExplainer     : min=-0.3132  max=-0.0122  mean=-0.0852  std=0.0881
    GNNExplainer                : min=+0.0000  max=+1.0000  mean=+0.6364  std=0.4810
  [WRONG  ] Graph  969 | true=1 pred=0 | nodes= 11 edges= 20
    GradExplainer               : min=+1.4999  max=+53.7771  mean=+20.5050  std=19.0033
    IntegratedGradExplainer     : min=-1.7952  max=+7.4969  mean=+0.5662  std=2.3410
    GNNExplainer                : min=+0.0000  max=+1.0000  mean=+0.4545  std=0.4979
  [WRONG  ] Graph  970 | true=0 pred=1 | nodes= 11 edges= 20
    GradExplainer               : min=-268.8565  max=+202.3071  mean=+16.7081  std=109.2257
    IntegratedGradExplainer     : min=-2.5034  max=+3.6180  mean=+0.3523  std=1.5434
    GNNExplainer                : min=+0.0000  max=+1.0000  mean=+0.7273  std=0.4454
  [CORRECT] Graph  971 | true=0 pred=0 | nodes= 11 edges= 20
    GradExplainer               : min=-0.0067  max=+0.6665  mean=+0.1285  std=0.2001
    IntegratedGradExplainer     : min=-0.4777  max=+0.1045  mean=-0.0775  std=0.1533
    GNNExplainer                : min=+0.0000  max=+1.0000  mean=+0.6364  std=0.4810
  [CORRECT] Graph  972 | true=0 pred=0 | nodes= 11 edges= 20
    GradExplainer               : min=-0.0044  max=+0.0405  mean=+0.0060  std=0.0116
    IntegratedGradExplainer     : min=-0.4837  max=+0.3444  mean=-0.0886  std=0.2062
    GNNExplainer                : min=+0.0000  max=+1.0000  mean=+0.4545  std=0.4979
  [WRONG  ] Graph  973 | true=0 pred=1 | nodes= 11 edges= 20
    GradExplainer               : min=-34.8074  max=+9.9995  mean=-8.9378  std=12.0475
    IntegratedGradExplainer     : min=-3.3161  max=+6.3385  mean=+0.3991  std=2.4124
    GNNExplainer                : min=+0.0000  max=+1.0000  mean=+0.7273  std=0.4454
  [CORRECT] Graph  974 | true=1 pred=1 | nodes= 11 edges= 20
    GradExplainer               : min=-36.2352  max=+15.0945  mean=-7.1180  std=13.8571
    IntegratedGradExplainer     : min=-1.0594  max=+1.1169  mean=-0.0143  std=0.5424
    GNNExplainer                : min=+0.0000  max=+1.0000  mean=+0.6364  std=0.4810
  [WRONG  ] Graph  975 | true=0 pred=1 | nodes= 11 edges= 20
    GradExplainer               : min=-53.5042  max=+132.7528  mean=+33.6329  std=46.5768
    IntegratedGradExplainer     : min=-0.8868  max=+1.3823  mean=+0.1594  std=0.5308
    GNNExplainer                : min=+0.0000  max=+1.0000  mean=+0.6364  std=0.4810
  [CORRECT] Graph  976 | true=0 pred=0 | nodes= 11 edges= 20
    GradExplainer               : min=-5.5515  max=+5.0068  mean=-0.4289  std=2.3418
    IntegratedGradExplainer     : min=-4.2319  max=+4.0089  mean=-0.0654  std=1.7973
    GNNExplainer                : min=+0.0000  max=+1.0000  mean=+0.5455  std=0.4979
  [WRONG  ] Graph  977 | true=0 pred=1 | nodes= 11 edges= 20
    GradExplainer               : min=-18.5492  max=+57.6374  mean=+9.5130  std=20.6934
    IntegratedGradExplainer     : min=-0.5356  max=+0.4369  mean=-0.0479  std=0.2286
    GNNExplainer                : min=+0.0000  max=+1.0000  mean=+0.3636  std=0.4810
  [CORRECT] Graph  978 | true=0 pred=0 | nodes= 11 edges= 20
    GradExplainer               : min=+0.0037  max=+0.2986  mean=+0.1023  std=0.0967
    IntegratedGradExplainer     : min=-0.5684  max=+0.0451  mean=-0.0855  std=0.1666
    GNNExplainer                : min=+0.0000  max=+1.0000  mean=+0.7273  std=0.4454
  [CORRECT] Graph  979 | true=0 pred=0 | nodes= 11 edges= 20
    GradExplainer               : min=-9.6592  max=+29.5399  mean=+5.0851  std=10.2979
    IntegratedGradExplainer     : min=-0.3939  max=+0.1174  mean=-0.0678  std=0.1240
    GNNExplainer                : min=+0.0000  max=+1.0000  mean=+0.5455  std=0.4979
  [CORRECT] Graph  980 | true=0 pred=0 | nodes= 11 edges= 20
    GradExplainer               : min=-0.0036  max=+0.0457  mean=+0.0081  std=0.0135
    IntegratedGradExplainer     : min=-0.2269  max=-0.0051  mean=-0.0796  std=0.0646
    GNNExplainer                : min=+0.0000  max=+1.0000  mean=+0.7273  std=0.4454
  [CORRECT] Graph  981 | true=0 pred=0 | nodes= 11 edges= 20
    GradExplainer               : min=-0.0230  max=-0.0008  mean=-0.0086  std=0.0091
    IntegratedGradExplainer     : min=-0.3559  max=+0.0071  mean=-0.0873  std=0.1028
    GNNExplainer                : min=+0.0000  max=+1.0000  mean=+0.7273  std=0.4454
  [CORRECT] Graph  982 | true=0 pred=0 | nodes= 11 edges= 20
    GradExplainer               : min=-0.0544  max=+0.1465  mean=+0.0372  std=0.0654
    IntegratedGradExplainer     : min=-0.4215  max=+0.0307  mean=-0.0865  std=0.1278
    GNNExplainer                : min=+0.0000  max=+1.0000  mean=+0.4545  std=0.4979
  [CORRECT] Graph  983 | true=1 pred=1 | nodes= 11 edges= 20
    GradExplainer               : min=-0.0039  max=+0.0012  mean=-0.0011  std=0.0015
    IntegratedGradExplainer     : min=-0.3703  max=+0.1485  mean=-0.0445  std=0.1297
    GNNExplainer                : min=+0.0000  max=+1.0000  mean=+0.6364  std=0.4810
  [WRONG  ] Graph  984 | true=1 pred=0 | nodes= 11 edges= 20
    GradExplainer               : min=-16.0465  max=+68.4925  mean=+7.3120  std=20.9274
    IntegratedGradExplainer     : min=-0.6927  max=+1.8172  mean=+0.1721  std=0.5932
    GNNExplainer                : min=+0.0000  max=+1.0000  mean=+0.6364  std=0.4810
  [CORRECT] Graph  985 | true=0 pred=0 | nodes= 11 edges= 20
    GradExplainer               : min=-39.7858  max=+15.9222  mean=-5.4863  std=14.6178
    IntegratedGradExplainer     : min=-1.1895  max=+0.9780  mean=-0.0701  std=0.4721
    GNNExplainer                : min=+0.0000  max=+1.0000  mean=+0.7273  std=0.4454
  [CORRECT] Graph  986 | true=0 pred=0 | nodes= 11 edges= 20
    GradExplainer               : min=-0.0006  max=-0.0000  mean=-0.0001  std=0.0002
    IntegratedGradExplainer     : min=-0.1774  max=+0.0254  mean=-0.0687  std=0.0702
    GNNExplainer                : min=+0.0000  max=+1.0000  mean=+0.7273  std=0.4454
  [CORRECT] Graph  987 | true=0 pred=0 | nodes= 11 edges= 20
    GradExplainer               : min=-0.0285  max=+0.0233  mean=-0.0002  std=0.0112
    IntegratedGradExplainer     : min=-0.2097  max=+0.0156  mean=-0.0841  std=0.0813
    GNNExplainer                : min=+0.0000  max=+1.0000  mean=+0.7273  std=0.4454
  [WRONG  ] Graph  988 | true=0 pred=1 | nodes= 11 edges= 20
    GradExplainer               : min=-8.5656  max=+0.9455  mean=-1.6814  std=2.3439
    IntegratedGradExplainer     : min=-2.1090  max=+2.5091  mean=-0.0322  std=1.0712
    GNNExplainer                : min=+0.0000  max=+1.0000  mean=+0.7273  std=0.4454
  [CORRECT] Graph  989 | true=1 pred=1 | nodes= 11 edges= 20
    GradExplainer               : min=-0.0834  max=-0.0071  mean=-0.0246  std=0.0240
    IntegratedGradExplainer     : min=-0.4997  max=+0.3817  mean=-0.0393  std=0.2293
    GNNExplainer                : min=+0.0000  max=+1.0000  mean=+0.7273  std=0.4454
  [WRONG  ] Graph  990 | true=0 pred=1 | nodes= 11 edges= 20
    GradExplainer               : min=-46.7635  max=+1.0561  mean=-12.1574  std=14.9525
    IntegratedGradExplainer     : min=-5.7048  max=+7.2850  mean=+0.2459  std=2.8950
    GNNExplainer                : min=+0.0000  max=+1.0000  mean=+0.6364  std=0.4810
  [CORRECT] Graph  991 | true=0 pred=0 | nodes= 11 edges= 20
    GradExplainer               : min=-0.2618  max=+0.9308  mean=+0.3121  std=0.3784
    IntegratedGradExplainer     : min=-0.4844  max=+0.0698  mean=-0.0868  std=0.1575
    GNNExplainer                : min=+0.0000  max=+1.0000  mean=+0.5455  std=0.4979
  [CORRECT] Graph  992 | true=1 pred=1 | nodes= 11 edges= 20
    GradExplainer               : min=-128.4041  max=+7.9587  mean=-26.7825  std=40.2268
    IntegratedGradExplainer     : min=-7.6393  max=+5.7921  mean=+0.0663  std=3.2611
    GNNExplainer                : min=+0.0000  max=+1.0000  mean=+0.8182  std=0.3857
  [CORRECT] Graph  993 | true=1 pred=1 | nodes= 11 edges= 20
    GradExplainer               : min=-0.0292  max=+0.0084  mean=-0.0042  std=0.0101
    IntegratedGradExplainer     : min=-0.4195  max=+0.5589  mean=-0.0411  std=0.2259
    GNNExplainer                : min=+0.0000  max=+1.0000  mean=+0.7273  std=0.4454
  [WRONG  ] Graph  994 | true=0 pred=1 | nodes= 11 edges= 20
    GradExplainer               : min=-67.5688  max=+15.2906  mean=-7.3089  std=20.2139
    IntegratedGradExplainer     : min=-0.3640  max=+0.8043  mean=+0.0481  std=0.3360
    GNNExplainer                : min=+0.0000  max=+1.0000  mean=+0.8182  std=0.3857
  [CORRECT] Graph  995 | true=0 pred=0 | nodes= 11 edges= 20
    GradExplainer               : min=-0.0282  max=+0.0151  mean=-0.0018  std=0.0099
    IntegratedGradExplainer     : min=-0.3245  max=-0.0068  mean=-0.0880  std=0.0876
    GNNExplainer                : min=+0.0000  max=+1.0000  mean=+0.6364  std=0.4810
  [CORRECT] Graph  996 | true=0 pred=0 | nodes= 11 edges= 20
    GradExplainer               : min=-0.0107  max=+0.0848  mean=+0.0131  std=0.0243
    IntegratedGradExplainer     : min=-0.2699  max=-0.0150  mean=-0.0818  std=0.0687
    GNNExplainer                : min=+0.0000  max=+1.0000  mean=+0.7273  std=0.4454
  [CORRECT] Graph  997 | true=0 pred=0 | nodes= 11 edges= 20
    GradExplainer               : min=-0.1159  max=+0.7071  mean=+0.2340  std=0.2545
    IntegratedGradExplainer     : min=-0.7865  max=+0.3875  mean=-0.0885  std=0.3118
    GNNExplainer                : min=+0.0000  max=+1.0000  mean=+0.8182  std=0.3857
  [WRONG  ] Graph  998 | true=0 pred=1 | nodes= 11 edges= 20
    GradExplainer               : min=-11.7408  max=+32.9743  mean=+2.0302  std=10.9873
    IntegratedGradExplainer     : min=-0.9403  max=+0.4969  mean=-0.0418  std=0.4177
    GNNExplainer                : min=+0.0000  max=+1.0000  mean=+0.4545  std=0.4979
  [CORRECT] Graph  999 | true=0 pred=0 | nodes= 11 edges= 20
    GradExplainer               : min=-0.0041  max=+0.0031  mean=-0.0004  std=0.0016
    IntegratedGradExplainer     : min=-0.4696  max=+0.0228  mean=-0.0855  std=0.1339
    GNNExplainer                : min=+0.0000  max=+1.0000  mean=+0.4545  std=0.4979
  [CORRECT] Graph 1000 | true=1 pred=1 | nodes= 11 edges= 20
    GradExplainer               : min=-19.5256  max=-1.4778  mean=-5.8500  std=6.2738
    IntegratedGradExplainer     : min=-0.4714  max=+0.4250  mean=-0.0196  std=0.2106
    GNNExplainer                : min=+0.0000  max=+1.0000  mean=+0.7273  std=0.4454
  [CORRECT] Graph 1001 | true=1 pred=1 | nodes= 11 edges= 20
    GradExplainer               : min=-39.0743  max=+21.1420  mean=+0.3333  std=14.0703
    IntegratedGradExplainer     : min=-1.0502  max=+0.5904  mean=+0.0087  std=0.4657
    GNNExplainer                : min=+0.0000  max=+1.0000  mean=+0.5455  std=0.4979
  [CORRECT] Graph 1002 | true=0 pred=0 | nodes= 11 edges= 20
    GradExplainer               : min=-0.4223  max=+0.2532  mean=-0.0067  std=0.1616
    IntegratedGradExplainer     : min=-0.1962  max=-0.0115  mean=-0.0879  std=0.0525
    GNNExplainer                : min=+0.0000  max=+1.0000  mean=+0.6364  std=0.4810
  [CORRECT] Graph 1003 | true=1 pred=1 | nodes= 11 edges= 20
    GradExplainer               : min=-0.0940  max=+0.0362  mean=-0.0196  std=0.0387
    IntegratedGradExplainer     : min=-0.7667  max=+0.3084  mean=-0.0475  std=0.2596
    GNNExplainer                : min=+0.0000  max=+1.0000  mean=+0.5455  std=0.4979
  [CORRECT] Graph 1004 | true=0 pred=0 | nodes= 11 edges= 20
    GradExplainer               : min=-6.5677  max=+0.2553  mean=-2.4582  std=2.0053
    IntegratedGradExplainer     : min=-0.2449  max=+0.0584  mean=-0.0825  std=0.0865
    GNNExplainer                : min=+0.0000  max=+1.0000  mean=+0.5455  std=0.4979
  [WRONG  ] Graph 1005 | true=1 pred=0 | nodes= 11 edges= 20
    GradExplainer               : min=-93.7212  max=+177.9825  mean=+31.3653  std=69.8362
    IntegratedGradExplainer     : min=-0.7607  max=+1.4354  mean=+0.1999  std=0.6278
    GNNExplainer                : min=+0.0000  max=+1.0000  mean=+0.8182  std=0.3857
  [WRONG  ] Graph 1006 | true=0 pred=1 | nodes= 11 edges= 20
    GradExplainer               : min=-41.0212  max=+34.7832  mean=+3.2933  std=18.9057
    IntegratedGradExplainer     : min=-0.8861  max=+0.8825  mean=-0.0130  std=0.4029
    GNNExplainer                : min=+0.0000  max=+1.0000  mean=+0.4545  std=0.4979
  [CORRECT] Graph 1007 | true=0 pred=0 | nodes= 11 edges= 20
    GradExplainer               : min=-0.0197  max=+0.0393  mean=+0.0033  std=0.0135
    IntegratedGradExplainer     : min=-0.3705  max=+0.0159  mean=-0.0852  std=0.1103
    GNNExplainer                : min=+0.0000  max=+1.0000  mean=+0.7273  std=0.4454
  [WRONG  ] Graph 1008 | true=0 pred=1 | nodes= 11 edges= 20
    GradExplainer               : min=-17.5189  max=+21.7787  mean=+1.1693  std=8.5650
    IntegratedGradExplainer     : min=-1.6874  max=+3.2369  mean=-0.0481  std=1.2974
    GNNExplainer                : min=+0.0000  max=+1.0000  mean=+0.7273  std=0.4454
  [WRONG  ] Graph 1009 | true=1 pred=0 | nodes= 11 edges= 20
    GradExplainer               : min=-100.6380  max=+37.0768  mean=+1.9224  std=35.4543
    IntegratedGradExplainer     : min=+0.0067  max=+2.6945  mean=+0.6855  std=0.7799
    GNNExplainer                : min=+0.0000  max=+1.0000  mean=+0.9091  std=0.2875
  [WRONG  ] Graph 1010 | true=0 pred=1 | nodes= 11 edges= 20
    GradExplainer               : min=-17.2986  max=+7.4981  mean=-4.3733  std=5.7872
    IntegratedGradExplainer     : min=-3.3382  max=+6.0640  mean=+0.0620  std=2.1355
    GNNExplainer                : min=+0.0000  max=+1.0000  mean=+0.5455  std=0.4979
  [CORRECT] Graph 1011 | true=1 pred=1 | nodes= 11 edges= 20
    GradExplainer               : min=-0.1501  max=+0.4162  mean=+0.0458  std=0.1385
    IntegratedGradExplainer     : min=-1.5834  max=+2.9592  mean=-0.0227  std=1.1141
    GNNExplainer                : min=+0.0000  max=+1.0000  mean=+0.8182  std=0.3857
  [WRONG  ] Graph 1012 | true=0 pred=1 | nodes= 11 edges= 20
    GradExplainer               : min=-2.9674  max=+33.7514  mean=+4.0581  std=10.6049
    IntegratedGradExplainer     : min=-0.9262  max=+2.5667  mean=+0.1297  std=0.8605
    GNNExplainer                : min=+0.0000  max=+1.0000  mean=+0.6364  std=0.4810
  [CORRECT] Graph 1013 | true=1 pred=1 | nodes= 11 edges= 20
    GradExplainer               : min=-24.6964  max=+10.9757  mean=-4.2900  std=9.5143
    IntegratedGradExplainer     : min=-1.2347  max=+0.6932  mean=+0.0076  std=0.4626
    GNNExplainer                : min=+0.0000  max=+1.0000  mean=+0.6364  std=0.4810
  [WRONG  ] Graph 1014 | true=0 pred=1 | nodes= 11 edges= 20
    GradExplainer               : min=-22.9406  max=+17.2751  mean=-3.5375  std=11.4522
    IntegratedGradExplainer     : min=-0.4989  max=+1.0435  mean=+0.0604  std=0.3845
    GNNExplainer                : min=+0.0000  max=+1.0000  mean=+0.7273  std=0.4454
  [CORRECT] Graph 1015 | true=0 pred=0 | nodes= 11 edges= 20
    GradExplainer               : min=-0.0083  max=-0.0001  mean=-0.0020  std=0.0023
    IntegratedGradExplainer     : min=-0.2997  max=+0.0435  mean=-0.0930  std=0.0972
    GNNExplainer                : min=+0.0000  max=+1.0000  mean=+0.7273  std=0.4454
  [CORRECT] Graph 1016 | true=0 pred=0 | nodes= 11 edges= 20
    GradExplainer               : min=-0.0006  max=+0.0174  mean=+0.0054  std=0.0058
    IntegratedGradExplainer     : min=-0.2344  max=+0.0455  mean=-0.0861  std=0.0881
    GNNExplainer                : min=+0.0000  max=+1.0000  mean=+0.7273  std=0.4454
  [CORRECT] Graph 1017 | true=1 pred=1 | nodes= 11 edges= 20
    GradExplainer               : min=-0.0491  max=+0.3722  mean=+0.0643  std=0.1130
    IntegratedGradExplainer     : min=-0.4978  max=+0.2442  mean=-0.0453  std=0.1995
    GNNExplainer                : min=+0.0000  max=+1.0000  mean=+0.5455  std=0.4979
  [CORRECT] Graph 1018 | true=0 pred=0 | nodes= 11 edges= 20
    GradExplainer               : min=-1.1416  max=+0.5550  mean=-0.0457  std=0.4053
    IntegratedGradExplainer     : min=-0.3878  max=+0.0089  mean=-0.0792  std=0.1120
    GNNExplainer                : min=+0.0000  max=+1.0000  mean=+0.6364  std=0.4810
  [WRONG  ] Graph 1019 | true=1 pred=0 | nodes= 11 edges= 20
    GradExplainer               : min=-79.1527  max=-0.6591  mean=-15.7334  std=22.2285
    IntegratedGradExplainer     : min=-1.9123  max=+4.8621  mean=+0.6499  std=1.6405
    GNNExplainer                : min=+0.0000  max=+1.0000  mean=+0.5455  std=0.4979
  [WRONG  ] Graph 1020 | true=0 pred=1 | nodes= 11 edges= 20
    GradExplainer               : min=+4.4820  max=+61.9422  mean=+23.3072  std=23.1731
    IntegratedGradExplainer     : min=-1.0819  max=+1.0496  mean=-0.0438  std=0.4843
    GNNExplainer                : min=+0.0000  max=+1.0000  mean=+0.6364  std=0.4810
  [CORRECT] Graph 1021 | true=0 pred=0 | nodes= 11 edges= 20
    GradExplainer               : min=-7.4264  max=+8.5034  mean=+1.0076  std=3.5499
    IntegratedGradExplainer     : min=-0.3504  max=+0.1364  mean=-0.0774  std=0.1355
    GNNExplainer                : min=+0.0000  max=+1.0000  mean=+0.8182  std=0.3857
  [CORRECT] Graph 1022 | true=0 pred=0 | nodes= 11 edges= 20
    GradExplainer               : min=-0.0228  max=+0.0277  mean=-0.0008  std=0.0119
    IntegratedGradExplainer     : min=-0.2943  max=-0.0138  mean=-0.0871  std=0.0736
    GNNExplainer                : min=+0.0000  max=+1.0000  mean=+0.8182  std=0.3857
  [WRONG  ] Graph 1023 | true=0 pred=1 | nodes= 11 edges= 20
    GradExplainer               : min=-72.0358  max=+152.8729  mean=+14.4074  std=51.4881
    IntegratedGradExplainer     : min=-0.8697  max=+3.2537  mean=+0.2857  std=1.0463
    GNNExplainer                : min=+0.0000  max=+1.0000  mean=+0.6364  std=0.4810
  [WRONG  ] Graph 1024 | true=0 pred=1 | nodes= 11 edges= 20
    GradExplainer               : min=-36.8512  max=+7.7248  mean=-6.4299  std=11.8920
    IntegratedGradExplainer     : min=-0.2809  max=+0.2191  mean=+0.0137  std=0.1286
    GNNExplainer                : min=+0.0000  max=+1.0000  mean=+0.7273  std=0.4454
  [CORRECT] Graph 1025 | true=0 pred=0 | nodes= 11 edges= 20
    GradExplainer               : min=-4.0604  max=+10.1041  mean=+1.0252  std=3.2988
    IntegratedGradExplainer     : min=-0.2625  max=+0.0614  mean=-0.0802  std=0.0827
    GNNExplainer                : min=+0.0000  max=+1.0000  mean=+0.7273  std=0.4454
  [WRONG  ] Graph 1026 | true=0 pred=1 | nodes= 11 edges= 20
    GradExplainer               : min=-133.8602  max=+4.6002  mean=-18.5541  std=37.9576
    IntegratedGradExplainer     : min=-1.6646  max=+2.7364  mean=+0.3361  std=1.1388
    GNNExplainer                : min=+0.0000  max=+1.0000  mean=+0.8182  std=0.3857
  [WRONG  ] Graph 1027 | true=0 pred=1 | nodes= 11 edges= 20
    GradExplainer               : min=-29.4906  max=+43.5507  mean=-0.6862  std=20.4266
    IntegratedGradExplainer     : min=-0.6884  max=+5.0346  mean=+0.6764  std=1.6792
    GNNExplainer                : min=+0.0000  max=+1.0000  mean=+0.6364  std=0.4810
  [WRONG  ] Graph 1028 | true=1 pred=0 | nodes= 11 edges= 20
    GradExplainer               : min=-44.1497  max=+14.6802  mean=-3.9431  std=16.1024
    IntegratedGradExplainer     : min=-0.9915  max=+2.4113  mean=+0.0967  std=0.8397
    GNNExplainer                : min=+0.0000  max=+1.0000  mean=+0.6364  std=0.4810
  [CORRECT] Graph 1029 | true=0 pred=0 | nodes= 11 edges= 20
    GradExplainer               : min=-0.0697  max=+0.0989  mean=-0.0033  std=0.0375
    IntegratedGradExplainer     : min=-0.4135  max=+0.0052  mean=-0.0820  std=0.1119
    GNNExplainer                : min=+0.0000  max=+1.0000  mean=+0.8182  std=0.3857
  [WRONG  ] Graph 1030 | true=0 pred=1 | nodes= 11 edges= 20
    GradExplainer               : min=-28.7453  max=+140.5639  mean=+34.4274  std=51.7542
    IntegratedGradExplainer     : min=-0.9769  max=+2.4307  mean=+0.6360  std=0.9853
    GNNExplainer                : min=+0.0000  max=+1.0000  mean=+0.6364  std=0.4810
  [WRONG  ] Graph 1031 | true=0 pred=1 | nodes= 11 edges= 20
    GradExplainer               : min=-155.7440  max=+164.8709  mean=+16.2661  std=76.6026
    IntegratedGradExplainer     : min=-1.5901  max=+1.3498  mean=-0.0077  std=0.7860
    GNNExplainer                : min=+0.0000  max=+1.0000  mean=+0.6364  std=0.4810
  [WRONG  ] Graph 1032 | true=0 pred=1 | nodes= 11 edges= 20
    GradExplainer               : min=-35.0080  max=+36.5942  mean=-5.0653  std=18.6177
    IntegratedGradExplainer     : min=-0.8310  max=+1.7986  mean=+0.0466  std=0.6535
    GNNExplainer                : min=+0.0000  max=+1.0000  mean=+0.7273  std=0.4454
  [CORRECT] Graph 1033 | true=0 pred=0 | nodes= 11 edges= 20
    GradExplainer               : min=-0.1166  max=+2.4985  mean=+0.7854  std=0.8244
    IntegratedGradExplainer     : min=-0.3409  max=+0.3455  mean=-0.0840  std=0.1797
    GNNExplainer                : min=+0.0000  max=+1.0000  mean=+0.7273  std=0.4454
  [WRONG  ] Graph 1034 | true=0 pred=1 | nodes= 11 edges= 20
    GradExplainer               : min=-3.2716  max=+84.9268  mean=+13.2174  std=24.5066
    IntegratedGradExplainer     : min=-0.1843  max=+0.8430  mean=+0.0431  std=0.2784
    GNNExplainer                : min=+0.0000  max=+1.0000  mean=+0.7273  std=0.4454
  [CORRECT] Graph 1035 | true=1 pred=1 | nodes= 11 edges= 20
    GradExplainer               : min=-0.5868  max=+0.0847  mean=-0.1360  std=0.2218
    IntegratedGradExplainer     : min=-2.1376  max=+1.0477  mean=-0.0180  std=0.8445
    GNNExplainer                : min=+0.0000  max=+1.0000  mean=+0.8182  std=0.3857
  [CORRECT] Graph 1036 | true=0 pred=0 | nodes= 11 edges= 20
    GradExplainer               : min=-0.0033  max=+0.0017  mean=+0.0002  std=0.0013
    IntegratedGradExplainer     : min=-0.2638  max=+0.0275  mean=-0.0878  std=0.0940
    GNNExplainer                : min=+0.0000  max=+1.0000  mean=+0.5455  std=0.4979
  [WRONG  ] Graph 1037 | true=0 pred=1 | nodes= 11 edges= 20
    GradExplainer               : min=-48.4845  max=+34.4970  mean=+3.4357  std=19.2646
    IntegratedGradExplainer     : min=-0.6077  max=+0.7134  mean=+0.0836  std=0.3299
    GNNExplainer                : min=+0.0000  max=+1.0000  mean=+0.6364  std=0.4810
  [WRONG  ] Graph 1038 | true=0 pred=1 | nodes= 11 edges= 20
    GradExplainer               : min=-14.1344  max=+33.4671  mean=+6.5268  std=12.3036
    IntegratedGradExplainer     : min=-0.9275  max=+0.4720  mean=-0.0490  std=0.3712
    GNNExplainer                : min=+0.0000  max=+1.0000  mean=+0.9091  std=0.2875
  [CORRECT] Graph 1039 | true=1 pred=1 | nodes= 11 edges= 20
    GradExplainer               : min=-6.7561  max=+8.4852  mean=-0.0746  std=3.3728
    IntegratedGradExplainer     : min=-0.1834  max=+0.0378  mean=-0.0310  std=0.0711
    GNNExplainer                : min=+0.0000  max=+1.0000  mean=+0.6364  std=0.4810
  [CORRECT] Graph 1040 | true=0 pred=0 | nodes= 11 edges= 20
    GradExplainer               : min=-2.0690  max=+2.3688  mean=+0.3463  std=1.1299
    IntegratedGradExplainer     : min=-0.6373  max=+0.2861  mean=-0.0830  std=0.2893
    GNNExplainer                : min=+0.0000  max=+1.0000  mean=+0.7273  std=0.4454
  [CORRECT] Graph 1041 | true=0 pred=0 | nodes= 11 edges= 20
    GradExplainer               : min=-15.6092  max=+12.0435  mean=-1.3890  std=8.1283
    IntegratedGradExplainer     : min=-0.7319  max=+0.2387  mean=-0.0696  std=0.2529
    GNNExplainer                : min=+0.0000  max=+1.0000  mean=+0.6364  std=0.4810
  [CORRECT] Graph 1042 | true=0 pred=0 | nodes= 11 edges= 20
    GradExplainer               : min=-0.0169  max=+0.0285  mean=+0.0068  std=0.0118
    IntegratedGradExplainer     : min=-0.2943  max=+0.0933  mean=-0.0816  std=0.1121
    GNNExplainer                : min=+0.0000  max=+1.0000  mean=+0.7273  std=0.4454
  [CORRECT] Graph 1043 | true=0 pred=0 | nodes= 11 edges= 20
    GradExplainer               : min=-4.1186  max=+22.5777  mean=+6.4561  std=8.5395
    IntegratedGradExplainer     : min=-0.7143  max=+1.1046  mean=-0.0710  std=0.4787
    GNNExplainer                : min=+0.0000  max=+1.0000  mean=+0.6364  std=0.4810
  [CORRECT] Graph 1044 | true=0 pred=0 | nodes= 11 edges= 20
    GradExplainer               : min=-0.0227  max=+0.0654  mean=+0.0077  std=0.0208
    IntegratedGradExplainer     : min=-0.4375  max=+0.0719  mean=-0.0890  std=0.1344
    GNNExplainer                : min=+0.0000  max=+1.0000  mean=+0.7273  std=0.4454
  [CORRECT] Graph 1045 | true=0 pred=0 | nodes= 11 edges= 20
    GradExplainer               : min=-0.8087  max=+2.3942  mean=+0.2969  std=0.7495
    IntegratedGradExplainer     : min=-0.7300  max=+0.5101  mean=-0.0786  std=0.2855
    GNNExplainer                : min=+0.0000  max=+1.0000  mean=+0.8182  std=0.3857
  [CORRECT] Graph 1046 | true=0 pred=0 | nodes= 11 edges= 20
    GradExplainer               : min=-11.1487  max=+22.6935  mean=+5.8182  std=9.8952
    IntegratedGradExplainer     : min=-1.1555  max=+0.9052  mean=-0.0639  std=0.4635
    GNNExplainer                : min=+0.0000  max=+1.0000  mean=+0.5455  std=0.4979
  [WRONG  ] Graph 1047 | true=1 pred=0 | nodes= 11 edges= 20
    GradExplainer               : min=-337.3938  max=+69.5709  mean=-28.6451  std=104.2936
    IntegratedGradExplainer     : min=-3.3694  max=+2.1614  mean=+0.1028  std=1.4889
    GNNExplainer                : min=+0.0000  max=+1.0000  mean=+0.6364  std=0.4810
  [CORRECT] Graph 1048 | true=0 pred=0 | nodes= 11 edges= 20
    GradExplainer               : min=-0.0073  max=+0.0003  mean=-0.0015  std=0.0022
    IntegratedGradExplainer     : min=-0.2187  max=+0.0214  mean=-0.0873  std=0.0832
    GNNExplainer                : min=+0.0000  max=+1.0000  mean=+0.6364  std=0.4810
  [WRONG  ] Graph 1049 | true=0 pred=1 | nodes= 11 edges= 20
    GradExplainer               : min=-132.1406  max=+5.6507  mean=-40.9342  std=41.3586
    IntegratedGradExplainer     : min=-0.9996  max=+2.8761  mean=+0.0912  std=1.0425
    GNNExplainer                : min=+0.0000  max=+1.0000  mean=+0.7273  std=0.4454
  [WRONG  ] Graph 1050 | true=1 pred=0 | nodes= 11 edges= 20
    GradExplainer               : min=-52.7362  max=+71.6756  mean=+15.6177  std=32.2268
    IntegratedGradExplainer     : min=-2.2969  max=+2.7428  mean=+0.3704  std=1.2561
    GNNExplainer                : min=+0.0000  max=+1.0000  mean=+0.7273  std=0.4454
  [CORRECT] Graph 1051 | true=0 pred=0 | nodes= 11 edges= 20
    GradExplainer               : min=-1.6827  max=+1.0511  mean=-0.1100  std=0.6210
    IntegratedGradExplainer     : min=-0.2506  max=+0.0063  mean=-0.0861  std=0.0730
    GNNExplainer                : min=+0.0000  max=+1.0000  mean=+0.6364  std=0.4810
  [CORRECT] Graph 1052 | true=0 pred=0 | nodes= 11 edges= 20
    GradExplainer               : min=-0.0012  max=+0.0022  mean=-0.0002  std=0.0009
    IntegratedGradExplainer     : min=-0.2928  max=+0.0834  mean=-0.0913  std=0.1093
    GNNExplainer                : min=+0.0000  max=+1.0000  mean=+0.6364  std=0.4810
  [CORRECT] Graph 1053 | true=0 pred=0 | nodes= 11 edges= 20
    GradExplainer               : min=-15.3834  max=+22.7537  mean=+3.0768  std=8.5674
    IntegratedGradExplainer     : min=-1.2910  max=+2.2150  mean=-0.0645  std=0.8905
    GNNExplainer                : min=+0.0000  max=+1.0000  mean=+0.6364  std=0.4810
  [CORRECT] Graph 1054 | true=0 pred=0 | nodes= 11 edges= 20
    GradExplainer               : min=-0.0217  max=-0.0011  mean=-0.0067  std=0.0073
    IntegratedGradExplainer     : min=-0.2827  max=+0.0176  mean=-0.0874  std=0.0808
    GNNExplainer                : min=+0.0000  max=+1.0000  mean=+0.6364  std=0.4810
  [CORRECT] Graph 1055 | true=1 pred=1 | nodes= 11 edges= 20
    GradExplainer               : min=-32.4179  max=+2.7597  mean=-12.0021  std=11.7026
    IntegratedGradExplainer     : min=-0.2801  max=+0.2403  mean=+0.0159  std=0.1599
    GNNExplainer                : min=+0.0000  max=+1.0000  mean=+0.5455  std=0.4979
  [CORRECT] Graph 1056 | true=0 pred=0 | nodes= 11 edges= 20
    GradExplainer               : min=-5.0362  max=+14.8325  mean=+1.2134  std=4.7450
    IntegratedGradExplainer     : min=-0.5552  max=+0.1692  mean=-0.0643  std=0.2072
    GNNExplainer                : min=+0.0000  max=+1.0000  mean=+0.3636  std=0.4810
  [WRONG  ] Graph 1057 | true=0 pred=1 | nodes= 11 edges= 20
    GradExplainer               : min=-176.8804  max=+408.0358  mean=+12.3597  std=136.7910
    IntegratedGradExplainer     : min=-0.6926  max=+3.0370  mean=+0.2837  std=0.9680
    GNNExplainer                : min=+0.0000  max=+1.0000  mean=+0.6364  std=0.4810
  [CORRECT] Graph 1058 | true=1 pred=1 | nodes= 11 edges= 20
    GradExplainer               : min=-15.9226  max=+3.4265  mean=-2.7857  std=4.8268
    IntegratedGradExplainer     : min=-0.5788  max=+0.0706  mean=-0.0341  std=0.1797
    GNNExplainer                : min=+0.0000  max=+1.0000  mean=+0.8182  std=0.3857
  [WRONG  ] Graph 1059 | true=0 pred=1 | nodes= 11 edges= 20
    GradExplainer               : min=+2.3149  max=+132.9377  mean=+34.0600  std=43.2015
    IntegratedGradExplainer     : min=-1.6915  max=+3.6757  mean=+0.4182  std=1.3359
    GNNExplainer                : min=+0.0000  max=+1.0000  mean=+0.6364  std=0.4810
  [CORRECT] Graph 1060 | true=0 pred=0 | nodes= 11 edges= 20
    GradExplainer               : min=-0.0088  max=+0.0032  mean=-0.0020  std=0.0035
    IntegratedGradExplainer     : min=-0.4220  max=+0.1477  mean=-0.0873  std=0.1665
    GNNExplainer                : min=+0.0000  max=+1.0000  mean=+0.7273  std=0.4454
  [WRONG  ] Graph 1061 | true=0 pred=1 | nodes= 11 edges= 20
    GradExplainer               : min=-56.2700  max=+4.2287  mean=-16.2721  std=20.5335
    IntegratedGradExplainer     : min=-4.0272  max=+6.2946  mean=+0.2679  std=2.3659
    GNNExplainer                : min=+0.0000  max=+1.0000  mean=+0.5455  std=0.4979
  [CORRECT] Graph 1062 | true=1 pred=1 | nodes= 11 edges= 20
    GradExplainer               : min=-0.0170  max=-0.0005  mean=-0.0034  std=0.0048
    IntegratedGradExplainer     : min=-0.1883  max=+0.0531  mean=-0.0434  std=0.0626
    GNNExplainer                : min=+0.0000  max=+1.0000  mean=+0.4545  std=0.4979
  [CORRECT] Graph 1063 | true=1 pred=1 | nodes= 11 edges= 20
    GradExplainer               : min=-19.0883  max=+9.0304  mean=-3.4982  std=8.0799
    IntegratedGradExplainer     : min=-0.3334  max=+0.0809  mean=-0.0151  std=0.1134
    GNNExplainer                : min=+0.0000  max=+1.0000  mean=+0.6364  std=0.4810
  [CORRECT] Graph 1064 | true=0 pred=0 | nodes= 11 edges= 20
    GradExplainer               : min=-0.0016  max=+0.0105  mean=+0.0037  std=0.0035
    IntegratedGradExplainer     : min=-0.4473  max=+0.0563  mean=-0.0846  std=0.1478
    GNNExplainer                : min=+0.0000  max=+1.0000  mean=+0.5455  std=0.4979
  [WRONG  ] Graph 1065 | true=0 pred=1 | nodes= 11 edges= 20
    GradExplainer               : min=-14.9872  max=+24.4444  mean=+2.6136  std=9.2750
    IntegratedGradExplainer     : min=-2.9324  max=+3.6662  mean=+0.2016  std=1.7564
    GNNExplainer                : min=+0.0000  max=+1.0000  mean=+0.7273  std=0.4454
  [CORRECT] Graph 1066 | true=1 pred=1 | nodes= 11 edges= 20
    GradExplainer               : min=-0.0009  max=+0.0007  mean=-0.0001  std=0.0005
    IntegratedGradExplainer     : min=-0.1378  max=+0.0472  mean=-0.0470  std=0.0572
    GNNExplainer                : min=+0.0000  max=+1.0000  mean=+0.9091  std=0.2875
  [WRONG  ] Graph 1067 | true=0 pred=1 | nodes= 11 edges= 20
    GradExplainer               : min=-162.0916  max=+134.5396  mean=-10.5848  std=65.2449
    IntegratedGradExplainer     : min=-1.5268  max=+3.4796  mean=+0.0773  std=1.3252
    GNNExplainer                : min=+0.0000  max=+1.0000  mean=+0.6364  std=0.4810
  [WRONG  ] Graph 1068 | true=0 pred=1 | nodes= 11 edges= 20
    GradExplainer               : min=-14.1779  max=+85.7849  mean=+29.2140  std=34.6087
    IntegratedGradExplainer     : min=-6.2098  max=+4.3315  mean=+0.2187  std=2.5903
    GNNExplainer                : min=+0.0000  max=+1.0000  mean=+0.6364  std=0.4810
  [CORRECT] Graph 1069 | true=0 pred=0 | nodes= 11 edges= 20
    GradExplainer               : min=-0.0015  max=+0.0250  mean=+0.0058  std=0.0075
    IntegratedGradExplainer     : min=-0.6160  max=+0.0423  mean=-0.0814  std=0.1735
    GNNExplainer                : min=+0.0000  max=+1.0000  mean=+0.8182  std=0.3857
  [WRONG  ] Graph 1070 | true=0 pred=1 | nodes= 11 edges= 20
    GradExplainer               : min=-30.5222  max=+74.6211  mean=+3.3774  std=26.7802
    IntegratedGradExplainer     : min=-2.6229  max=+4.1960  mean=+0.2180  std=1.6417
    GNNExplainer                : min=+0.0000  max=+1.0000  mean=+0.7273  std=0.4454
  [WRONG  ] Graph 1071 | true=0 pred=1 | nodes= 11 edges= 20
    GradExplainer               : min=-35.4642  max=+169.3631  mean=+21.7032  std=51.2626
    IntegratedGradExplainer     : min=-0.4731  max=+3.1218  mean=+0.4834  std=0.9331
    GNNExplainer                : min=+0.0000  max=+1.0000  mean=+0.3636  std=0.4810
  [CORRECT] Graph 1072 | true=0 pred=0 | nodes= 11 edges= 20
    GradExplainer               : min=-0.0005  max=+0.0000  mean=-0.0001  std=0.0001
    IntegratedGradExplainer     : min=-0.1430  max=-0.0179  mean=-0.0875  std=0.0359
    GNNExplainer                : min=+0.0000  max=+1.0000  mean=+0.6364  std=0.4810
  [CORRECT] Graph 1073 | true=1 pred=1 | nodes= 11 edges= 20
    GradExplainer               : min=-0.0094  max=+0.0065  mean=-0.0019  std=0.0038
    IntegratedGradExplainer     : min=-0.5688  max=+0.1596  mean=-0.0528  std=0.1999
    GNNExplainer                : min=+0.0000  max=+1.0000  mean=+0.5455  std=0.4979
  [WRONG  ] Graph 1074 | true=0 pred=1 | nodes= 11 edges= 20
    GradExplainer               : min=-45.2103  max=+43.6444  mean=-2.4243  std=24.4740
    IntegratedGradExplainer     : min=-7.5397  max=+7.8384  mean=+0.1879  std=3.3154
    GNNExplainer                : min=+0.0000  max=+1.0000  mean=+0.7273  std=0.4454
  [CORRECT] Graph 1075 | true=1 pred=1 | nodes= 11 edges= 20
    GradExplainer               : min=-0.0304  max=+0.0427  mean=-0.0020  std=0.0169
    IntegratedGradExplainer     : min=-0.6743  max=+0.3382  mean=-0.0509  std=0.2362
    GNNExplainer                : min=+0.0000  max=+1.0000  mean=+0.8182  std=0.3857
  [CORRECT] Graph 1076 | true=1 pred=1 | nodes= 11 edges= 20
    GradExplainer               : min=-0.0359  max=+0.3653  mean=+0.0532  std=0.1105
    IntegratedGradExplainer     : min=-0.4618  max=+0.1531  mean=-0.0395  std=0.1594
    GNNExplainer                : min=+0.0000  max=+1.0000  mean=+0.7273  std=0.4454
  [WRONG  ] Graph 1077 | true=1 pred=0 | nodes= 11 edges= 20
    GradExplainer               : min=-209.3533  max=+180.8911  mean=-6.8405  std=83.5405
    IntegratedGradExplainer     : min=-1.3336  max=+3.5044  mean=+0.1735  std=1.1672
    GNNExplainer                : min=+0.0000  max=+1.0000  mean=+0.8182  std=0.3857
  [CORRECT] Graph 1078 | true=1 pred=1 | nodes= 11 edges= 20
    GradExplainer               : min=-2.2151  max=+0.4436  mean=-0.5999  std=0.8925
    IntegratedGradExplainer     : min=-0.5301  max=+0.3566  mean=-0.0300  std=0.2464
    GNNExplainer                : min=+0.0000  max=+1.0000  mean=+0.7273  std=0.4454
  [CORRECT] Graph 1079 | true=0 pred=0 | nodes= 11 edges= 20
    GradExplainer               : min=-0.0002  max=+0.0001  mean=-0.0000  std=0.0001
    IntegratedGradExplainer     : min=-0.1894  max=+0.0254  mean=-0.0858  std=0.0581
    GNNExplainer                : min=+0.0000  max=+1.0000  mean=+0.7273  std=0.4454
  [CORRECT] Graph 1080 | true=1 pred=1 | nodes= 11 edges= 20
    GradExplainer               : min=-0.0425  max=+0.1862  mean=+0.0215  std=0.0564
    IntegratedGradExplainer     : min=-0.3350  max=+0.1519  mean=-0.0425  std=0.1134
    GNNExplainer                : min=+0.0000  max=+1.0000  mean=+0.5455  std=0.4979
  [CORRECT] Graph 1081 | true=0 pred=0 | nodes= 11 edges= 20
    GradExplainer               : min=-0.8248  max=+0.7492  mean=-0.0577  std=0.3583
    IntegratedGradExplainer     : min=-0.2957  max=+0.0451  mean=-0.0843  std=0.1064
    GNNExplainer                : min=+0.0000  max=+1.0000  mean=+0.6364  std=0.4810
  [CORRECT] Graph 1082 | true=1 pred=1 | nodes= 11 edges= 20
    GradExplainer               : min=-3.8514  max=+1.6881  mean=-0.5998  std=1.7129
    IntegratedGradExplainer     : min=-2.0295  max=+2.5615  mean=-0.0488  std=1.1652
    GNNExplainer                : min=+0.0000  max=+1.0000  mean=+0.8182  std=0.3857
  [CORRECT] Graph 1083 | true=0 pred=0 | nodes= 11 edges= 20
    GradExplainer               : min=-0.0401  max=+0.0030  mean=-0.0088  std=0.0130
    IntegratedGradExplainer     : min=-0.2611  max=+0.0268  mean=-0.0852  std=0.0716
    GNNExplainer                : min=+0.0000  max=+1.0000  mean=+0.7273  std=0.4454
  [CORRECT] Graph 1084 | true=0 pred=0 | nodes= 11 edges= 20
    GradExplainer               : min=-0.0000  max=+0.0000  mean=+0.0000  std=0.0000
    IntegratedGradExplainer     : min=-0.3113  max=+0.0118  mean=-0.0833  std=0.0850
    GNNExplainer                : min=+0.0000  max=+1.0000  mean=+0.6364  std=0.4810
  [WRONG  ] Graph 1085 | true=1 pred=0 | nodes= 11 edges= 20
    GradExplainer               : min=-54.1251  max=+10.4738  mean=-13.2087  std=21.3721
    IntegratedGradExplainer     : min=-2.6785  max=+2.7669  mean=+0.0742  std=1.5636
    GNNExplainer                : min=+0.0000  max=+1.0000  mean=+0.7273  std=0.4454
  [WRONG  ] Graph 1086 | true=0 pred=1 | nodes= 11 edges= 20
    GradExplainer               : min=-16.2094  max=+2.4555  mean=-3.5151  std=5.7218
    IntegratedGradExplainer     : min=-0.3229  max=+0.4465  mean=-0.0201  std=0.1887
    GNNExplainer                : min=+0.0000  max=+1.0000  mean=+0.8182  std=0.3857
  [CORRECT] Graph 1087 | true=0 pred=0 | nodes= 11 edges= 20
    GradExplainer               : min=-0.9520  max=+9.8374  mean=+1.2644  std=2.8948
    IntegratedGradExplainer     : min=-0.2968  max=+0.0711  mean=-0.0809  std=0.1008
    GNNExplainer                : min=+0.0000  max=+1.0000  mean=+0.8182  std=0.3857
  [CORRECT] Graph 1088 | true=0 pred=0 | nodes= 11 edges= 20
    GradExplainer               : min=-0.0011  max=+0.0090  mean=+0.0028  std=0.0034
    IntegratedGradExplainer     : min=-0.2311  max=-0.0024  mean=-0.0869  std=0.0754
    GNNExplainer                : min=+0.0000  max=+1.0000  mean=+0.4545  std=0.4979
  [CORRECT] Graph 1089 | true=1 pred=1 | nodes= 11 edges= 20
    GradExplainer               : min=-0.0011  max=+0.0038  mean=+0.0007  std=0.0013
    IntegratedGradExplainer     : min=-0.6987  max=+0.8130  mean=-0.0493  std=0.3453
    GNNExplainer                : min=+0.0000  max=+1.0000  mean=+0.9091  std=0.2875
  [WRONG  ] Graph 1090 | true=0 pred=1 | nodes= 11 edges= 20
    GradExplainer               : min=-20.1623  max=+19.6660  mean=-3.2471  std=9.8707
    IntegratedGradExplainer     : min=-3.7176  max=+4.2238  mean=-0.0505  std=1.7259
    GNNExplainer                : min=+0.0000  max=+1.0000  mean=+0.3636  std=0.4810
  [WRONG  ] Graph 1091 | true=1 pred=0 | nodes= 11 edges= 20
    GradExplainer               : min=-130.5994  max=+4.9049  mean=-25.0203  std=38.7492
    IntegratedGradExplainer     : min=-4.1545  max=+2.1415  mean=+0.0943  std=1.5038
    GNNExplainer                : min=+0.0000  max=+1.0000  mean=+0.6364  std=0.4810
  [WRONG  ] Graph 1092 | true=0 pred=1 | nodes= 11 edges= 20
    GradExplainer               : min=-231.1696  max=+44.7273  mean=-37.0939  std=69.8606
    IntegratedGradExplainer     : min=-1.5199  max=+2.0204  mean=+0.3307  std=0.8619
    GNNExplainer                : min=+0.0000  max=+1.0000  mean=+0.8182  std=0.3857
  [CORRECT] Graph 1093 | true=0 pred=0 | nodes= 11 edges= 20
    GradExplainer               : min=-0.0003  max=+0.0001  mean=-0.0001  std=0.0001
    IntegratedGradExplainer     : min=-0.3150  max=+0.0521  mean=-0.0860  std=0.1129
    GNNExplainer                : min=+0.0000  max=+1.0000  mean=+0.7273  std=0.4454
  [CORRECT] Graph 1094 | true=0 pred=0 | nodes= 11 edges= 20
    GradExplainer               : min=-0.4668  max=+0.9185  mean=+0.1988  std=0.3957
    IntegratedGradExplainer     : min=-0.5051  max=+0.5301  mean=-0.0838  std=0.2372
    GNNExplainer                : min=+0.0000  max=+1.0000  mean=+0.6364  std=0.4810
  [CORRECT] Graph 1095 | true=1 pred=1 | nodes= 11 edges= 20
    GradExplainer               : min=-11.8091  max=+10.4518  mean=+1.8337  std=5.6224
    IntegratedGradExplainer     : min=-0.5588  max=+0.5660  mean=+0.0158  std=0.2617
    GNNExplainer                : min=+0.0000  max=+1.0000  mean=+0.8182  std=0.3857
  [CORRECT] Graph 1096 | true=0 pred=0 | nodes= 11 edges= 20
    GradExplainer               : min=-1.0923  max=+1.6493  mean=+0.3529  std=0.7722
    IntegratedGradExplainer     : min=-0.4509  max=+0.1873  mean=-0.0834  std=0.1506
    GNNExplainer                : min=+0.0000  max=+1.0000  mean=+0.5455  std=0.4979
  [CORRECT] Graph 1097 | true=1 pred=1 | nodes= 11 edges= 20
    GradExplainer               : min=-7.1858  max=+18.3809  mean=+2.2333  std=5.9609
    IntegratedGradExplainer     : min=-0.2877  max=+0.1694  mean=-0.0271  std=0.1233
    GNNExplainer                : min=+0.0000  max=+1.0000  mean=+0.7273  std=0.4454
  [CORRECT] Graph 1098 | true=0 pred=0 | nodes= 11 edges= 20
    GradExplainer               : min=-1.4565  max=-0.0780  mean=-0.3400  std=0.4305
    IntegratedGradExplainer     : min=-0.2415  max=-0.0040  mean=-0.0878  std=0.0600
    GNNExplainer                : min=+0.0000  max=+1.0000  mean=+0.7273  std=0.4454
  [CORRECT] Graph 1099 | true=0 pred=0 | nodes= 11 edges= 20
    GradExplainer               : min=-0.0107  max=+0.0054  mean=-0.0016  std=0.0036
    IntegratedGradExplainer     : min=-0.2824  max=-0.0234  mean=-0.0823  std=0.0827
    GNNExplainer                : min=+0.0000  max=+1.0000  mean=+0.6364  std=0.4810
  [CORRECT] Graph 1100 | true=1 pred=1 | nodes= 11 edges= 20
    GradExplainer               : min=-4.9949  max=-0.6649  mean=-2.0507  std=1.5056
    IntegratedGradExplainer     : min=-0.2722  max=+0.0920  mean=-0.0273  std=0.1030
    GNNExplainer                : min=+0.0000  max=+1.0000  mean=+0.5455  std=0.4979
  [CORRECT] Graph 1101 | true=1 pred=1 | nodes= 11 edges= 20
    GradExplainer               : min=-0.0231  max=+0.0174  mean=-0.0040  std=0.0108
    IntegratedGradExplainer     : min=-0.9858  max=+0.5357  mean=-0.0453  std=0.3556
    GNNExplainer                : min=+0.0000  max=+1.0000  mean=+0.7273  std=0.4454
  [CORRECT] Graph 1102 | true=0 pred=0 | nodes= 11 edges= 20
    GradExplainer               : min=-1.1459  max=+1.1395  mean=+0.1148  std=0.5780
    IntegratedGradExplainer     : min=-0.4046  max=+0.3361  mean=-0.0865  std=0.1844
    GNNExplainer                : min=+0.0000  max=+1.0000  mean=+0.5455  std=0.4979
  [WRONG  ] Graph 1103 | true=0 pred=1 | nodes= 11 edges= 20
    GradExplainer               : min=-43.8573  max=+56.6022  mean=+0.4910  std=22.3753
    IntegratedGradExplainer     : min=-2.1762  max=+3.1228  mean=+0.5946  std=1.2943
    GNNExplainer                : min=+0.0000  max=+1.0000  mean=+0.7273  std=0.4454
  [CORRECT] Graph 1104 | true=1 pred=1 | nodes= 11 edges= 20
    GradExplainer               : min=-0.5450  max=+0.0387  mean=-0.0992  std=0.1611
    IntegratedGradExplainer     : min=-0.6904  max=+0.1376  mean=-0.0447  std=0.2170
    GNNExplainer                : min=+0.0000  max=+1.0000  mean=+0.3636  std=0.4810
  [CORRECT] Graph 1105 | true=1 pred=1 | nodes= 11 edges= 20
    GradExplainer               : min=-143.2468  max=+31.3628  mean=-27.8927  std=46.7594
    IntegratedGradExplainer     : min=-1.1906  max=+1.6042  mean=+0.0055  std=0.6809
    GNNExplainer                : min=+0.0000  max=+1.0000  mean=+0.8182  std=0.3857
  [CORRECT] Graph 1106 | true=1 pred=1 | nodes= 11 edges= 20
    GradExplainer               : min=+0.0272  max=+0.3868  mean=+0.1339  std=0.1069
    IntegratedGradExplainer     : min=-0.4420  max=+0.1202  mean=-0.0438  std=0.1385
    GNNExplainer                : min=+0.0000  max=+1.0000  mean=+0.8182  std=0.3857
  [WRONG  ] Graph 1107 | true=0 pred=1 | nodes= 11 edges= 20
    GradExplainer               : min=-90.4491  max=+25.1340  mean=-13.7679  std=29.4590
    IntegratedGradExplainer     : min=-1.7126  max=+2.8809  mean=+0.5582  std=1.1189
    GNNExplainer                : min=+0.0000  max=+1.0000  mean=+0.7273  std=0.4454
  [CORRECT] Graph 1108 | true=0 pred=0 | nodes= 11 edges= 20
    GradExplainer               : min=-0.4132  max=+1.4254  mean=+0.0744  std=0.4598
    IntegratedGradExplainer     : min=-0.2664  max=+0.1107  mean=-0.0844  std=0.1001
    GNNExplainer                : min=+0.0000  max=+1.0000  mean=+0.8182  std=0.3857
  [WRONG  ] Graph 1109 | true=1 pred=0 | nodes= 11 edges= 20
    GradExplainer               : min=-15.7908  max=+44.3446  mean=+6.9049  std=15.4140
    IntegratedGradExplainer     : min=-1.0296  max=+2.2083  mean=+0.3237  std=0.8918
    GNNExplainer                : min=+0.0000  max=+1.0000  mean=+0.6364  std=0.4810
  [CORRECT] Graph 1110 | true=0 pred=0 | nodes= 11 edges= 20
    GradExplainer               : min=-0.6352  max=+1.9088  mean=+0.3471  std=0.6507
    IntegratedGradExplainer     : min=-0.2791  max=+0.0198  mean=-0.0858  std=0.0986
    GNNExplainer                : min=+0.0000  max=+1.0000  mean=+0.4545  std=0.4979
  [WRONG  ] Graph 1111 | true=0 pred=1 | nodes= 11 edges= 20
    GradExplainer               : min=-21.9523  max=+16.8033  mean=-3.2744  std=10.0744
    IntegratedGradExplainer     : min=-0.2260  max=+1.1548  mean=+0.1135  std=0.3950
    GNNExplainer                : min=+0.0000  max=+1.0000  mean=+0.9091  std=0.2875
  [CORRECT] Graph 1112 | true=0 pred=0 | nodes= 11 edges= 20
    GradExplainer               : min=+0.0012  max=+0.1765  mean=+0.0449  std=0.0572
    IntegratedGradExplainer     : min=-0.3696  max=+0.0224  mean=-0.0860  std=0.1025
    GNNExplainer                : min=+0.0000  max=+1.0000  mean=+0.6364  std=0.4810
  [CORRECT] Graph 1113 | true=0 pred=0 | nodes= 11 edges= 20
    GradExplainer               : min=-6.5274  max=+7.1991  mean=-0.7913  std=3.3454
    IntegratedGradExplainer     : min=-0.5498  max=+0.1378  mean=-0.0795  std=0.1804
    GNNExplainer                : min=+0.0000  max=+1.0000  mean=+0.8182  std=0.3857
  [CORRECT] Graph 1114 | true=1 pred=1 | nodes= 11 edges= 20
    GradExplainer               : min=-2.6491  max=-0.0676  mean=-0.7416  std=0.8620
    IntegratedGradExplainer     : min=-0.6026  max=+0.4104  mean=-0.0533  std=0.2708
    GNNExplainer                : min=+0.0000  max=+1.0000  mean=+0.6364  std=0.4810
  [WRONG  ] Graph 1115 | true=0 pred=1 | nodes= 11 edges= 20
    GradExplainer               : min=-33.7170  max=+85.0648  mean=+17.6498  std=31.6167
    IntegratedGradExplainer     : min=-0.6722  max=+0.8732  mean=+0.0118  std=0.3685
    GNNExplainer                : min=+0.0000  max=+1.0000  mean=+0.3636  std=0.4810
  [CORRECT] Graph 1116 | true=0 pred=0 | nodes= 11 edges= 20
    GradExplainer               : min=-0.0014  max=+0.0012  mean=-0.0003  std=0.0007
    IntegratedGradExplainer     : min=-0.2501  max=+0.0081  mean=-0.0858  std=0.0723
    GNNExplainer                : min=+0.0000  max=+1.0000  mean=+0.5455  std=0.4979
  [CORRECT] Graph 1117 | true=0 pred=0 | nodes= 11 edges= 20
    GradExplainer               : min=-0.1601  max=+0.3008  mean=+0.0387  std=0.1080
    IntegratedGradExplainer     : min=-0.8510  max=+0.5585  mean=-0.0891  std=0.4213
    GNNExplainer                : min=+1.0000  max=+1.0000  mean=+1.0000  std=0.0000
  [CORRECT] Graph 1118 | true=0 pred=0 | nodes= 11 edges= 20
    GradExplainer               : min=-0.2163  max=+0.2437  mean=+0.0356  std=0.1217
    IntegratedGradExplainer     : min=-0.2438  max=+0.0094  mean=-0.0854  std=0.0700
    GNNExplainer                : min=+0.0000  max=+1.0000  mean=+0.6364  std=0.4810
  [CORRECT] Graph 1119 | true=1 pred=1 | nodes= 11 edges= 20
    GradExplainer               : min=-0.0014  max=+0.0013  mean=+0.0000  std=0.0006
    IntegratedGradExplainer     : min=-0.6286  max=+0.5215  mean=-0.0558  std=0.3079
    GNNExplainer                : min=+0.0000  max=+1.0000  mean=+0.7273  std=0.4454
  [CORRECT] Graph 1120 | true=0 pred=0 | nodes= 11 edges= 20
    GradExplainer               : min=-0.2190  max=+0.0896  mean=-0.0309  std=0.0823
    IntegratedGradExplainer     : min=-0.2208  max=+0.0443  mean=-0.0831  std=0.0679
    GNNExplainer                : min=+0.0000  max=+1.0000  mean=+0.8182  std=0.3857
  [CORRECT] Graph 1121 | true=0 pred=0 | nodes= 11 edges= 20
    GradExplainer               : min=-0.0194  max=+0.0121  mean=-0.0047  std=0.0082
    IntegratedGradExplainer     : min=-0.3891  max=+0.0095  mean=-0.0811  std=0.1098
    GNNExplainer                : min=+0.0000  max=+1.0000  mean=+0.5455  std=0.4979
  [CORRECT] Graph 1122 | true=1 pred=1 | nodes= 11 edges= 20
    GradExplainer               : min=-1.2244  max=+0.4485  mean=-0.2433  std=0.4113
    IntegratedGradExplainer     : min=-0.7566  max=+0.2186  mean=-0.0385  std=0.2705
    GNNExplainer                : min=+0.0000  max=+1.0000  mean=+0.8182  std=0.3857
  [CORRECT] Graph 1123 | true=1 pred=1 | nodes= 11 edges= 20
    GradExplainer               : min=-0.0033  max=+0.0078  mean=+0.0011  std=0.0027
    IntegratedGradExplainer     : min=-0.3520  max=+0.2684  mean=-0.0430  std=0.1560
    GNNExplainer                : min=+0.0000  max=+1.0000  mean=+0.6364  std=0.4810
  [CORRECT] Graph 1124 | true=1 pred=1 | nodes= 11 edges= 20
    GradExplainer               : min=-68.2292  max=+8.2786  mean=-11.5908  std=20.5802
    IntegratedGradExplainer     : min=-1.1703  max=+1.5708  mean=-0.0349  std=0.8192
    GNNExplainer                : min=+0.0000  max=+1.0000  mean=+0.6364  std=0.4810
  [CORRECT] Graph 1125 | true=1 pred=1 | nodes= 11 edges= 20
    GradExplainer               : min=-0.2905  max=+0.0954  mean=-0.0079  std=0.0964
    IntegratedGradExplainer     : min=-1.0741  max=+0.5671  mean=-0.0520  std=0.4054
    GNNExplainer                : min=+0.0000  max=+1.0000  mean=+0.5455  std=0.4979
  [CORRECT] Graph 1126 | true=0 pred=0 | nodes= 11 edges= 20
    GradExplainer               : min=-0.0692  max=+0.0122  mean=-0.0164  std=0.0226
    IntegratedGradExplainer     : min=-0.6459  max=+0.6837  mean=-0.0976  std=0.3256
    GNNExplainer                : min=+0.0000  max=+1.0000  mean=+0.9091  std=0.2875
  [CORRECT] Graph 1127 | true=0 pred=0 | nodes= 11 edges= 20
    GradExplainer               : min=-0.5650  max=+0.9427  mean=+0.1040  std=0.3878
    IntegratedGradExplainer     : min=-4.4950  max=+5.5937  mean=-0.1013  std=2.2321
    GNNExplainer                : min=+0.0000  max=+1.0000  mean=+0.4545  std=0.4979
  [WRONG  ] Graph 1128 | true=0 pred=1 | nodes= 11 edges= 20
    GradExplainer               : min=-26.3832  max=+42.9101  mean=+4.1062  std=15.4504
    IntegratedGradExplainer     : min=-0.5785  max=+0.9976  mean=+0.0227  std=0.3883
    GNNExplainer                : min=+0.0000  max=+1.0000  mean=+0.5455  std=0.4979
  [CORRECT] Graph 1129 | true=0 pred=0 | nodes= 11 edges= 20
    GradExplainer               : min=-0.4420  max=+1.4934  mean=+0.4591  std=0.5610
    IntegratedGradExplainer     : min=-0.4209  max=+0.0643  mean=-0.0786  std=0.1289
    GNNExplainer                : min=+0.0000  max=+1.0000  mean=+0.8182  std=0.3857
  [CORRECT] Graph 1130 | true=0 pred=0 | nodes= 11 edges= 20
    GradExplainer               : min=-0.3719  max=+0.0138  mean=-0.0829  std=0.1040
    IntegratedGradExplainer     : min=-2.9689  max=+2.5375  mean=-0.0744  std=1.2922
    GNNExplainer                : min=+0.0000  max=+1.0000  mean=+0.8182  std=0.3857
  [CORRECT] Graph 1131 | true=0 pred=0 | nodes= 11 edges= 20
    GradExplainer               : min=-0.0001  max=+0.0004  mean=+0.0001  std=0.0001
    IntegratedGradExplainer     : min=-0.2310  max=+0.1040  mean=-0.0850  std=0.0961
    GNNExplainer                : min=+0.0000  max=+1.0000  mean=+0.8182  std=0.3857
  [CORRECT] Graph 1132 | true=0 pred=0 | nodes= 11 edges= 20
    GradExplainer               : min=-0.0103  max=+0.0365  mean=+0.0074  std=0.0147
    IntegratedGradExplainer     : min=-0.3381  max=-0.0261  mean=-0.0847  std=0.0859
    GNNExplainer                : min=+0.0000  max=+1.0000  mean=+0.9091  std=0.2875
  [WRONG  ] Graph 1133 | true=0 pred=1 | nodes= 11 edges= 20
    GradExplainer               : min=-28.6130  max=+51.1503  mean=+10.2273  std=23.1203
    IntegratedGradExplainer     : min=-1.3063  max=+3.6618  mean=+0.3774  std=1.4004
    GNNExplainer                : min=+0.0000  max=+1.0000  mean=+0.8182  std=0.3857
  [WRONG  ] Graph 1134 | true=1 pred=0 | nodes= 11 edges= 20
    GradExplainer               : min=-34.9524  max=+69.4119  mean=-1.2600  std=25.0583
    IntegratedGradExplainer     : min=-1.3563  max=+2.4733  mean=+0.2595  std=0.8617
    GNNExplainer                : min=+0.0000  max=+1.0000  mean=+0.8182  std=0.3857
  [WRONG  ] Graph 1135 | true=0 pred=1 | nodes= 11 edges= 20
    GradExplainer               : min=-58.8605  max=+6.9124  mean=-8.2427  std=17.6837
    IntegratedGradExplainer     : min=-0.3190  max=+2.0106  mean=+0.3144  std=0.7883
    GNNExplainer                : min=+0.0000  max=+1.0000  mean=+0.7273  std=0.4454
  [CORRECT] Graph 1136 | true=0 pred=0 | nodes= 11 edges= 20
    GradExplainer               : min=-0.0010  max=+0.0006  mean=+0.0000  std=0.0004
    IntegratedGradExplainer     : min=-0.1886  max=+0.0247  mean=-0.0851  std=0.0779
    GNNExplainer                : min=+0.0000  max=+1.0000  mean=+0.9091  std=0.2875
  [CORRECT] Graph 1137 | true=1 pred=1 | nodes= 11 edges= 20
    GradExplainer               : min=-0.0821  max=-0.0021  mean=-0.0175  std=0.0237
    IntegratedGradExplainer     : min=-0.5578  max=+0.1536  mean=-0.0441  std=0.1808
    GNNExplainer                : min=+0.0000  max=+1.0000  mean=+0.6364  std=0.4810
  [CORRECT] Graph 1138 | true=0 pred=0 | nodes= 11 edges= 20
    GradExplainer               : min=-0.3385  max=-0.0016  mean=-0.1041  std=0.1098
    IntegratedGradExplainer     : min=-0.2279  max=+0.0153  mean=-0.0848  std=0.0792
    GNNExplainer                : min=+0.0000  max=+1.0000  mean=+0.7273  std=0.4454
  [CORRECT] Graph 1139 | true=1 pred=1 | nodes= 11 edges= 20
    GradExplainer               : min=-34.1643  max=+30.1705  mean=-2.3798  std=13.7822
    IntegratedGradExplainer     : min=-4.5674  max=+3.5713  mean=+0.0114  std=1.8032
    GNNExplainer                : min=+0.0000  max=+1.0000  mean=+0.4545  std=0.4979
  [WRONG  ] Graph 1140 | true=1 pred=0 | nodes= 11 edges= 20
    GradExplainer               : min=-35.8024  max=+40.1339  mean=+9.8468  std=21.2129
    IntegratedGradExplainer     : min=-2.2117  max=+2.8376  mean=+0.3585  std=1.1760
    GNNExplainer                : min=+0.0000  max=+1.0000  mean=+0.6364  std=0.4810
  [CORRECT] Graph 1141 | true=0 pred=0 | nodes= 11 edges= 20
    GradExplainer               : min=-0.1467  max=+0.0958  mean=-0.0021  std=0.0541
    IntegratedGradExplainer     : min=-1.8647  max=+4.2799  mean=-0.0749  std=1.5252
    GNNExplainer                : min=+0.0000  max=+1.0000  mean=+0.7273  std=0.4454
  [CORRECT] Graph 1142 | true=0 pred=0 | nodes= 11 edges= 20
    GradExplainer               : min=-1.0104  max=+0.7911  mean=+0.0007  std=0.4727
    IntegratedGradExplainer     : min=-0.3038  max=+0.0993  mean=-0.0833  std=0.1183
    GNNExplainer                : min=+0.0000  max=+1.0000  mean=+0.9091  std=0.2875
  [CORRECT] Graph 1143 | true=1 pred=1 | nodes= 11 edges= 20
    GradExplainer               : min=-7.0634  max=+0.6045  mean=-1.1160  std=2.1116
    IntegratedGradExplainer     : min=-0.5298  max=+0.8131  mean=-0.0308  std=0.3925
    GNNExplainer                : min=+0.0000  max=+1.0000  mean=+0.5455  std=0.4979
  [WRONG  ] Graph 1144 | true=1 pred=0 | nodes= 11 edges= 20
    GradExplainer               : min=-13.8129  max=+16.9477  mean=+3.8389  std=8.6572
    IntegratedGradExplainer     : min=-0.8665  max=+0.5684  mean=+0.0722  std=0.3966
    GNNExplainer                : min=+0.0000  max=+1.0000  mean=+0.5455  std=0.4979
  [WRONG  ] Graph 1145 | true=0 pred=1 | nodes= 11 edges= 20
    GradExplainer               : min=-31.7238  max=+25.9328  mean=+0.6715  std=14.6552
    IntegratedGradExplainer     : min=-2.4889  max=+2.3133  mean=+0.0035  std=1.3518
    GNNExplainer                : min=+0.0000  max=+1.0000  mean=+0.6364  std=0.4810
  [WRONG  ] Graph 1146 | true=0 pred=1 | nodes= 11 edges= 20
    GradExplainer               : min=-35.8081  max=+101.9710  mean=+6.7361  std=33.8650
    IntegratedGradExplainer     : min=-0.6460  max=+0.8558  mean=-0.0059  std=0.4659
    GNNExplainer                : min=+0.0000  max=+1.0000  mean=+0.4545  std=0.4979
  [CORRECT] Graph 1147 | true=0 pred=0 | nodes= 11 edges= 20
    GradExplainer               : min=-11.4970  max=+0.7908  mean=-1.6043  std=3.3119
    IntegratedGradExplainer     : min=-1.0440  max=+0.7144  mean=-0.0715  std=0.4479
    GNNExplainer                : min=+0.0000  max=+1.0000  mean=+0.7273  std=0.4454
  [WRONG  ] Graph 1148 | true=1 pred=0 | nodes= 11 edges= 20
    GradExplainer               : min=-78.4550  max=-2.7876  mean=-24.8989  std=23.9435
    IntegratedGradExplainer     : min=-2.0699  max=+1.8238  mean=+0.1530  std=1.0225
    GNNExplainer                : min=+0.0000  max=+1.0000  mean=+0.4545  std=0.4979
  [CORRECT] Graph 1149 | true=0 pred=0 | nodes= 11 edges= 20
    GradExplainer               : min=-0.0178  max=+0.8759  mean=+0.1628  std=0.2564
    IntegratedGradExplainer     : min=-0.2742  max=+0.0303  mean=-0.0871  std=0.0858
    GNNExplainer                : min=+0.0000  max=+1.0000  mean=+0.6364  std=0.4810
  [WRONG  ] Graph 1150 | true=0 pred=1 | nodes= 11 edges= 20
    GradExplainer               : min=-7.3204  max=+9.0003  mean=+1.7160  std=6.1320
    IntegratedGradExplainer     : min=-0.1705  max=+0.9429  mean=+0.2711  std=0.3091
    GNNExplainer                : min=+0.0000  max=+1.0000  mean=+0.8182  std=0.3857
  [CORRECT] Graph 1151 | true=1 pred=1 | nodes= 11 edges= 20
    GradExplainer               : min=+0.0014  max=+0.0597  mean=+0.0140  std=0.0181
    IntegratedGradExplainer     : min=-0.3817  max=+0.1558  mean=-0.0470  std=0.1370
    GNNExplainer                : min=+0.0000  max=+1.0000  mean=+0.7273  std=0.4454
  [CORRECT] Graph 1152 | true=1 pred=1 | nodes= 11 edges= 20
    GradExplainer               : min=-18.2436  max=-0.5632  mean=-3.2920  std=5.0945
    IntegratedGradExplainer     : min=-1.2152  max=+0.9969  mean=-0.0271  std=0.5168
    GNNExplainer                : min=+0.0000  max=+1.0000  mean=+0.7273  std=0.4454
  [CORRECT] Graph 1153 | true=0 pred=0 | nodes= 11 edges= 20
    GradExplainer               : min=-0.0006  max=+0.0017  mean=-0.0001  std=0.0006
    IntegratedGradExplainer     : min=-0.3879  max=+0.0066  mean=-0.0876  std=0.1086
    GNNExplainer                : min=+0.0000  max=+1.0000  mean=+0.6364  std=0.4810
  [CORRECT] Graph 1154 | true=1 pred=1 | nodes= 11 edges= 20
    GradExplainer               : min=-1.7480  max=+1.0491  mean=-0.2729  std=0.6701
    IntegratedGradExplainer     : min=-0.7047  max=+0.2959  mean=-0.0358  std=0.2424
    GNNExplainer                : min=+0.0000  max=+1.0000  mean=+0.4545  std=0.4979
  [CORRECT] Graph 1155 | true=1 pred=1 | nodes= 11 edges= 20
    GradExplainer               : min=-0.0219  max=+0.1658  mean=+0.0328  std=0.0549
    IntegratedGradExplainer     : min=-0.1706  max=+0.0847  mean=-0.0442  std=0.0760
    GNNExplainer                : min=+0.0000  max=+1.0000  mean=+0.9091  std=0.2875
  [CORRECT] Graph 1156 | true=0 pred=0 | nodes= 11 edges= 20
    GradExplainer               : min=-0.0310  max=+0.0119  mean=-0.0108  std=0.0110
    IntegratedGradExplainer     : min=-0.4060  max=+0.1027  mean=-0.0864  std=0.1352
    GNNExplainer                : min=+0.0000  max=+1.0000  mean=+0.8182  std=0.3857
  [WRONG  ] Graph 1157 | true=1 pred=0 | nodes= 11 edges= 20
    GradExplainer               : min=-87.8604  max=+17.1287  mean=-21.2447  std=31.7576
    IntegratedGradExplainer     : min=-0.4782  max=+0.8003  mean=+0.1492  std=0.3641
    GNNExplainer                : min=+0.0000  max=+1.0000  mean=+0.4545  std=0.4979
  [CORRECT] Graph 1158 | true=1 pred=1 | nodes= 11 edges= 20
    GradExplainer               : min=-0.3475  max=+0.0482  mean=-0.0446  std=0.1044
    IntegratedGradExplainer     : min=-0.4276  max=+0.0829  mean=-0.0470  std=0.1295
    GNNExplainer                : min=+0.0000  max=+1.0000  mean=+0.6364  std=0.4810
  [CORRECT] Graph 1159 | true=0 pred=0 | nodes= 11 edges= 20
    GradExplainer               : min=-0.0243  max=+0.0020  mean=-0.0046  std=0.0073
    IntegratedGradExplainer     : min=-1.5060  max=+0.1858  mean=-0.0899  std=0.4571
    GNNExplainer                : min=+0.0000  max=+1.0000  mean=+0.7273  std=0.4454
  [CORRECT] Graph 1160 | true=0 pred=0 | nodes= 11 edges= 20
    GradExplainer               : min=-1.0437  max=+2.5660  mean=+0.1261  std=0.9112
    IntegratedGradExplainer     : min=-0.5705  max=+0.0470  mean=-0.0788  std=0.1637
    GNNExplainer                : min=+0.0000  max=+1.0000  mean=+0.7273  std=0.4454
  [WRONG  ] Graph 1161 | true=0 pred=1 | nodes= 11 edges= 20
    GradExplainer               : min=-54.7022  max=+6.6710  mean=-14.3056  std=21.2366
    IntegratedGradExplainer     : min=-0.9891  max=+5.9018  mean=+0.8938  std=2.1734
    GNNExplainer                : min=+0.0000  max=+1.0000  mean=+0.8182  std=0.3857
  [WRONG  ] Graph 1162 | true=1 pred=0 | nodes= 11 edges= 20
    GradExplainer               : min=-5.9449  max=+29.8807  mean=+6.6639  std=10.7769
    IntegratedGradExplainer     : min=-1.0663  max=+1.9678  mean=+0.2559  std=0.8274
    GNNExplainer                : min=+0.0000  max=+1.0000  mean=+0.4545  std=0.4979
  [WRONG  ] Graph 1163 | true=1 pred=0 | nodes= 11 edges= 20
    GradExplainer               : min=-139.2278  max=+142.8325  mean=-10.1673  std=62.3792
    IntegratedGradExplainer     : min=-1.6325  max=+1.7183  mean=+0.1591  std=0.7470
    GNNExplainer                : min=+0.0000  max=+1.0000  mean=+0.6364  std=0.4810
  [CORRECT] Graph 1164 | true=1 pred=1 | nodes= 11 edges= 20
    GradExplainer               : min=-0.0231  max=+0.2310  mean=+0.0566  std=0.0835
    IntegratedGradExplainer     : min=-0.5033  max=+0.4046  mean=-0.0485  std=0.2398
    GNNExplainer                : min=+0.0000  max=+1.0000  mean=+0.6364  std=0.4810
  [WRONG  ] Graph 1165 | true=0 pred=1 | nodes= 11 edges= 20
    GradExplainer               : min=-19.3139  max=+3.3911  mean=-6.3561  std=7.7889
    IntegratedGradExplainer     : min=-3.3887  max=+3.2040  mean=+0.0997  std=1.8161
    GNNExplainer                : min=+0.0000  max=+1.0000  mean=+0.8182  std=0.3857
  [CORRECT] Graph 1166 | true=0 pred=0 | nodes= 11 edges= 20
    GradExplainer               : min=-7.5690  max=+5.6586  mean=-0.4252  std=3.0265
    IntegratedGradExplainer     : min=-0.5080  max=+0.1574  mean=-0.0789  std=0.1959
    GNNExplainer                : min=+0.0000  max=+1.0000  mean=+0.8182  std=0.3857
  [CORRECT] Graph 1167 | true=0 pred=0 | nodes= 11 edges= 20
    GradExplainer               : min=-0.0001  max=+0.0008  mean=+0.0003  std=0.0003
    IntegratedGradExplainer     : min=-0.2547  max=-0.0022  mean=-0.0865  std=0.0873
    GNNExplainer                : min=+0.0000  max=+1.0000  mean=+0.6364  std=0.4810
  [CORRECT] Graph 1168 | true=1 pred=1 | nodes= 11 edges= 20
    GradExplainer               : min=-0.0000  max=+0.0000  mean=-0.0000  std=0.0000
    IntegratedGradExplainer     : min=-0.2802  max=+0.0435  mean=-0.0344  std=0.0901
    GNNExplainer                : min=+0.0000  max=+1.0000  mean=+0.6364  std=0.4810
  [CORRECT] Graph 1169 | true=1 pred=1 | nodes= 11 edges= 20
    GradExplainer               : min=-1.1370  max=+3.2032  mean=+0.5421  std=1.0961
    IntegratedGradExplainer     : min=-2.0674  max=+0.7810  mean=-0.0494  std=0.6943
    GNNExplainer                : min=+0.0000  max=+1.0000  mean=+0.8182  std=0.3857
  [CORRECT] Graph 1170 | true=0 pred=0 | nodes= 11 edges= 20
    GradExplainer               : min=-0.0036  max=+0.0243  mean=+0.0046  std=0.0083
    IntegratedGradExplainer     : min=-0.3059  max=-0.0190  mean=-0.0843  std=0.0807
    GNNExplainer                : min=+0.0000  max=+1.0000  mean=+0.7273  std=0.4454
  [CORRECT] Graph 1171 | true=1 pred=1 | nodes= 11 edges= 20
    GradExplainer               : min=-11.2858  max=+1.2543  mean=-2.0111  std=3.5606
    IntegratedGradExplainer     : min=-0.1184  max=+0.2074  mean=+0.0188  std=0.0914
    GNNExplainer                : min=+0.0000  max=+1.0000  mean=+0.5455  std=0.4979
  [WRONG  ] Graph 1172 | true=1 pred=0 | nodes= 11 edges= 20
    GradExplainer               : min=-103.5979  max=+16.0759  mean=-19.6107  std=29.9022
    IntegratedGradExplainer     : min=-1.9681  max=+2.4580  mean=+0.0702  std=1.0658
    GNNExplainer                : min=+0.0000  max=+1.0000  mean=+0.4545  std=0.4979
  [CORRECT] Graph 1173 | true=1 pred=1 | nodes= 11 edges= 20
    GradExplainer               : min=-2.2323  max=+0.2457  mean=-0.2836  std=0.6568
    IntegratedGradExplainer     : min=-0.6297  max=+0.4242  mean=-0.0413  std=0.2842
    GNNExplainer                : min=+0.0000  max=+1.0000  mean=+0.7273  std=0.4454
  [CORRECT] Graph 1174 | true=1 pred=1 | nodes= 11 edges= 20
    GradExplainer               : min=-0.0044  max=+0.0005  mean=-0.0016  std=0.0015
    IntegratedGradExplainer     : min=-0.6103  max=+0.6060  mean=-0.0411  std=0.3261
    GNNExplainer                : min=+0.0000  max=+1.0000  mean=+0.6364  std=0.4810
  [WRONG  ] Graph 1175 | true=0 pred=1 | nodes= 11 edges= 20
    GradExplainer               : min=-30.3778  max=+230.0963  mean=+50.5635  std=72.8664
    IntegratedGradExplainer     : min=-0.6536  max=+1.5616  mean=+0.2803  std=0.5415
    GNNExplainer                : min=+0.0000  max=+1.0000  mean=+0.8182  std=0.3857
  [CORRECT] Graph 1176 | true=0 pred=0 | nodes= 11 edges= 20
    GradExplainer               : min=-2.7182  max=+16.6572  mean=+2.4976  std=5.3165
    IntegratedGradExplainer     : min=-0.3609  max=+0.1019  mean=-0.0819  std=0.1456
    GNNExplainer                : min=+0.0000  max=+1.0000  mean=+0.6364  std=0.4810
  [WRONG  ] Graph 1177 | true=1 pred=0 | nodes= 11 edges= 20
    GradExplainer               : min=-182.6380  max=+80.5863  mean=+5.3025  std=65.4593
    IntegratedGradExplainer     : min=-1.1661  max=+2.8046  mean=+0.2081  std=0.9980
    GNNExplainer                : min=+0.0000  max=+1.0000  mean=+0.6364  std=0.4810
  [CORRECT] Graph 1178 | true=0 pred=0 | nodes= 11 edges= 20
    GradExplainer               : min=-0.0041  max=+0.0004  mean=-0.0014  std=0.0015
    IntegratedGradExplainer     : min=-0.2714  max=+0.0106  mean=-0.0844  std=0.0794
    GNNExplainer                : min=+0.0000  max=+1.0000  mean=+0.5455  std=0.4979
  [CORRECT] Graph 1179 | true=1 pred=1 | nodes= 11 edges= 20
    GradExplainer               : min=-0.0043  max=+0.0024  mean=-0.0003  std=0.0015
    IntegratedGradExplainer     : min=-0.4479  max=+0.1404  mean=-0.0507  std=0.1393
    GNNExplainer                : min=+0.0000  max=+1.0000  mean=+0.8182  std=0.3857
  [CORRECT] Graph 1180 | true=0 pred=0 | nodes= 11 edges= 20
    GradExplainer               : min=-0.0106  max=+0.0203  mean=+0.0023  std=0.0076
    IntegratedGradExplainer     : min=-0.7452  max=+0.3541  mean=-0.0903  std=0.2869
    GNNExplainer                : min=+0.0000  max=+1.0000  mean=+0.7273  std=0.4454
  [CORRECT] Graph 1181 | true=0 pred=0 | nodes= 11 edges= 20
    GradExplainer               : min=-0.6253  max=+0.2322  mean=-0.0824  std=0.2395
    IntegratedGradExplainer     : min=-0.7592  max=+0.5057  mean=-0.0806  std=0.2856
    GNNExplainer                : min=+0.0000  max=+1.0000  mean=+0.9091  std=0.2875
  [CORRECT] Graph 1182 | true=1 pred=1 | nodes= 11 edges= 20
    GradExplainer               : min=-0.0000  max=+0.0000  mean=+0.0000  std=0.0000
    IntegratedGradExplainer     : min=-0.3366  max=+0.1291  mean=-0.0399  std=0.1090
    GNNExplainer                : min=+0.0000  max=+1.0000  mean=+0.5455  std=0.4979
  [CORRECT] Graph 1183 | true=1 pred=1 | nodes= 11 edges= 20
    GradExplainer               : min=-0.0619  max=+7.9552  mean=+1.2831  std=2.3210
    IntegratedGradExplainer     : min=-0.3963  max=+0.0285  mean=-0.0365  std=0.1157
    GNNExplainer                : min=+0.0000  max=+1.0000  mean=+0.7273  std=0.4454
  [CORRECT] Graph 1184 | true=0 pred=0 | nodes= 11 edges= 20
    GradExplainer               : min=-0.0012  max=+0.0012  mean=-0.0000  std=0.0006
    IntegratedGradExplainer     : min=-0.2597  max=+0.0120  mean=-0.0879  std=0.0718
    GNNExplainer                : min=+0.0000  max=+1.0000  mean=+0.7273  std=0.4454
  [CORRECT] Graph 1185 | true=1 pred=1 | nodes= 11 edges= 20
    GradExplainer               : min=-6.8854  max=+28.0053  mean=+2.8293  std=9.2707
    IntegratedGradExplainer     : min=-0.8831  max=+0.6286  mean=-0.0174  std=0.3289
    GNNExplainer                : min=+0.0000  max=+1.0000  mean=+0.5455  std=0.4979
  [CORRECT] Graph 1186 | true=1 pred=1 | nodes= 11 edges= 20
    GradExplainer               : min=-0.0005  max=+0.0005  mean=+0.0002  std=0.0003
    IntegratedGradExplainer     : min=-0.1696  max=+0.0172  mean=-0.0493  std=0.0532
    GNNExplainer                : min=+0.0000  max=+1.0000  mean=+0.7273  std=0.4454
  [WRONG  ] Graph 1187 | true=0 pred=1 | nodes= 11 edges= 20
    GradExplainer               : min=-27.9509  max=+193.0491  mean=+23.1318  std=56.5772
    IntegratedGradExplainer     : min=-1.6629  max=+3.3865  mean=+0.1699  std=1.1806
    GNNExplainer                : min=+0.0000  max=+1.0000  mean=+0.7273  std=0.4454
  [WRONG  ] Graph 1188 | true=0 pred=1 | nodes= 11 edges= 20
    GradExplainer               : min=+0.7248  max=+37.2155  mean=+7.0469  std=10.8151
    IntegratedGradExplainer     : min=-0.1910  max=+0.0868  mean=-0.0321  std=0.0786
    GNNExplainer                : min=+0.0000  max=+1.0000  mean=+0.7273  std=0.4454
  [CORRECT] Graph 1189 | true=0 pred=0 | nodes= 11 edges= 20
    GradExplainer               : min=-0.1585  max=+1.6833  mean=+0.3517  std=0.5626
    IntegratedGradExplainer     : min=-0.2312  max=-0.0168  mean=-0.0829  std=0.0700
    GNNExplainer                : min=+0.0000  max=+1.0000  mean=+0.6364  std=0.4810
  [WRONG  ] Graph 1190 | true=1 pred=0 | nodes= 11 edges= 20
    GradExplainer               : min=-13.7969  max=+83.6398  mean=+11.4050  std=26.2781
    IntegratedGradExplainer     : min=-2.1233  max=+2.6482  mean=+0.3800  std=1.3700
    GNNExplainer                : min=+0.0000  max=+1.0000  mean=+0.6364  std=0.4810
  [WRONG  ] Graph 1191 | true=0 pred=1 | nodes= 11 edges= 20
    GradExplainer               : min=-15.9530  max=+132.0632  mean=+16.1275  std=38.8885
    IntegratedGradExplainer     : min=-0.3993  max=+1.0099  mean=-0.0053  std=0.3645
    GNNExplainer                : min=+0.0000  max=+1.0000  mean=+0.7273  std=0.4454
  [CORRECT] Graph 1192 | true=1 pred=1 | nodes= 11 edges= 20
    GradExplainer               : min=-0.0001  max=+0.0001  mean=+0.0000  std=0.0000
    IntegratedGradExplainer     : min=-0.4817  max=+0.5593  mean=-0.0417  std=0.2493
    GNNExplainer                : min=+0.0000  max=+1.0000  mean=+0.8182  std=0.3857
  [WRONG  ] Graph 1193 | true=1 pred=0 | nodes= 11 edges= 20
    GradExplainer               : min=-5.9108  max=+19.0209  mean=+2.0698  std=6.2932
    IntegratedGradExplainer     : min=-0.1625  max=+6.6590  mean=+1.0708  std=1.7916
    GNNExplainer                : min=+0.0000  max=+1.0000  mean=+0.4545  std=0.4979
  [WRONG  ] Graph 1194 | true=0 pred=1 | nodes= 11 edges= 20
    GradExplainer               : min=-56.0563  max=+131.3161  mean=+44.2683  std=53.3596
    IntegratedGradExplainer     : min=-0.4852  max=+1.4263  mean=+0.2477  std=0.5864
    GNNExplainer                : min=+0.0000  max=+1.0000  mean=+0.5455  std=0.4979
  [CORRECT] Graph 1195 | true=1 pred=1 | nodes= 11 edges= 20
    GradExplainer               : min=-0.0093  max=+0.0118  mean=-0.0018  std=0.0058
    IntegratedGradExplainer     : min=-0.5292  max=+0.0765  mean=-0.0511  std=0.1604
    GNNExplainer                : min=+0.0000  max=+1.0000  mean=+0.7273  std=0.4454
  [CORRECT] Graph 1196 | true=1 pred=1 | nodes= 11 edges= 20
    GradExplainer               : min=-0.4527  max=+0.1056  mean=-0.0869  std=0.1382
    IntegratedGradExplainer     : min=-0.6206  max=+0.2315  mean=-0.0383  std=0.1993
    GNNExplainer                : min=+0.0000  max=+1.0000  mean=+0.4545  std=0.4979
  [WRONG  ] Graph 1197 | true=0 pred=1 | nodes= 11 edges= 20
    GradExplainer               : min=-21.7795  max=+40.9698  mean=+8.8507  std=15.1497
    IntegratedGradExplainer     : min=-0.8761  max=+0.6662  mean=+0.0469  std=0.4198
    GNNExplainer                : min=+0.0000  max=+1.0000  mean=+0.7273  std=0.4454
  [WRONG  ] Graph 1198 | true=1 pred=0 | nodes= 11 edges= 20
    GradExplainer               : min=-73.6816  max=+10.8344  mean=-14.2362  std=22.1351
    IntegratedGradExplainer     : min=-0.4746  max=+2.3240  mean=+0.5160  std=0.8896
    GNNExplainer                : min=+0.0000  max=+1.0000  mean=+0.9091  std=0.2875
  [CORRECT] Graph 1199 | true=1 pred=1 | nodes= 11 edges= 20
    GradExplainer               : min=-30.1504  max=+20.1576  mean=-3.5737  std=13.5305
    IntegratedGradExplainer     : min=-0.3943  max=+0.5698  mean=+0.0466  std=0.2616
    GNNExplainer                : min=+0.0000  max=+1.0000  mean=+0.7273  std=0.4454
  [CORRECT] Graph 1200 | true=1 pred=1 | nodes= 11 edges= 20
    GradExplainer               : min=-1.6539  max=+2.0540  mean=+0.0450  std=0.8183
    IntegratedGradExplainer     : min=-0.6604  max=+0.2325  mean=-0.0393  std=0.2806
    GNNExplainer                : min=+0.0000  max=+1.0000  mean=+0.7273  std=0.4454
  [CORRECT] Graph 1201 | true=1 pred=1 | nodes= 11 edges= 20
    GradExplainer               : min=-5.7092  max=+1.3601  mean=-1.1836  std=2.0809
    IntegratedGradExplainer     : min=-3.2797  max=+4.2051  mean=-0.0080  std=1.8841
    GNNExplainer                : min=+0.0000  max=+1.0000  mean=+0.6364  std=0.4810
  [CORRECT] Graph 1202 | true=1 pred=1 | nodes= 11 edges= 20
    GradExplainer               : min=-71.7425  max=+0.8957  mean=-13.6595  std=20.3771
    IntegratedGradExplainer     : min=-0.3527  max=+0.3531  mean=-0.0008  std=0.1669
    GNNExplainer                : min=+0.0000  max=+1.0000  mean=+0.6364  std=0.4810
  [CORRECT] Graph 1203 | true=1 pred=1 | nodes= 11 edges= 20
    GradExplainer               : min=-0.0198  max=+0.1560  mean=+0.0116  std=0.0485
    IntegratedGradExplainer     : min=-0.5575  max=+0.4092  mean=-0.0450  std=0.2144
    GNNExplainer                : min=+0.0000  max=+1.0000  mean=+0.7273  std=0.4454
  [WRONG  ] Graph 1204 | true=0 pred=1 | nodes= 11 edges= 20
    GradExplainer               : min=-7.1700  max=+26.0203  mean=+6.8037  std=8.5369
    IntegratedGradExplainer     : min=-5.7425  max=+3.0873  mean=+0.1214  std=2.1563
    GNNExplainer                : min=+0.0000  max=+1.0000  mean=+0.8182  std=0.3857
  [WRONG  ] Graph 1205 | true=0 pred=1 | nodes= 11 edges= 20
    GradExplainer               : min=-31.4792  max=+64.7898  mean=-0.7682  std=23.2632
    IntegratedGradExplainer     : min=-1.4500  max=+5.0808  mean=+0.4051  std=1.6516
    GNNExplainer                : min=+0.0000  max=+1.0000  mean=+0.6364  std=0.4810
  [CORRECT] Graph 1206 | true=0 pred=0 | nodes= 11 edges= 20
    GradExplainer               : min=-0.9277  max=+9.6019  mean=+0.7483  std=2.9239
    IntegratedGradExplainer     : min=-0.2321  max=+0.0096  mean=-0.0656  std=0.0708
    GNNExplainer                : min=+0.0000  max=+1.0000  mean=+0.5455  std=0.4979
  [WRONG  ] Graph 1207 | true=0 pred=1 | nodes= 11 edges= 20
    GradExplainer               : min=-3.8645  max=+140.1059  mean=+32.5207  std=42.4013
    IntegratedGradExplainer     : min=-0.5705  max=+1.7857  mean=+0.2915  std=0.6712
    GNNExplainer                : min=+0.0000  max=+1.0000  mean=+0.5455  std=0.4979
  [CORRECT] Graph 1208 | true=1 pred=1 | nodes= 11 edges= 20
    GradExplainer               : min=-5.0655  max=+0.7546  mean=-0.6035  std=1.5124
    IntegratedGradExplainer     : min=-0.5641  max=+0.2154  mean=-0.0417  std=0.1928
    GNNExplainer                : min=+0.0000  max=+1.0000  mean=+0.4545  std=0.4979
  [WRONG  ] Graph 1209 | true=1 pred=0 | nodes= 11 edges= 20
    GradExplainer               : min=-75.1066  max=+14.9944  mean=-18.8554  std=23.6832
    IntegratedGradExplainer     : min=-3.0728  max=+3.9389  mean=+0.1993  std=1.7090
    GNNExplainer                : min=+0.0000  max=+1.0000  mean=+0.5455  std=0.4979
  [WRONG  ] Graph 1210 | true=1 pred=0 | nodes= 11 edges= 20
    GradExplainer               : min=-135.5183  max=+49.4022  mean=-13.4797  std=45.6859
    IntegratedGradExplainer     : min=-0.9534  max=+3.0315  mean=+0.1752  std=0.9842
    GNNExplainer                : min=+0.0000  max=+1.0000  mean=+0.5455  std=0.4979
  [WRONG  ] Graph 1211 | true=0 pred=1 | nodes= 11 edges= 20
    GradExplainer               : min=-3.3441  max=+1.2096  mean=-0.7548  std=1.0133
    IntegratedGradExplainer     : min=-1.0226  max=+0.5621  mean=-0.0460  std=0.3766
    GNNExplainer                : min=+0.0000  max=+1.0000  mean=+0.9091  std=0.2875
  [CORRECT] Graph 1212 | true=0 pred=0 | nodes= 11 edges= 20
    GradExplainer               : min=-1.3303  max=+0.0070  mean=-0.2554  std=0.3911
    IntegratedGradExplainer     : min=-0.2336  max=+0.0643  mean=-0.0829  std=0.0819
    GNNExplainer                : min=+0.0000  max=+1.0000  mean=+0.9091  std=0.2875
  [CORRECT] Graph 1213 | true=1 pred=1 | nodes= 11 edges= 20
    GradExplainer               : min=-102.3158  max=+2.7142  mean=-33.5244  std=40.8253
    IntegratedGradExplainer     : min=-1.1782  max=+1.3393  mean=+0.0272  std=0.7343
    GNNExplainer                : min=+0.0000  max=+1.0000  mean=+0.5455  std=0.4979
  [CORRECT] Graph 1214 | true=1 pred=1 | nodes= 11 edges= 20
    GradExplainer               : min=-19.8180  max=-0.2120  mean=-4.1318  std=5.7203
    IntegratedGradExplainer     : min=-0.6918  max=+0.4473  mean=-0.0482  std=0.2803
    GNNExplainer                : min=+0.0000  max=+1.0000  mean=+0.7273  std=0.4454
  [WRONG  ] Graph 1215 | true=0 pred=1 | nodes= 11 edges= 20
    GradExplainer               : min=+4.1018  max=+64.0992  mean=+25.3238  std=20.7479
    IntegratedGradExplainer     : min=-1.7385  max=+1.8325  mean=+0.1340  std=0.8707
    GNNExplainer                : min=+0.0000  max=+1.0000  mean=+0.8182  std=0.3857
  [CORRECT] Graph 1216 | true=0 pred=0 | nodes= 11 edges= 20
    GradExplainer               : min=-0.2476  max=+1.3156  mean=+0.2491  std=0.4339
    IntegratedGradExplainer     : min=-0.6150  max=+0.0908  mean=-0.0870  std=0.1881
    GNNExplainer                : min=+0.0000  max=+1.0000  mean=+0.6364  std=0.4810
  [WRONG  ] Graph 1217 | true=0 pred=1 | nodes= 11 edges= 20
    GradExplainer               : min=-12.4586  max=+75.8389  mean=+10.2738  std=24.3066
    IntegratedGradExplainer     : min=-1.0758  max=+2.4777  mean=+0.3852  std=1.0056
    GNNExplainer                : min=+0.0000  max=+1.0000  mean=+0.7273  std=0.4454
  [WRONG  ] Graph 1218 | true=0 pred=1 | nodes= 11 edges= 20
    GradExplainer               : min=-86.0526  max=+29.6718  mean=-6.8779  std=28.6570
    IntegratedGradExplainer     : min=-2.4827  max=+1.8066  mean=+0.0421  std=1.0905
    GNNExplainer                : min=+0.0000  max=+1.0000  mean=+0.5455  std=0.4979
  [CORRECT] Graph 1219 | true=1 pred=1 | nodes= 11 edges= 20
    GradExplainer               : min=-28.6667  max=+2.1815  mean=-5.0933  std=8.6607
    IntegratedGradExplainer     : min=-0.6151  max=+0.4394  mean=-0.0389  std=0.2683
    GNNExplainer                : min=+0.0000  max=+1.0000  mean=+0.4545  std=0.4979
  [CORRECT] Graph 1220 | true=1 pred=1 | nodes= 11 edges= 20
    GradExplainer               : min=-0.4439  max=+0.5585  mean=-0.0206  std=0.2448
    IntegratedGradExplainer     : min=-0.6082  max=+0.3114  mean=-0.0456  std=0.2072
    GNNExplainer                : min=+0.0000  max=+1.0000  mean=+0.8182  std=0.3857
  [CORRECT] Graph 1221 | true=0 pred=0 | nodes= 11 edges= 20
    GradExplainer               : min=-0.0049  max=+0.0441  mean=+0.0065  std=0.0135
    IntegratedGradExplainer     : min=-0.3807  max=+0.1582  mean=-0.0871  std=0.1420
    GNNExplainer                : min=+0.0000  max=+1.0000  mean=+0.5455  std=0.4979
  [WRONG  ] Graph 1222 | true=0 pred=1 | nodes= 11 edges= 20
    GradExplainer               : min=-31.2678  max=+44.9794  mean=+14.1589  std=20.0469
    IntegratedGradExplainer     : min=-1.2914  max=+1.3390  mean=+0.1704  std=0.6339
    GNNExplainer                : min=+0.0000  max=+1.0000  mean=+0.6364  std=0.4810
  [CORRECT] Graph 1223 | true=1 pred=1 | nodes= 11 edges= 20
    GradExplainer               : min=-7.5371  max=+0.9186  mean=-1.5068  std=2.5708
    IntegratedGradExplainer     : min=-0.2405  max=+0.2407  mean=-0.0407  std=0.1350
    GNNExplainer                : min=+0.0000  max=+1.0000  mean=+0.7273  std=0.4454
  [CORRECT] Graph 1224 | true=0 pred=0 | nodes= 11 edges= 20
    GradExplainer               : min=-0.0481  max=+0.4369  mean=+0.0827  std=0.1270
    IntegratedGradExplainer     : min=-0.2488  max=+0.0300  mean=-0.0876  std=0.0785
    GNNExplainer                : min=+0.0000  max=+1.0000  mean=+0.7273  std=0.4454
  [WRONG  ] Graph 1225 | true=0 pred=1 | nodes= 11 edges= 20
    GradExplainer               : min=-17.6296  max=+47.3974  mean=+2.8444  std=16.9102
    IntegratedGradExplainer     : min=-1.2072  max=+3.2205  mean=+0.1669  std=1.1429
    GNNExplainer                : min=+0.0000  max=+1.0000  mean=+0.7273  std=0.4454
  [WRONG  ] Graph 1226 | true=0 pred=1 | nodes= 11 edges= 20
    GradExplainer               : min=-14.9139  max=+4.8368  mean=-2.3601  std=6.4033
    IntegratedGradExplainer     : min=-1.3339  max=+2.5590  mean=+0.1168  std=0.9531
    GNNExplainer                : min=+0.0000  max=+1.0000  mean=+0.8182  std=0.3857
  [WRONG  ] Graph 1227 | true=1 pred=0 | nodes= 11 edges= 20
    GradExplainer               : min=-39.8595  max=+0.2928  mean=-12.4477  std=11.3377
    IntegratedGradExplainer     : min=-2.2650  max=+3.4757  mean=+0.3828  std=1.3457
    GNNExplainer                : min=+0.0000  max=+1.0000  mean=+0.8182  std=0.3857
  [WRONG  ] Graph 1228 | true=0 pred=1 | nodes= 11 edges= 20
    GradExplainer               : min=-19.3537  max=+47.0215  mean=+5.5046  std=21.3004
    IntegratedGradExplainer     : min=-2.5981  max=+2.7025  mean=+0.1747  std=1.3978
    GNNExplainer                : min=+0.0000  max=+1.0000  mean=+0.6364  std=0.4810
  [CORRECT] Graph 1229 | true=0 pred=0 | nodes= 11 edges= 20
    GradExplainer               : min=-0.9746  max=+0.2836  mean=-0.1704  std=0.4127
    IntegratedGradExplainer     : min=-0.2040  max=+0.0121  mean=-0.0860  std=0.0726
    GNNExplainer                : min=+0.0000  max=+1.0000  mean=+0.6364  std=0.4810
  [CORRECT] Graph 1230 | true=1 pred=1 | nodes= 11 edges= 20
    GradExplainer               : min=-0.0000  max=+0.0000  mean=-0.0000  std=0.0000
    IntegratedGradExplainer     : min=-0.5599  max=+0.6713  mean=-0.0340  std=0.2993
    GNNExplainer                : min=+0.0000  max=+1.0000  mean=+0.9091  std=0.2875
  [WRONG  ] Graph 1231 | true=0 pred=1 | nodes= 11 edges= 20
    GradExplainer               : min=-8.7230  max=+11.6343  mean=+0.1230  std=4.6595
    IntegratedGradExplainer     : min=-0.5686  max=+0.5914  mean=+0.0010  std=0.3140
    GNNExplainer                : min=+0.0000  max=+1.0000  mean=+0.8182  std=0.3857
  [WRONG  ] Graph 1232 | true=1 pred=0 | nodes= 11 edges= 20
    GradExplainer               : min=-58.8275  max=+43.2855  mean=-10.3663  std=26.5267
    IntegratedGradExplainer     : min=-0.3732  max=+1.1301  mean=+0.0737  std=0.3932
    GNNExplainer                : min=+0.0000  max=+1.0000  mean=+0.6364  std=0.4810
  [CORRECT] Graph 1233 | true=0 pred=0 | nodes= 11 edges= 20
    GradExplainer               : min=-0.3433  max=+0.0943  mean=-0.0199  std=0.1077
    IntegratedGradExplainer     : min=-0.2345  max=+0.0684  mean=-0.0689  std=0.0939
    GNNExplainer                : min=+0.0000  max=+1.0000  mean=+0.5455  std=0.4979
  [CORRECT] Graph 1234 | true=1 pred=1 | nodes= 11 edges= 20
    GradExplainer               : min=-1.1614  max=+0.2423  mean=-0.1579  std=0.3483
    IntegratedGradExplainer     : min=-0.5371  max=+0.2673  mean=-0.0440  std=0.2188
    GNNExplainer                : min=+0.0000  max=+1.0000  mean=+0.6364  std=0.4810
  [CORRECT] Graph 1235 | true=0 pred=0 | nodes= 11 edges= 20
    GradExplainer               : min=-0.0758  max=+0.1272  mean=+0.0227  std=0.0508
    IntegratedGradExplainer     : min=-0.2975  max=+0.0285  mean=-0.0862  std=0.0853
    GNNExplainer                : min=+0.0000  max=+1.0000  mean=+0.7273  std=0.4454
  [CORRECT] Graph 1236 | true=1 pred=1 | nodes= 11 edges= 20
    GradExplainer               : min=-0.0042  max=+0.0064  mean=+0.0001  std=0.0033
    IntegratedGradExplainer     : min=-0.2336  max=+0.0910  mean=-0.0509  std=0.0781
    GNNExplainer                : min=+0.0000  max=+1.0000  mean=+0.5455  std=0.4979
  [CORRECT] Graph 1237 | true=1 pred=1 | nodes= 11 edges= 20
    GradExplainer               : min=-0.0418  max=+0.0598  mean=-0.0001  std=0.0239
    IntegratedGradExplainer     : min=-0.6752  max=+0.1065  mean=-0.0457  std=0.2054
    GNNExplainer                : min=+0.0000  max=+1.0000  mean=+0.5455  std=0.4979
  [WRONG  ] Graph 1238 | true=0 pred=1 | nodes= 11 edges= 20
    GradExplainer               : min=-14.1167  max=+38.2078  mean=+12.4219  std=17.2919
    IntegratedGradExplainer     : min=-1.1292  max=+1.4179  mean=+0.0546  std=0.6839
    GNNExplainer                : min=+0.0000  max=+1.0000  mean=+0.7273  std=0.4454
  [WRONG  ] Graph 1239 | true=1 pred=0 | nodes= 11 edges= 20
    GradExplainer               : min=-7.8865  max=+25.8757  mean=+1.8154  std=8.0998
    IntegratedGradExplainer     : min=-1.0537  max=+3.2138  mean=+0.3251  std=0.9993
    GNNExplainer                : min=+0.0000  max=+1.0000  mean=+0.5455  std=0.4979
  [CORRECT] Graph 1240 | true=0 pred=0 | nodes= 11 edges= 20
    GradExplainer               : min=-0.0499  max=+0.0177  mean=-0.0036  std=0.0169
    IntegratedGradExplainer     : min=-0.2284  max=+0.0074  mean=-0.0884  std=0.0636
    GNNExplainer                : min=+0.0000  max=+1.0000  mean=+0.9091  std=0.2875
  [CORRECT] Graph 1241 | true=0 pred=0 | nodes= 11 edges= 20
    GradExplainer               : min=-0.0012  max=+0.0037  mean=+0.0005  std=0.0013
    IntegratedGradExplainer     : min=-0.6195  max=+0.1042  mean=-0.0741  std=0.1985
    GNNExplainer                : min=+0.0000  max=+1.0000  mean=+0.5455  std=0.4979
  [CORRECT] Graph 1242 | true=0 pred=0 | nodes= 11 edges= 20
    GradExplainer               : min=-0.1327  max=+0.1490  mean=-0.0027  std=0.0643
    IntegratedGradExplainer     : min=-0.2330  max=+0.0253  mean=-0.0846  std=0.0785
    GNNExplainer                : min=+0.0000  max=+1.0000  mean=+0.6364  std=0.4810
  [CORRECT] Graph 1243 | true=0 pred=0 | nodes= 11 edges= 20
    GradExplainer               : min=+0.0001  max=+0.0009  mean=+0.0003  std=0.0003
    IntegratedGradExplainer     : min=-0.3067  max=+0.1993  mean=-0.0787  std=0.1446
    GNNExplainer                : min=+0.0000  max=+1.0000  mean=+0.3636  std=0.4810
  [CORRECT] Graph 1244 | true=0 pred=0 | nodes= 11 edges= 20
    GradExplainer               : min=-3.4041  max=-0.1740  mean=-0.9385  std=0.9768
    IntegratedGradExplainer     : min=-0.3063  max=+0.1305  mean=-0.0773  std=0.1001
    GNNExplainer                : min=+0.0000  max=+1.0000  mean=+0.6364  std=0.4810
  [CORRECT] Graph 1245 | true=0 pred=0 | nodes= 11 edges= 20
    GradExplainer               : min=-0.1940  max=+0.0873  mean=-0.0391  std=0.0746
    IntegratedGradExplainer     : min=-0.4864  max=+0.1006  mean=-0.0870  std=0.1816
    GNNExplainer                : min=+0.0000  max=+1.0000  mean=+0.8182  std=0.3857
  [CORRECT] Graph 1246 | true=0 pred=0 | nodes= 11 edges= 20
    GradExplainer               : min=-0.0111  max=+0.0386  mean=+0.0030  std=0.0121
    IntegratedGradExplainer     : min=-0.3355  max=+0.0171  mean=-0.0870  std=0.1182
    GNNExplainer                : min=+0.0000  max=+1.0000  mean=+0.8182  std=0.3857
  [CORRECT] Graph 1247 | true=0 pred=0 | nodes= 11 edges= 20
    GradExplainer               : min=-0.0173  max=+0.0692  mean=+0.0040  std=0.0230
    IntegratedGradExplainer     : min=-0.3947  max=+0.0710  mean=-0.0862  std=0.1400
    GNNExplainer                : min=+0.0000  max=+1.0000  mean=+0.7273  std=0.4454
  [WRONG  ] Graph 1248 | true=1 pred=0 | nodes= 11 edges= 20
    GradExplainer               : min=-18.9977  max=+221.8389  mean=+54.2027  std=70.9544
    IntegratedGradExplainer     : min=-2.9097  max=+2.1890  mean=+0.2962  std=1.3086
    GNNExplainer                : min=+0.0000  max=+1.0000  mean=+0.7273  std=0.4454
  [CORRECT] Graph 1249 | true=1 pred=1 | nodes= 11 edges= 20
    GradExplainer               : min=-0.0023  max=-0.0002  mean=-0.0009  std=0.0008
    IntegratedGradExplainer     : min=-0.4082  max=+0.3600  mean=-0.0401  std=0.2275
    GNNExplainer                : min=+0.0000  max=+1.0000  mean=+0.7273  std=0.4454
  [CORRECT] Graph 1250 | true=1 pred=1 | nodes= 11 edges= 20
    GradExplainer               : min=-27.0083  max=-0.9952  mean=-6.0909  std=7.7710
    IntegratedGradExplainer     : min=-1.2367  max=+0.4236  mean=-0.0260  std=0.4023
    GNNExplainer                : min=+0.0000  max=+1.0000  mean=+0.7273  std=0.4454
  [WRONG  ] Graph 1251 | true=0 pred=1 | nodes= 11 edges= 20
    GradExplainer               : min=-2.7905  max=+164.8934  mean=+45.9638  std=58.3271
    IntegratedGradExplainer     : min=-0.8052  max=+4.6606  mean=+0.7205  std=1.3338
    GNNExplainer                : min=+0.0000  max=+1.0000  mean=+0.7273  std=0.4454
  [CORRECT] Graph 1252 | true=0 pred=0 | nodes= 11 edges= 20
    GradExplainer               : min=-0.5152  max=+0.9250  mean=+0.0890  std=0.3547
    IntegratedGradExplainer     : min=-0.4134  max=+0.1855  mean=-0.0825  std=0.1935
    GNNExplainer                : min=+0.0000  max=+1.0000  mean=+0.8182  std=0.3857
  [CORRECT] Graph 1253 | true=1 pred=1 | nodes= 11 edges= 20
    GradExplainer               : min=-0.0324  max=+0.0604  mean=+0.0055  std=0.0230
    IntegratedGradExplainer     : min=-0.2494  max=+0.1123  mean=-0.0458  std=0.0942
    GNNExplainer                : min=+0.0000  max=+1.0000  mean=+0.6364  std=0.4810
  [WRONG  ] Graph 1254 | true=1 pred=0 | nodes= 11 edges= 20
    GradExplainer               : min=-156.6947  max=+26.7798  mean=-25.5562  std=45.5255
    IntegratedGradExplainer     : min=-1.7721  max=+3.6168  mean=+0.2008  std=1.2409
    GNNExplainer                : min=+1.0000  max=+1.0000  mean=+1.0000  std=0.0000
  [WRONG  ] Graph 1255 | true=1 pred=0 | nodes= 11 edges= 20
    GradExplainer               : min=-9.6403  max=+31.0631  mean=+4.4741  std=9.6921
    IntegratedGradExplainer     : min=-1.0095  max=+1.2549  mean=+0.0765  std=0.5095
    GNNExplainer                : min=+0.0000  max=+1.0000  mean=+0.6364  std=0.4810
  [WRONG  ] Graph 1256 | true=0 pred=1 | nodes= 11 edges= 20
    GradExplainer               : min=-45.3334  max=+20.0592  mean=-10.4419  std=15.1123
    IntegratedGradExplainer     : min=-2.4409  max=+5.2584  mean=+0.8882  std=2.0626
    GNNExplainer                : min=+0.0000  max=+1.0000  mean=+0.5455  std=0.4979
  [CORRECT] Graph 1257 | true=0 pred=0 | nodes= 11 edges= 20
    GradExplainer               : min=-6.8730  max=+12.9077  mean=+0.6105  std=4.6891
    IntegratedGradExplainer     : min=-0.2208  max=-0.0058  mean=-0.0774  std=0.0695
    GNNExplainer                : min=+0.0000  max=+1.0000  mean=+0.4545  std=0.4979
  [WRONG  ] Graph 1258 | true=1 pred=0 | nodes= 11 edges= 20
    GradExplainer               : min=+5.1204  max=+73.1338  mean=+18.7987  std=19.3446
    IntegratedGradExplainer     : min=-0.0266  max=+3.4290  mean=+0.5969  std=0.9451
    GNNExplainer                : min=+0.0000  max=+1.0000  mean=+0.6364  std=0.4810
  [CORRECT] Graph 1259 | true=0 pred=0 | nodes= 11 edges= 20
    GradExplainer               : min=-0.0004  max=+0.0005  mean=+0.0001  std=0.0003
    IntegratedGradExplainer     : min=-0.5997  max=+0.1208  mean=-0.0837  std=0.1894
    GNNExplainer                : min=+0.0000  max=+1.0000  mean=+0.7273  std=0.4454
  [CORRECT] Graph 1260 | true=0 pred=0 | nodes= 11 edges= 20
    GradExplainer               : min=-13.9330  max=-0.4766  mean=-4.9529  std=5.0176
    IntegratedGradExplainer     : min=-0.3258  max=+0.5015  mean=-0.0600  std=0.2155
    GNNExplainer                : min=+0.0000  max=+1.0000  mean=+0.7273  std=0.4454
  [CORRECT] Graph 1261 | true=0 pred=0 | nodes= 11 edges= 20
    GradExplainer               : min=-0.2775  max=+2.2721  mean=+0.2729  std=0.6751
    IntegratedGradExplainer     : min=-0.4113  max=+0.2562  mean=-0.0853  std=0.1748
    GNNExplainer                : min=+0.0000  max=+1.0000  mean=+0.3636  std=0.4810
  [CORRECT] Graph 1262 | true=0 pred=0 | nodes= 11 edges= 20
    GradExplainer               : min=-0.0003  max=+0.0002  mean=+0.0000  std=0.0001
    IntegratedGradExplainer     : min=-0.4313  max=+0.2975  mean=-0.0873  std=0.1730
    GNNExplainer                : min=+0.0000  max=+1.0000  mean=+0.4545  std=0.4979
  [CORRECT] Graph 1263 | true=1 pred=1 | nodes= 11 edges= 20
    GradExplainer               : min=-3.0126  max=+1.5525  mean=+0.1599  std=1.1535
    IntegratedGradExplainer     : min=-0.2395  max=+0.2731  mean=-0.0359  std=0.1415
    GNNExplainer                : min=+0.0000  max=+1.0000  mean=+0.6364  std=0.4810
  [CORRECT] Graph 1264 | true=0 pred=0 | nodes= 11 edges= 20
    GradExplainer               : min=-0.5620  max=+3.2637  mean=+0.7531  std=1.2970
    IntegratedGradExplainer     : min=-0.2944  max=+0.1675  mean=-0.0837  std=0.1137
    GNNExplainer                : min=+0.0000  max=+1.0000  mean=+0.8182  std=0.3857
  [CORRECT] Graph 1265 | true=1 pred=1 | nodes= 11 edges= 20
    GradExplainer               : min=-1.1112  max=+0.5669  mean=-0.0750  std=0.3994
    IntegratedGradExplainer     : min=-0.5233  max=+0.1736  mean=-0.0526  std=0.1756
    GNNExplainer                : min=+0.0000  max=+1.0000  mean=+0.9091  std=0.2875
  [CORRECT] Graph 1266 | true=1 pred=1 | nodes= 11 edges= 20
    GradExplainer               : min=-10.3827  max=+0.4494  mean=-2.3761  std=3.1385
    IntegratedGradExplainer     : min=-1.2385  max=+1.3213  mean=-0.0368  std=0.6497
    GNNExplainer                : min=+0.0000  max=+1.0000  mean=+0.8182  std=0.3857
  [CORRECT] Graph 1267 | true=1 pred=1 | nodes= 11 edges= 20
    GradExplainer               : min=-0.4510  max=+0.2769  mean=-0.0081  std=0.1951
    IntegratedGradExplainer     : min=-1.6287  max=+3.0491  mean=-0.0451  std=1.1622
    GNNExplainer                : min=+0.0000  max=+1.0000  mean=+0.7273  std=0.4454
  [WRONG  ] Graph 1268 | true=0 pred=1 | nodes= 11 edges= 20
    GradExplainer               : min=-7.0984  max=+110.9638  mean=+22.9450  std=39.5233
    IntegratedGradExplainer     : min=-2.7997  max=+2.9062  mean=+0.0276  std=1.2360
    GNNExplainer                : min=+0.0000  max=+1.0000  mean=+0.7273  std=0.4454
  [CORRECT] Graph 1269 | true=0 pred=0 | nodes= 11 edges= 20
    GradExplainer               : min=-0.0033  max=+0.0011  mean=-0.0002  std=0.0011
    IntegratedGradExplainer     : min=-0.6961  max=+0.3030  mean=-0.0903  std=0.2515
    GNNExplainer                : min=+0.0000  max=+1.0000  mean=+0.5455  std=0.4979
  [CORRECT] Graph 1270 | true=1 pred=1 | nodes= 11 edges= 20
    GradExplainer               : min=-0.1976  max=+0.0813  mean=-0.0256  std=0.0723
    IntegratedGradExplainer     : min=-0.5036  max=+0.6764  mean=-0.0414  std=0.3295
    GNNExplainer                : min=+0.0000  max=+1.0000  mean=+0.5455  std=0.4979
  [CORRECT] Graph 1271 | true=0 pred=0 | nodes= 11 edges= 20
    GradExplainer               : min=+0.0112  max=+0.3694  mean=+0.1117  std=0.1257
    IntegratedGradExplainer     : min=-0.3400  max=+0.0302  mean=-0.0827  std=0.1101
    GNNExplainer                : min=+0.0000  max=+1.0000  mean=+0.7273  std=0.4454
  [CORRECT] Graph 1272 | true=0 pred=0 | nodes= 11 edges= 20
    GradExplainer               : min=+0.0454  max=+1.5441  mean=+0.2845  std=0.4373
    IntegratedGradExplainer     : min=-0.4156  max=+0.3107  mean=-0.0865  std=0.1798
    GNNExplainer                : min=+0.0000  max=+1.0000  mean=+0.9091  std=0.2875
  [CORRECT] Graph 1273 | true=0 pred=0 | nodes= 11 edges= 20
    GradExplainer               : min=-0.0703  max=+0.0545  mean=+0.0017  std=0.0277
    IntegratedGradExplainer     : min=-0.3849  max=+0.0376  mean=-0.0820  std=0.1122
    GNNExplainer                : min=+0.0000  max=+1.0000  mean=+0.7273  std=0.4454
  [WRONG  ] Graph 1274 | true=0 pred=1 | nodes= 11 edges= 20
    GradExplainer               : min=-32.5655  max=+50.8975  mean=+4.4382  std=22.8514
    IntegratedGradExplainer     : min=-0.4235  max=+0.5648  mean=-0.0380  std=0.2524
    GNNExplainer                : min=+0.0000  max=+1.0000  mean=+0.8182  std=0.3857
  [CORRECT] Graph 1275 | true=1 pred=1 | nodes= 11 edges= 20
    GradExplainer               : min=-0.0006  max=+0.0001  mean=-0.0001  std=0.0002
    IntegratedGradExplainer     : min=-0.3551  max=+0.5336  mean=-0.0497  std=0.2270
    GNNExplainer                : min=+0.0000  max=+1.0000  mean=+0.4545  std=0.4979
  [WRONG  ] Graph 1276 | true=1 pred=0 | nodes= 11 edges= 20
    GradExplainer               : min=-27.4323  max=+45.8792  mean=+11.3545  std=17.2017
    IntegratedGradExplainer     : min=-2.3482  max=+3.3408  mean=+0.4564  std=1.5135
    GNNExplainer                : min=+0.0000  max=+1.0000  mean=+0.4545  std=0.4979
  [CORRECT] Graph 1277 | true=1 pred=1 | nodes= 11 edges= 20
    GradExplainer               : min=-0.0034  max=+0.0052  mean=+0.0015  std=0.0022
    IntegratedGradExplainer     : min=-1.2033  max=+0.6872  mean=-0.0460  std=0.4451
    GNNExplainer                : min=+0.0000  max=+1.0000  mean=+0.7273  std=0.4454
  [CORRECT] Graph 1278 | true=1 pred=1 | nodes= 11 edges= 20
    GradExplainer               : min=-9.7232  max=+4.4723  mean=-0.3134  std=3.4001
    IntegratedGradExplainer     : min=-1.4487  max=+1.1056  mean=-0.0274  std=0.5980
    GNNExplainer                : min=+0.0000  max=+1.0000  mean=+0.7273  std=0.4454
  [CORRECT] Graph 1279 | true=0 pred=0 | nodes= 11 edges= 20
    GradExplainer               : min=-0.0813  max=-0.0094  mean=-0.0385  std=0.0267
    IntegratedGradExplainer     : min=-0.2283  max=-0.0217  mean=-0.0880  std=0.0666
    GNNExplainer                : min=+0.0000  max=+1.0000  mean=+0.8182  std=0.3857
  [CORRECT] Graph 1280 | true=0 pred=0 | nodes= 11 edges= 20
    GradExplainer               : min=-0.0000  max=+0.0030  mean=+0.0009  std=0.0011
    IntegratedGradExplainer     : min=-0.4812  max=+0.1240  mean=-0.0858  std=0.1440
    GNNExplainer                : min=+0.0000  max=+1.0000  mean=+0.5455  std=0.4979
  [CORRECT] Graph 1281 | true=0 pred=0 | nodes= 11 edges= 20
    GradExplainer               : min=-0.3539  max=+2.3534  mean=+0.2692  std=0.7289
    IntegratedGradExplainer     : min=-0.5525  max=+0.6084  mean=-0.0855  std=0.3179
    GNNExplainer                : min=+0.0000  max=+1.0000  mean=+0.7273  std=0.4454
  [CORRECT] Graph 1282 | true=0 pred=0 | nodes= 11 edges= 20
    GradExplainer               : min=-0.0001  max=+0.0001  mean=+0.0001  std=0.0001
    IntegratedGradExplainer     : min=-0.3625  max=+0.0087  mean=-0.0874  std=0.0964
    GNNExplainer                : min=+0.0000  max=+1.0000  mean=+0.6364  std=0.4810
  [CORRECT] Graph 1283 | true=0 pred=0 | nodes= 11 edges= 20
    GradExplainer               : min=-0.0312  max=+0.0565  mean=+0.0096  std=0.0219
    IntegratedGradExplainer     : min=-0.3150  max=+0.0567  mean=-0.0850  std=0.1056
    GNNExplainer                : min=+0.0000  max=+1.0000  mean=+0.4545  std=0.4979
  [CORRECT] Graph 1284 | true=1 pred=1 | nodes= 11 edges= 20
    GradExplainer               : min=-0.0908  max=+0.0303  mean=-0.0133  std=0.0355
    IntegratedGradExplainer     : min=-0.2673  max=+0.1416  mean=-0.0410  std=0.1178
    GNNExplainer                : min=+0.0000  max=+1.0000  mean=+0.6364  std=0.4810
  [WRONG  ] Graph 1285 | true=0 pred=1 | nodes= 11 edges= 20
    GradExplainer               : min=-44.1348  max=+29.6996  mean=-6.9890  std=18.8256
    IntegratedGradExplainer     : min=-1.1475  max=+2.2464  mean=+0.4060  std=0.9709
    GNNExplainer                : min=+0.0000  max=+1.0000  mean=+0.7273  std=0.4454
  [CORRECT] Graph 1286 | true=1 pred=1 | nodes= 11 edges= 20
    GradExplainer               : min=-10.7930  max=+2.2612  mean=-2.8205  std=3.5189
    IntegratedGradExplainer     : min=-0.5306  max=+0.2977  mean=-0.0399  std=0.2257
    GNNExplainer                : min=+0.0000  max=+1.0000  mean=+0.7273  std=0.4454
  [CORRECT] Graph 1287 | true=0 pred=0 | nodes= 11 edges= 20
    GradExplainer               : min=-5.5160  max=+12.7991  mean=+1.6141  std=4.4209
    IntegratedGradExplainer     : min=-5.6793  max=+4.1306  mean=-0.0354  std=2.3627
    GNNExplainer                : min=+0.0000  max=+1.0000  mean=+0.6364  std=0.4810
  [WRONG  ] Graph 1288 | true=0 pred=1 | nodes= 11 edges= 20
    GradExplainer               : min=-10.4153  max=+33.5987  mean=+5.1352  std=10.7537
    IntegratedGradExplainer     : min=-0.2376  max=+0.1883  mean=+0.0222  std=0.1162
    GNNExplainer                : min=+0.0000  max=+1.0000  mean=+0.8182  std=0.3857
  [CORRECT] Graph 1289 | true=0 pred=0 | nodes= 11 edges= 20
    GradExplainer               : min=-0.4386  max=+0.0070  mean=-0.0893  std=0.1237
    IntegratedGradExplainer     : min=-0.6800  max=+0.2457  mean=-0.0863  std=0.2130
    GNNExplainer                : min=+0.0000  max=+1.0000  mean=+0.7273  std=0.4454
  [WRONG  ] Graph 1290 | true=0 pred=1 | nodes= 11 edges= 20
    GradExplainer               : min=-22.8160  max=+213.4821  mean=+36.6767  std=64.1604
    IntegratedGradExplainer     : min=-0.2559  max=+1.5184  mean=+0.0966  std=0.4681
    GNNExplainer                : min=+0.0000  max=+1.0000  mean=+0.6364  std=0.4810
  [CORRECT] Graph 1291 | true=0 pred=0 | nodes= 11 edges= 20
    GradExplainer               : min=-0.1591  max=+0.7250  mean=+0.0496  std=0.2316
    IntegratedGradExplainer     : min=-0.3703  max=+0.0680  mean=-0.0879  std=0.1429
    GNNExplainer                : min=+0.0000  max=+1.0000  mean=+0.8182  std=0.3857
  [CORRECT] Graph 1292 | true=0 pred=0 | nodes= 11 edges= 20
    GradExplainer               : min=-0.0946  max=+0.0089  mean=-0.0142  std=0.0263
    IntegratedGradExplainer     : min=-0.4425  max=+0.0064  mean=-0.0873  std=0.1203
    GNNExplainer                : min=+0.0000  max=+1.0000  mean=+0.5455  std=0.4979
  [CORRECT] Graph 1293 | true=1 pred=1 | nodes= 11 edges= 20
    GradExplainer               : min=-10.3592  max=+19.7576  mean=-0.2012  std=7.2379
    IntegratedGradExplainer     : min=-1.7257  max=+0.8558  mean=-0.0277  std=0.6595
    GNNExplainer                : min=+0.0000  max=+1.0000  mean=+0.6364  std=0.4810
  [WRONG  ] Graph 1294 | true=0 pred=1 | nodes= 11 edges= 20
    GradExplainer               : min=-4.3288  max=+5.2100  mean=+0.9977  std=2.3230
    IntegratedGradExplainer     : min=-0.3258  max=+0.0669  mean=-0.0516  std=0.1223
    GNNExplainer                : min=+0.0000  max=+1.0000  mean=+0.7273  std=0.4454
  [WRONG  ] Graph 1295 | true=0 pred=1 | nodes= 11 edges= 20
    GradExplainer               : min=-79.4678  max=+78.9440  mean=-2.2410  std=41.2830
    IntegratedGradExplainer     : min=-0.4383  max=+8.3412  mean=+0.8025  std=2.4360
    GNNExplainer                : min=+0.0000  max=+1.0000  mean=+0.5455  std=0.4979
  [CORRECT] Graph 1296 | true=1 pred=1 | nodes= 11 edges= 20
    GradExplainer               : min=-0.0013  max=+0.0001  mean=-0.0002  std=0.0004
    IntegratedGradExplainer     : min=-0.3935  max=+0.5719  mean=-0.0469  std=0.2305
    GNNExplainer                : min=+0.0000  max=+1.0000  mean=+0.7273  std=0.4454
  [WRONG  ] Graph 1297 | true=0 pred=1 | nodes= 11 edges= 20
    GradExplainer               : min=-23.8667  max=+26.3703  mean=-0.9754  std=13.9011
    IntegratedGradExplainer     : min=-3.7999  max=+4.4871  mean=+0.4469  std=2.0697
    GNNExplainer                : min=+0.0000  max=+1.0000  mean=+0.7273  std=0.4454
  [CORRECT] Graph 1298 | true=0 pred=0 | nodes= 11 edges= 20
    GradExplainer               : min=-0.1145  max=+0.0597  mean=-0.0010  std=0.0407
    IntegratedGradExplainer     : min=-0.3686  max=+0.1489  mean=-0.0854  std=0.1324
    GNNExplainer                : min=+0.0000  max=+1.0000  mean=+0.5455  std=0.4979
  [CORRECT] Graph 1299 | true=0 pred=0 | nodes= 11 edges= 20
    GradExplainer               : min=-12.4645  max=+15.3735  mean=+2.5591  std=7.0775
    IntegratedGradExplainer     : min=-0.7615  max=+1.0609  mean=-0.0707  std=0.4574
    GNNExplainer                : min=+0.0000  max=+1.0000  mean=+0.8182  std=0.3857
  [CORRECT] Graph 1300 | true=1 pred=1 | nodes= 11 edges= 20
    GradExplainer               : min=-1.4612  max=+0.9807  mean=-0.1477  std=0.5731
    IntegratedGradExplainer     : min=-0.4934  max=+0.1183  mean=-0.0316  std=0.1583
    GNNExplainer                : min=+0.0000  max=+1.0000  mean=+0.6364  std=0.4810
  [CORRECT] Graph 1301 | true=1 pred=1 | nodes= 11 edges= 20
    GradExplainer               : min=-0.3076  max=+0.0157  mean=-0.0615  std=0.0918
    IntegratedGradExplainer     : min=-0.4144  max=+0.2810  mean=-0.0465  std=0.1853
    GNNExplainer                : min=+0.0000  max=+1.0000  mean=+0.7273  std=0.4454
  [CORRECT] Graph 1302 | true=1 pred=1 | nodes= 11 edges= 20
    GradExplainer               : min=-0.0010  max=+0.0001  mean=-0.0002  std=0.0003
    IntegratedGradExplainer     : min=-0.2751  max=+0.0691  mean=-0.0373  std=0.0963
    GNNExplainer                : min=+0.0000  max=+1.0000  mean=+0.5455  std=0.4979
  [CORRECT] Graph 1303 | true=0 pred=0 | nodes= 11 edges= 20
    GradExplainer               : min=-0.9856  max=+0.3495  mean=-0.3361  std=0.3320
    IntegratedGradExplainer     : min=-0.3320  max=+0.0228  mean=-0.0877  std=0.0938
    GNNExplainer                : min=+0.0000  max=+1.0000  mean=+0.7273  std=0.4454
  [CORRECT] Graph 1304 | true=1 pred=1 | nodes= 11 edges= 20
    GradExplainer               : min=-1.6983  max=+4.4720  mean=+0.8896  std=1.6312
    IntegratedGradExplainer     : min=-0.7269  max=+0.4481  mean=-0.0404  std=0.2562
    GNNExplainer                : min=+0.0000  max=+1.0000  mean=+0.9091  std=0.2875
  [CORRECT] Graph 1305 | true=1 pred=1 | nodes= 11 edges= 20
    GradExplainer               : min=-0.0972  max=+0.1283  mean=+0.0150  std=0.0507
    IntegratedGradExplainer     : min=-0.5501  max=+0.2237  mean=-0.0448  std=0.2164
    GNNExplainer                : min=+0.0000  max=+1.0000  mean=+0.5455  std=0.4979
  [WRONG  ] Graph 1306 | true=0 pred=1 | nodes= 11 edges= 20
    GradExplainer               : min=-109.8853  max=+25.3805  mean=-23.2935  std=38.9354
    IntegratedGradExplainer     : min=-5.3708  max=+11.0653  mean=+0.7885  std=3.6983
    GNNExplainer                : min=+0.0000  max=+1.0000  mean=+0.7273  std=0.4454
  [CORRECT] Graph 1307 | true=0 pred=0 | nodes= 11 edges= 20
    GradExplainer               : min=-3.2876  max=+4.4380  mean=+0.6288  std=1.8707
    IntegratedGradExplainer     : min=-0.3015  max=+0.0905  mean=-0.0813  std=0.1275
    GNNExplainer                : min=+0.0000  max=+1.0000  mean=+0.8182  std=0.3857
  [CORRECT] Graph 1308 | true=0 pred=0 | nodes= 11 edges= 20
    GradExplainer               : min=+0.0002  max=+0.0075  mean=+0.0022  std=0.0025
    IntegratedGradExplainer     : min=-0.2287  max=-0.0083  mean=-0.0847  std=0.0691
    GNNExplainer                : min=+0.0000  max=+1.0000  mean=+0.9091  std=0.2875
  [CORRECT] Graph 1309 | true=0 pred=0 | nodes= 11 edges= 20
    GradExplainer               : min=-0.2647  max=+0.0049  mean=-0.0674  std=0.0865
    IntegratedGradExplainer     : min=-0.1788  max=+0.0383  mean=-0.0885  std=0.0642
    GNNExplainer                : min=+0.0000  max=+1.0000  mean=+0.8182  std=0.3857
  [CORRECT] Graph 1310 | true=1 pred=1 | nodes= 11 edges= 20
    GradExplainer               : min=-12.5451  max=+1.2933  mean=-1.8426  std=3.8644
    IntegratedGradExplainer     : min=-0.6313  max=+0.3544  mean=-0.0425  std=0.2810
    GNNExplainer                : min=+0.0000  max=+1.0000  mean=+0.7273  std=0.4454
  [CORRECT] Graph 1311 | true=1 pred=1 | nodes= 11 edges= 20
    GradExplainer               : min=-0.0011  max=+0.0154  mean=+0.0032  std=0.0047
    IntegratedGradExplainer     : min=-0.2381  max=+0.1502  mean=-0.0416  std=0.1170
    GNNExplainer                : min=+0.0000  max=+1.0000  mean=+0.6364  std=0.4810
  [CORRECT] Graph 1312 | true=0 pred=0 | nodes= 11 edges= 20
    GradExplainer               : min=-0.0015  max=+0.0815  mean=+0.0161  std=0.0248
    IntegratedGradExplainer     : min=-0.3160  max=+0.0351  mean=-0.0868  std=0.0943
    GNNExplainer                : min=+0.0000  max=+1.0000  mean=+0.6364  std=0.4810
  [CORRECT] Graph 1313 | true=1 pred=1 | nodes= 11 edges= 20
    GradExplainer               : min=-1.6764  max=+1.2991  mean=-0.3655  std=0.7050
    IntegratedGradExplainer     : min=-1.1706  max=+1.1339  mean=-0.0385  std=0.5358
    GNNExplainer                : min=+0.0000  max=+1.0000  mean=+0.6364  std=0.4810
  [CORRECT] Graph 1314 | true=0 pred=0 | nodes= 11 edges= 20
    GradExplainer               : min=-0.5541  max=+0.1325  mean=-0.1161  std=0.1713
    IntegratedGradExplainer     : min=-0.3035  max=+0.0419  mean=-0.0854  std=0.1020
    GNNExplainer                : min=+0.0000  max=+1.0000  mean=+0.7273  std=0.4454
  [CORRECT] Graph 1315 | true=1 pred=1 | nodes= 11 edges= 20
    GradExplainer               : min=-0.0001  max=+0.0000  mean=-0.0000  std=0.0000
    IntegratedGradExplainer     : min=-0.2982  max=+0.0141  mean=-0.0459  std=0.0824
    GNNExplainer                : min=+0.0000  max=+1.0000  mean=+0.7273  std=0.4454
  [CORRECT] Graph 1316 | true=0 pred=0 | nodes= 11 edges= 20
    GradExplainer               : min=+0.0000  max=+0.0008  mean=+0.0002  std=0.0002
    IntegratedGradExplainer     : min=-0.2624  max=+0.0150  mean=-0.0855  std=0.1014
    GNNExplainer                : min=+0.0000  max=+1.0000  mean=+0.7273  std=0.4454
  [WRONG  ] Graph 1317 | true=1 pred=0 | nodes= 11 edges= 20
    GradExplainer               : min=-13.1537  max=+36.3672  mean=+0.7550  std=12.8498
    IntegratedGradExplainer     : min=-6.4960  max=+3.0269  mean=+0.1465  std=2.4238
    GNNExplainer                : min=+0.0000  max=+1.0000  mean=+0.5455  std=0.4979
  [WRONG  ] Graph 1318 | true=0 pred=1 | nodes= 11 edges= 20
    GradExplainer               : min=-109.8271  max=+273.8951  mean=+54.5676  std=107.4800
    IntegratedGradExplainer     : min=-1.9418  max=+3.4598  mean=+0.4317  std=1.5501
    GNNExplainer                : min=+0.0000  max=+1.0000  mean=+0.9091  std=0.2875
  [WRONG  ] Graph 1319 | true=1 pred=0 | nodes= 11 edges= 20
    GradExplainer               : min=-22.7541  max=+25.1589  mean=-5.0614  std=13.1122
    IntegratedGradExplainer     : min=-0.4527  max=+4.7768  mean=+0.7431  std=1.3077
    GNNExplainer                : min=+0.0000  max=+1.0000  mean=+0.7273  std=0.4454
  [CORRECT] Graph 1320 | true=1 pred=1 | nodes= 11 edges= 20
    GradExplainer               : min=-0.0003  max=+0.0027  mean=+0.0006  std=0.0008
    IntegratedGradExplainer     : min=-0.6965  max=+0.3377  mean=-0.0413  std=0.2397
    GNNExplainer                : min=+0.0000  max=+1.0000  mean=+0.7273  std=0.4454
  [CORRECT] Graph 1321 | true=0 pred=0 | nodes= 11 edges= 20
    GradExplainer               : min=-0.1525  max=+0.0621  mean=-0.0237  std=0.0635
    IntegratedGradExplainer     : min=-0.3900  max=+0.3108  mean=-0.0872  std=0.1731
    GNNExplainer                : min=+0.0000  max=+1.0000  mean=+0.6364  std=0.4810
  [CORRECT] Graph 1322 | true=0 pred=0 | nodes= 11 edges= 20
    GradExplainer               : min=-0.0650  max=+0.0586  mean=+0.0015  std=0.0294
    IntegratedGradExplainer     : min=-0.2240  max=-0.0126  mean=-0.0836  std=0.0676
    GNNExplainer                : min=+0.0000  max=+1.0000  mean=+0.9091  std=0.2875
  [CORRECT] Graph 1323 | true=1 pred=1 | nodes= 11 edges= 20
    GradExplainer               : min=-0.1152  max=+0.0787  mean=-0.0003  std=0.0468
    IntegratedGradExplainer     : min=-1.4420  max=+0.5844  mean=-0.0446  std=0.4927
    GNNExplainer                : min=+0.0000  max=+1.0000  mean=+0.7273  std=0.4454
  [CORRECT] Graph 1324 | true=1 pred=1 | nodes= 11 edges= 20
    GradExplainer               : min=-10.7419  max=+9.6964  mean=+1.1058  std=5.0551
    IntegratedGradExplainer     : min=-1.1310  max=+0.2941  mean=-0.0382  std=0.3662
    GNNExplainer                : min=+0.0000  max=+1.0000  mean=+0.3636  std=0.4810
  [CORRECT] Graph 1325 | true=1 pred=1 | nodes= 11 edges= 20
    GradExplainer               : min=-3.9578  max=+2.1012  mean=-0.4145  std=1.6266
    IntegratedGradExplainer     : min=-3.7499  max=+1.0643  mean=-0.0377  std=1.2465
    GNNExplainer                : min=+0.0000  max=+1.0000  mean=+0.7273  std=0.4454
  [CORRECT] Graph 1326 | true=1 pred=1 | nodes= 11 edges= 20
    GradExplainer               : min=-0.0132  max=+0.0101  mean=-0.0029  std=0.0058
    IntegratedGradExplainer     : min=-0.5494  max=+0.3478  mean=-0.0509  std=0.1995
    GNNExplainer                : min=+0.0000  max=+1.0000  mean=+0.6364  std=0.4810
  [CORRECT] Graph 1327 | true=1 pred=1 | nodes= 11 edges= 20
    GradExplainer               : min=-2.7223  max=+0.6488  mean=-0.3961  std=0.8428
    IntegratedGradExplainer     : min=-0.6086  max=+0.5208  mean=-0.0384  std=0.2681
    GNNExplainer                : min=+0.0000  max=+1.0000  mean=+0.6364  std=0.4810
  [CORRECT] Graph 1328 | true=0 pred=0 | nodes= 11 edges= 20
    GradExplainer               : min=-0.0001  max=+0.0002  mean=+0.0001  std=0.0001
    IntegratedGradExplainer     : min=-0.5298  max=+0.0542  mean=-0.0827  std=0.1480
    GNNExplainer                : min=+0.0000  max=+1.0000  mean=+0.8182  std=0.3857
  [CORRECT] Graph 1329 | true=0 pred=0 | nodes= 11 edges= 20
    GradExplainer               : min=-2.9376  max=-0.1705  mean=-0.8456  std=0.9204
    IntegratedGradExplainer     : min=-0.2584  max=+0.0018  mean=-0.0779  std=0.0885
    GNNExplainer                : min=+0.0000  max=+1.0000  mean=+0.4545  std=0.4979
  [CORRECT] Graph 1330 | true=0 pred=0 | nodes= 11 edges= 20
    GradExplainer               : min=-3.4163  max=+12.1949  mean=+3.0540  std=5.8435
    IntegratedGradExplainer     : min=-0.3609  max=+0.2309  mean=-0.0744  std=0.1412
    GNNExplainer                : min=+0.0000  max=+1.0000  mean=+0.6364  std=0.4810
  [WRONG  ] Graph 1331 | true=0 pred=1 | nodes= 11 edges= 20
    GradExplainer               : min=-16.9555  max=+242.8768  mean=+43.2994  std=78.5766
    IntegratedGradExplainer     : min=-0.5238  max=+1.8604  mean=+0.2631  std=0.6708
    GNNExplainer                : min=+0.0000  max=+1.0000  mean=+0.5455  std=0.4979
  [WRONG  ] Graph 1332 | true=0 pred=1 | nodes= 11 edges= 20
    GradExplainer               : min=-5.8675  max=+0.5481  mean=-1.0557  std=1.7272
    IntegratedGradExplainer     : min=-0.3895  max=+0.1138  mean=-0.0425  std=0.1387
    GNNExplainer                : min=+0.0000  max=+1.0000  mean=+0.3636  std=0.4810
  [CORRECT] Graph 1333 | true=0 pred=0 | nodes= 11 edges= 20
    GradExplainer               : min=-0.0863  max=+0.4631  mean=+0.0683  std=0.1433
    IntegratedGradExplainer     : min=-0.3607  max=+0.1714  mean=-0.0848  std=0.1393
    GNNExplainer                : min=+0.0000  max=+1.0000  mean=+0.6364  std=0.4810
  [CORRECT] Graph 1334 | true=0 pred=0 | nodes= 11 edges= 20
    GradExplainer               : min=-0.0011  max=+0.0003  mean=-0.0002  std=0.0004
    IntegratedGradExplainer     : min=-0.3860  max=+0.0190  mean=-0.0867  std=0.1016
    GNNExplainer                : min=+0.0000  max=+1.0000  mean=+0.4545  std=0.4979
  [WRONG  ] Graph 1335 | true=0 pred=1 | nodes= 11 edges= 20
    GradExplainer               : min=-78.9147  max=+76.9159  mean=-1.1236  std=33.8848
    IntegratedGradExplainer     : min=-2.4805  max=+5.9837  mean=+0.8077  std=2.3056
    GNNExplainer                : min=+0.0000  max=+1.0000  mean=+0.8182  std=0.3857
  [WRONG  ] Graph 1336 | true=0 pred=1 | nodes= 11 edges= 20
    GradExplainer               : min=-16.6087  max=+227.0308  mean=+58.2443  std=82.5480
    IntegratedGradExplainer     : min=-0.7345  max=+2.5694  mean=+0.2875  std=1.0776
    GNNExplainer                : min=+0.0000  max=+1.0000  mean=+0.7273  std=0.4454
  [CORRECT] Graph 1337 | true=1 pred=1 | nodes= 11 edges= 20
    GradExplainer               : min=-0.0200  max=+0.0380  mean=+0.0085  std=0.0139
    IntegratedGradExplainer     : min=-0.5788  max=+0.2714  mean=-0.0465  std=0.2285
    GNNExplainer                : min=+0.0000  max=+1.0000  mean=+0.6364  std=0.4810
  [CORRECT] Graph 1338 | true=0 pred=0 | nodes= 11 edges= 20
    GradExplainer               : min=-0.2153  max=+0.0842  mean=-0.0148  std=0.0731
    IntegratedGradExplainer     : min=-0.2151  max=-0.0317  mean=-0.0836  std=0.0612
    GNNExplainer                : min=+0.0000  max=+1.0000  mean=+0.7273  std=0.4454
  [CORRECT] Graph 1339 | true=0 pred=0 | nodes= 11 edges= 20
    GradExplainer               : min=-0.5976  max=+0.3600  mean=-0.0238  std=0.2141
    IntegratedGradExplainer     : min=-0.2889  max=+0.1007  mean=-0.0871  std=0.1081
    GNNExplainer                : min=+0.0000  max=+1.0000  mean=+0.9091  std=0.2875
  [WRONG  ] Graph 1340 | true=0 pred=1 | nodes= 11 edges= 20
    GradExplainer               : min=-35.8920  max=+34.8473  mean=+7.3496  std=16.8034
    IntegratedGradExplainer     : min=-5.9327  max=+8.1048  mean=+0.5471  std=3.8158
    GNNExplainer                : min=+0.0000  max=+1.0000  mean=+0.6364  std=0.4810
  [CORRECT] Graph 1341 | true=0 pred=0 | nodes= 11 edges= 20
    GradExplainer               : min=-0.1212  max=+0.3996  mean=+0.1124  std=0.1530
    IntegratedGradExplainer     : min=-0.3906  max=+0.5043  mean=-0.0820  std=0.2782
    GNNExplainer                : min=+0.0000  max=+1.0000  mean=+0.8182  std=0.3857
  [CORRECT] Graph 1342 | true=0 pred=0 | nodes= 11 edges= 20
    GradExplainer               : min=-41.7436  max=+52.9910  mean=-1.7994  std=22.3728
    IntegratedGradExplainer     : min=-0.5527  max=+0.4050  mean=-0.0619  std=0.2916
    GNNExplainer                : min=+0.0000  max=+1.0000  mean=+0.5455  std=0.4979
  [CORRECT] Graph 1343 | true=0 pred=0 | nodes= 11 edges= 20
    GradExplainer               : min=-0.2182  max=+0.0116  mean=-0.0507  std=0.0628
    IntegratedGradExplainer     : min=-0.2414  max=+0.0052  mean=-0.0848  std=0.0735
    GNNExplainer                : min=+0.0000  max=+1.0000  mean=+0.8182  std=0.3857
  [CORRECT] Graph 1344 | true=1 pred=1 | nodes= 11 edges= 20
    GradExplainer               : min=-0.0022  max=+0.0197  mean=+0.0028  std=0.0062
    IntegratedGradExplainer     : min=-0.5942  max=+0.1829  mean=-0.0476  std=0.1860
    GNNExplainer                : min=+0.0000  max=+1.0000  mean=+0.6364  std=0.4810
  [CORRECT] Graph 1345 | true=1 pred=1 | nodes= 11 edges= 20
    GradExplainer               : min=-40.1947  max=+21.3859  mean=-2.0263  std=13.9709
    IntegratedGradExplainer     : min=-0.5620  max=+0.7725  mean=+0.0282  std=0.3856
    GNNExplainer                : min=+0.0000  max=+1.0000  mean=+0.7273  std=0.4454
  [CORRECT] Graph 1346 | true=0 pred=0 | nodes= 11 edges= 20
    GradExplainer               : min=-12.4070  max=+5.8970  mean=-2.1666  std=4.5491
    IntegratedGradExplainer     : min=-0.5924  max=+1.3261  mean=-0.0552  std=0.4877
    GNNExplainer                : min=+0.0000  max=+1.0000  mean=+0.9091  std=0.2875
  [CORRECT] Graph 1347 | true=0 pred=0 | nodes= 11 edges= 20
    GradExplainer               : min=-0.6870  max=+3.4900  mean=+0.3442  std=1.1035
    IntegratedGradExplainer     : min=-0.2836  max=+0.0834  mean=-0.0823  std=0.0925
    GNNExplainer                : min=+0.0000  max=+1.0000  mean=+0.5455  std=0.4979
  [CORRECT] Graph 1348 | true=1 pred=1 | nodes= 11 edges= 20
    GradExplainer               : min=-9.6854  max=+1.7784  mean=-2.4996  std=3.5986
    IntegratedGradExplainer     : min=-0.4766  max=+0.4978  mean=+0.0209  std=0.2528
    GNNExplainer                : min=+0.0000  max=+1.0000  mean=+0.7273  std=0.4454
  [WRONG  ] Graph 1349 | true=0 pred=1 | nodes= 11 edges= 20
    GradExplainer               : min=-3.2340  max=+209.2584  mean=+32.1734  std=60.2869
    IntegratedGradExplainer     : min=-4.0829  max=+5.2218  mean=+0.4766  std=2.2140
    GNNExplainer                : min=+0.0000  max=+1.0000  mean=+0.4545  std=0.4979
  [CORRECT] Graph 1350 | true=0 pred=0 | nodes= 11 edges= 20
    GradExplainer               : min=-0.0118  max=+0.0134  mean=-0.0009  std=0.0056
    IntegratedGradExplainer     : min=-0.2936  max=+0.0965  mean=-0.0853  std=0.1033
    GNNExplainer                : min=+0.0000  max=+1.0000  mean=+0.6364  std=0.4810
  [CORRECT] Graph 1351 | true=0 pred=0 | nodes= 11 edges= 20
    GradExplainer               : min=-0.3330  max=+0.5181  mean=+0.0951  std=0.2695
    IntegratedGradExplainer     : min=-0.3440  max=+0.0143  mean=-0.0792  std=0.0994
    GNNExplainer                : min=+0.0000  max=+1.0000  mean=+0.6364  std=0.4810
  [CORRECT] Graph 1352 | true=0 pred=0 | nodes= 11 edges= 20
    GradExplainer               : min=-0.0356  max=+0.0323  mean=-0.0018  std=0.0177
    IntegratedGradExplainer     : min=-0.1480  max=-0.0142  mean=-0.0878  std=0.0386
    GNNExplainer                : min=+0.0000  max=+1.0000  mean=+0.8182  std=0.3857
  [WRONG  ] Graph 1353 | true=0 pred=1 | nodes= 11 edges= 20
    GradExplainer               : min=-31.1449  max=+42.3863  mean=+3.6522  std=21.3890
    IntegratedGradExplainer     : min=-1.2852  max=+3.1019  mean=+0.4463  std=1.2228
    GNNExplainer                : min=+0.0000  max=+1.0000  mean=+0.8182  std=0.3857
  [CORRECT] Graph 1354 | true=1 pred=1 | nodes= 11 edges= 20
    GradExplainer               : min=-0.3803  max=+0.2310  mean=-0.0253  std=0.1562
    IntegratedGradExplainer     : min=-2.0801  max=+0.8446  mean=-0.0450  std=0.7000
    GNNExplainer                : min=+0.0000  max=+1.0000  mean=+0.7273  std=0.4454
  [WRONG  ] Graph 1355 | true=1 pred=0 | nodes= 11 edges= 20
    GradExplainer               : min=-106.9116  max=+13.5798  mean=-33.6340  std=40.2151
    IntegratedGradExplainer     : min=-2.2592  max=+3.0565  mean=+0.1611  std=1.3701
    GNNExplainer                : min=+0.0000  max=+1.0000  mean=+0.7273  std=0.4454
  [WRONG  ] Graph 1356 | true=0 pred=1 | nodes= 11 edges= 20
    GradExplainer               : min=-30.3086  max=+372.2834  mean=+99.7008  std=123.5178
    IntegratedGradExplainer     : min=-0.3420  max=+2.9878  mean=+0.6731  std=1.1742
    GNNExplainer                : min=+0.0000  max=+1.0000  mean=+0.6364  std=0.4810
  [CORRECT] Graph 1357 | true=1 pred=1 | nodes= 11 edges= 20
    GradExplainer               : min=-0.0079  max=+0.0062  mean=-0.0002  std=0.0032
    IntegratedGradExplainer     : min=-0.1618  max=+0.0547  mean=-0.0443  std=0.0658
    GNNExplainer                : min=+0.0000  max=+1.0000  mean=+0.7273  std=0.4454
  [CORRECT] Graph 1358 | true=0 pred=0 | nodes= 11 edges= 20
    GradExplainer               : min=-0.0000  max=+0.0000  mean=+0.0000  std=0.0000
    IntegratedGradExplainer     : min=-0.4736  max=+0.0617  mean=-0.0867  std=0.1473
    GNNExplainer                : min=+0.0000  max=+1.0000  mean=+0.8182  std=0.3857
  [CORRECT] Graph 1359 | true=1 pred=1 | nodes= 11 edges= 20
    GradExplainer               : min=-0.0114  max=+0.0187  mean=+0.0014  std=0.0071
    IntegratedGradExplainer     : min=-0.4913  max=+0.1997  mean=-0.0454  std=0.1585
    GNNExplainer                : min=+0.0000  max=+1.0000  mean=+0.3636  std=0.4810
  [CORRECT] Graph 1360 | true=0 pred=0 | nodes= 11 edges= 20
    GradExplainer               : min=-1.4330  max=+4.6877  mean=+0.9786  std=1.8828
    IntegratedGradExplainer     : min=-0.7375  max=+1.9594  mean=-0.0811  std=0.7131
    GNNExplainer                : min=+0.0000  max=+1.0000  mean=+0.8182  std=0.3857
  [CORRECT] Graph 1361 | true=1 pred=1 | nodes= 11 edges= 20
    GradExplainer               : min=-0.2168  max=+0.1702  mean=-0.0140  std=0.0888
    IntegratedGradExplainer     : min=-0.2320  max=+0.1430  mean=-0.0437  std=0.1016
    GNNExplainer                : min=+0.0000  max=+1.0000  mean=+0.6364  std=0.4810
  [CORRECT] Graph 1362 | true=0 pred=0 | nodes= 11 edges= 20
    GradExplainer               : min=-1.9233  max=+0.3327  mean=-0.4311  std=0.7176
    IntegratedGradExplainer     : min=-0.8166  max=+0.7993  mean=-0.0854  std=0.3898
    GNNExplainer                : min=+0.0000  max=+1.0000  mean=+0.7273  std=0.4454
  [CORRECT] Graph 1363 | true=0 pred=0 | nodes= 11 edges= 20
    GradExplainer               : min=-0.0003  max=+0.0003  mean=+0.0000  std=0.0001
    IntegratedGradExplainer     : min=-0.3653  max=+0.0822  mean=-0.0864  std=0.1172
    GNNExplainer                : min=+0.0000  max=+1.0000  mean=+0.5455  std=0.4979
  [CORRECT] Graph 1364 | true=1 pred=1 | nodes= 11 edges= 20
    GradExplainer               : min=-5.8175  max=+2.5361  mean=-0.2544  std=2.0731
    IntegratedGradExplainer     : min=-1.2611  max=+0.5122  mean=-0.0358  std=0.4443
    GNNExplainer                : min=+0.0000  max=+1.0000  mean=+0.6364  std=0.4810
  [WRONG  ] Graph 1365 | true=0 pred=1 | nodes= 11 edges= 20
    GradExplainer               : min=-15.2964  max=+7.8418  mean=-2.2510  std=5.7797
    IntegratedGradExplainer     : min=-0.2201  max=+0.1668  mean=-0.0346  std=0.1329
    GNNExplainer                : min=+0.0000  max=+1.0000  mean=+0.7273  std=0.4454
  [CORRECT] Graph 1366 | true=0 pred=0 | nodes= 11 edges= 20
    GradExplainer               : min=-0.0039  max=+0.0010  mean=-0.0017  std=0.0013
    IntegratedGradExplainer     : min=-0.4431  max=+0.1506  mean=-0.0867  std=0.1511
    GNNExplainer                : min=+0.0000  max=+1.0000  mean=+0.5455  std=0.4979
  [WRONG  ] Graph 1367 | true=1 pred=0 | nodes= 11 edges= 20
    GradExplainer               : min=-55.9457  max=+6.9169  mean=-8.4224  std=17.5611
    IntegratedGradExplainer     : min=-1.0997  max=+1.9687  mean=+0.3812  std=0.8816
    GNNExplainer                : min=+0.0000  max=+1.0000  mean=+0.7273  std=0.4454
  [CORRECT] Graph 1368 | true=0 pred=0 | nodes= 11 edges= 20
    GradExplainer               : min=+0.0837  max=+0.4540  mean=+0.2261  std=0.1325
    IntegratedGradExplainer     : min=-3.0013  max=+3.7082  mean=-0.0617  std=1.5304
    GNNExplainer                : min=+0.0000  max=+1.0000  mean=+0.7273  std=0.4454
  [WRONG  ] Graph 1369 | true=0 pred=1 | nodes= 11 edges= 20
    GradExplainer               : min=-14.0676  max=+16.5881  mean=+2.1561  std=7.4354
    IntegratedGradExplainer     : min=-4.4517  max=+2.4054  mean=-0.0504  std=1.7119
    GNNExplainer                : min=+0.0000  max=+1.0000  mean=+0.4545  std=0.4979
  [WRONG  ] Graph 1370 | true=0 pred=1 | nodes= 11 edges= 20
    GradExplainer               : min=-8.3164  max=+35.4004  mean=+7.9948  std=12.2233
    IntegratedGradExplainer     : min=-1.1316  max=+0.7763  mean=-0.0245  std=0.4713
    GNNExplainer                : min=+0.0000  max=+1.0000  mean=+0.7273  std=0.4454
  [WRONG  ] Graph 1371 | true=0 pred=1 | nodes= 11 edges= 20
    GradExplainer               : min=-9.8652  max=+183.0432  mean=+58.9292  std=57.8594
    IntegratedGradExplainer     : min=-0.3916  max=+0.8434  mean=+0.1172  std=0.3844
    GNNExplainer                : min=+0.0000  max=+1.0000  mean=+0.3636  std=0.4810
  [CORRECT] Graph 1372 | true=1 pred=1 | nodes= 11 edges= 20
    GradExplainer               : min=-0.0328  max=+0.0920  mean=+0.0120  std=0.0310
    IntegratedGradExplainer     : min=-0.5256  max=+0.4891  mean=-0.0399  std=0.2365
    GNNExplainer                : min=+0.0000  max=+1.0000  mean=+0.5455  std=0.4979
  [CORRECT] Graph 1373 | true=0 pred=0 | nodes= 11 edges= 20
    GradExplainer               : min=-0.0035  max=+0.0021  mean=+0.0001  std=0.0014
    IntegratedGradExplainer     : min=-0.4461  max=-0.0009  mean=-0.0886  std=0.1225
    GNNExplainer                : min=+0.0000  max=+1.0000  mean=+0.7273  std=0.4454
  [CORRECT] Graph 1374 | true=1 pred=1 | nodes= 11 edges= 20
    GradExplainer               : min=-0.0267  max=+0.0307  mean=-0.0025  std=0.0134
    IntegratedGradExplainer     : min=-0.3905  max=+0.2581  mean=-0.0458  std=0.1693
    GNNExplainer                : min=+0.0000  max=+1.0000  mean=+0.4545  std=0.4979
  [WRONG  ] Graph 1375 | true=0 pred=1 | nodes= 11 edges= 20
    GradExplainer               : min=-8.0523  max=+10.8771  mean=+2.2950  std=4.5336
    IntegratedGradExplainer     : min=-1.6800  max=+0.9744  mean=+0.0779  std=0.6541
    GNNExplainer                : min=+0.0000  max=+1.0000  mean=+0.6364  std=0.4810
  [CORRECT] Graph 1376 | true=0 pred=0 | nodes= 11 edges= 20
    GradExplainer               : min=-0.0804  max=+0.0260  mean=-0.0166  std=0.0282
    IntegratedGradExplainer     : min=-0.8418  max=+0.6955  mean=-0.0861  std=0.3767
    GNNExplainer                : min=+0.0000  max=+1.0000  mean=+0.8182  std=0.3857
  [CORRECT] Graph 1377 | true=0 pred=0 | nodes= 11 edges= 20
    GradExplainer               : min=-0.0002  max=+0.0001  mean=-0.0000  std=0.0001
    IntegratedGradExplainer     : min=-0.2992  max=-0.0128  mean=-0.0834  std=0.0818
    GNNExplainer                : min=+0.0000  max=+1.0000  mean=+0.4545  std=0.4979
  [WRONG  ] Graph 1378 | true=0 pred=1 | nodes= 11 edges= 20
    GradExplainer               : min=+12.6897  max=+231.1742  mean=+66.9458  std=77.0878
    IntegratedGradExplainer     : min=-0.8788  max=+2.8895  mean=+0.6202  std=1.0981
    GNNExplainer                : min=+0.0000  max=+1.0000  mean=+0.5455  std=0.4979
  [CORRECT] Graph 1379 | true=0 pred=0 | nodes= 11 edges= 20
    GradExplainer               : min=-0.2844  max=+0.0701  mean=-0.0738  std=0.1339
    IntegratedGradExplainer     : min=-0.5093  max=+0.6010  mean=-0.0807  std=0.2747
    GNNExplainer                : min=+0.0000  max=+1.0000  mean=+0.5455  std=0.4979
  [CORRECT] Graph 1380 | true=0 pred=0 | nodes= 11 edges= 20
    GradExplainer               : min=-0.0751  max=+0.2499  mean=+0.0507  std=0.0924
    IntegratedGradExplainer     : min=-0.2309  max=+0.0239  mean=-0.0837  std=0.0747
    GNNExplainer                : min=+0.0000  max=+1.0000  mean=+0.7273  std=0.4454
  [CORRECT] Graph 1381 | true=0 pred=0 | nodes= 11 edges= 20
    GradExplainer               : min=-0.0615  max=+0.0858  mean=+0.0010  std=0.0350
    IntegratedGradExplainer     : min=-1.1661  max=+0.4357  mean=-0.1007  std=0.4074
    GNNExplainer                : min=+0.0000  max=+1.0000  mean=+0.7273  std=0.4454
  [WRONG  ] Graph 1382 | true=1 pred=0 | nodes= 11 edges= 20
    GradExplainer               : min=-169.9656  max=+54.0897  mean=-17.7435  std=62.5366
    IntegratedGradExplainer     : min=-2.2993  max=+2.6848  mean=+0.3162  std=1.1017
    GNNExplainer                : min=+0.0000  max=+1.0000  mean=+0.6364  std=0.4810
  [WRONG  ] Graph 1383 | true=1 pred=0 | nodes= 11 edges= 20
    GradExplainer               : min=+0.5271  max=+65.5121  mean=+23.5414  std=22.7244
    IntegratedGradExplainer     : min=-6.1937  max=+9.3345  mean=+0.3348  std=3.4012
    GNNExplainer                : min=+0.0000  max=+1.0000  mean=+0.7273  std=0.4454
  [CORRECT] Graph 1384 | true=1 pred=1 | nodes= 11 edges= 20
    GradExplainer               : min=-4.6254  max=+0.5171  mean=-1.8484  std=1.6885
    IntegratedGradExplainer     : min=-0.6623  max=+0.8781  mean=-0.0421  std=0.3979
    GNNExplainer                : min=+0.0000  max=+1.0000  mean=+0.7273  std=0.4454
  [CORRECT] Graph 1385 | true=1 pred=1 | nodes= 11 edges= 20
    GradExplainer               : min=-0.0000  max=+0.0001  mean=+0.0000  std=0.0000
    IntegratedGradExplainer     : min=-0.3410  max=+0.0416  mean=-0.0537  std=0.1030
    GNNExplainer                : min=+0.0000  max=+1.0000  mean=+0.3636  std=0.4810
  [CORRECT] Graph 1386 | true=0 pred=0 | nodes= 11 edges= 20
    GradExplainer               : min=-2.4517  max=+15.7547  mean=+4.0186  std=5.5937
    IntegratedGradExplainer     : min=-0.8387  max=+0.7218  mean=-0.0754  std=0.4487
    GNNExplainer                : min=+0.0000  max=+1.0000  mean=+0.8182  std=0.3857
  [CORRECT] Graph 1387 | true=1 pred=1 | nodes= 11 edges= 20
    GradExplainer               : min=-8.6088  max=+1.9945  mean=-1.5943  std=2.7287
    IntegratedGradExplainer     : min=-0.5692  max=+0.7721  mean=-0.0374  std=0.3546
    GNNExplainer                : min=+0.0000  max=+1.0000  mean=+0.8182  std=0.3857
  [CORRECT] Graph 1388 | true=1 pred=1 | nodes= 11 edges= 20
    GradExplainer               : min=-40.5011  max=+23.5459  mean=-9.0200  std=16.3648
    IntegratedGradExplainer     : min=-3.3395  max=+2.3017  mean=+0.0262  std=1.5159
    GNNExplainer                : min=+0.0000  max=+1.0000  mean=+0.7273  std=0.4454
  [CORRECT] Graph 1389 | true=1 pred=1 | nodes= 11 edges= 20
    GradExplainer               : min=-0.0062  max=+0.0162  mean=-0.0007  std=0.0058
    IntegratedGradExplainer     : min=-0.4123  max=+0.1493  mean=-0.0440  std=0.1476
    GNNExplainer                : min=+0.0000  max=+1.0000  mean=+0.5455  std=0.4979
  [WRONG  ] Graph 1390 | true=0 pred=1 | nodes= 11 edges= 20
    GradExplainer               : min=-11.1496  max=+341.9121  mean=+51.9399  std=99.3149
    IntegratedGradExplainer     : min=-1.0019  max=+5.3265  mean=+0.2660  std=1.6904
    GNNExplainer                : min=+0.0000  max=+1.0000  mean=+0.6364  std=0.4810
  [CORRECT] Graph 1391 | true=1 pred=1 | nodes= 11 edges= 20
    GradExplainer               : min=-1.8649  max=+0.3601  mean=-0.4240  std=0.6220
    IntegratedGradExplainer     : min=-0.6624  max=+0.1847  mean=-0.0448  std=0.2146
    GNNExplainer                : min=+0.0000  max=+1.0000  mean=+0.6364  std=0.4810
  [CORRECT] Graph 1392 | true=1 pred=1 | nodes= 11 edges= 20
    GradExplainer               : min=-0.0046  max=+0.0096  mean=+0.0013  std=0.0033
    IntegratedGradExplainer     : min=-0.3096  max=+0.0389  mean=-0.0521  std=0.0977
    GNNExplainer                : min=+0.0000  max=+1.0000  mean=+0.5455  std=0.4979
  [CORRECT] Graph 1393 | true=0 pred=0 | nodes= 11 edges= 20
    GradExplainer               : min=-0.0381  max=+0.3370  mean=+0.0567  std=0.0993
    IntegratedGradExplainer     : min=-0.3977  max=+0.0522  mean=-0.0853  std=0.1212
    GNNExplainer                : min=+0.0000  max=+1.0000  mean=+0.4545  std=0.4979
  [CORRECT] Graph 1394 | true=0 pred=0 | nodes= 11 edges= 20
    GradExplainer               : min=-3.6801  max=+25.8484  mean=+2.7940  std=7.9760
    IntegratedGradExplainer     : min=-0.6514  max=+0.0682  mean=-0.0647  std=0.1922
    GNNExplainer                : min=+0.0000  max=+1.0000  mean=+0.7273  std=0.4454
  [CORRECT] Graph 1395 | true=0 pred=0 | nodes= 11 edges= 20
    GradExplainer               : min=-0.0012  max=+0.0075  mean=+0.0024  std=0.0030
    IntegratedGradExplainer     : min=-0.5143  max=+0.3037  mean=-0.0809  std=0.2079
    GNNExplainer                : min=+0.0000  max=+1.0000  mean=+0.7273  std=0.4454
  [CORRECT] Graph 1396 | true=1 pred=1 | nodes= 11 edges= 20
    GradExplainer               : min=-0.0031  max=+0.0060  mean=+0.0009  std=0.0022
    IntegratedGradExplainer     : min=-0.2770  max=+0.0304  mean=-0.0422  std=0.0836
    GNNExplainer                : min=+0.0000  max=+1.0000  mean=+0.5455  std=0.4979
  [CORRECT] Graph 1397 | true=0 pred=0 | nodes= 11 edges= 20
    GradExplainer               : min=-0.2313  max=+0.1040  mean=-0.0361  std=0.0775
    IntegratedGradExplainer     : min=-0.3697  max=+0.0875  mean=-0.0862  std=0.1342
    GNNExplainer                : min=+0.0000  max=+1.0000  mean=+0.6364  std=0.4810
  [CORRECT] Graph 1398 | true=1 pred=1 | nodes= 11 edges= 20
    GradExplainer               : min=-8.5746  max=+4.5128  mean=-2.4824  std=4.0554
    IntegratedGradExplainer     : min=-0.6477  max=+1.0226  mean=-0.0348  std=0.4118
    GNNExplainer                : min=+0.0000  max=+1.0000  mean=+0.6364  std=0.4810
  [WRONG  ] Graph 1399 | true=0 pred=1 | nodes= 11 edges= 20
    GradExplainer               : min=-16.1237  max=+88.4467  mean=+14.4160  std=26.3912
    IntegratedGradExplainer     : min=-0.3998  max=+0.3918  mean=-0.0473  std=0.1770
    GNNExplainer                : min=+0.0000  max=+1.0000  mean=+0.6364  std=0.4810
  [CORRECT] Graph 1400 | true=0 pred=0 | nodes= 11 edges= 20
    GradExplainer               : min=-0.9013  max=+0.6320  mean=-0.2103  std=0.3734
    IntegratedGradExplainer     : min=-0.3669  max=+0.3031  mean=-0.0862  std=0.1639
    GNNExplainer                : min=+0.0000  max=+1.0000  mean=+0.4545  std=0.4979
  [CORRECT] Graph 1401 | true=1 pred=1 | nodes= 11 edges= 20
    GradExplainer               : min=-1.3023  max=+1.0781  mean=-0.0755  std=0.5746
    IntegratedGradExplainer     : min=-0.3274  max=+0.1479  mean=-0.0383  std=0.1105
    GNNExplainer                : min=+0.0000  max=+1.0000  mean=+0.3636  std=0.4810
  [WRONG  ] Graph 1402 | true=0 pred=1 | nodes= 11 edges= 20
    GradExplainer               : min=+5.2137  max=+251.3628  mean=+49.8368  std=73.3209
    IntegratedGradExplainer     : min=-0.8586  max=+3.1912  mean=+0.4508  std=1.0184
    GNNExplainer                : min=+0.0000  max=+1.0000  mean=+0.6364  std=0.4810
  [CORRECT] Graph 1403 | true=0 pred=0 | nodes= 11 edges= 20
    GradExplainer               : min=-0.0078  max=+0.0020  mean=-0.0012  std=0.0025
    IntegratedGradExplainer     : min=-0.2352  max=+0.0172  mean=-0.0861  std=0.0739
    GNNExplainer                : min=+0.0000  max=+1.0000  mean=+0.4545  std=0.4979
  [CORRECT] Graph 1404 | true=0 pred=0 | nodes= 11 edges= 20
    GradExplainer               : min=+0.0024  max=+0.2482  mean=+0.0694  std=0.0702
    IntegratedGradExplainer     : min=-0.3574  max=+0.0798  mean=-0.0842  std=0.1161
    GNNExplainer                : min=+0.0000  max=+1.0000  mean=+0.5455  std=0.4979
  [WRONG  ] Graph 1405 | true=0 pred=1 | nodes= 11 edges= 20
    GradExplainer               : min=-18.7445  max=+77.7886  mean=+5.2737  std=24.7702
    IntegratedGradExplainer     : min=-0.8115  max=+0.8205  mean=+0.0065  std=0.3710
    GNNExplainer                : min=+0.0000  max=+1.0000  mean=+0.6364  std=0.4810
  [WRONG  ] Graph 1406 | true=1 pred=0 | nodes= 11 edges= 20
    GradExplainer               : min=-33.9509  max=+25.3727  mean=+2.5794  std=14.6167
    IntegratedGradExplainer     : min=-3.4963  max=+3.0079  mean=+0.1740  std=1.4373
    GNNExplainer                : min=+0.0000  max=+1.0000  mean=+0.8182  std=0.3857
  [WRONG  ] Graph 1407 | true=0 pred=1 | nodes= 11 edges= 20
    GradExplainer               : min=-18.6352  max=+153.9250  mean=+39.6460  std=49.8058
    IntegratedGradExplainer     : min=-0.5102  max=+1.8066  mean=+0.3780  std=0.7204
    GNNExplainer                : min=+0.0000  max=+1.0000  mean=+0.5455  std=0.4979
  [WRONG  ] Graph 1408 | true=0 pred=1 | nodes= 11 edges= 20
    GradExplainer               : min=-2.0324  max=+37.5821  mean=+11.5117  std=13.6917
    IntegratedGradExplainer     : min=-0.5239  max=+6.7171  mean=+0.7613  std=1.9334
    GNNExplainer                : min=+0.0000  max=+1.0000  mean=+0.8182  std=0.3857
  [CORRECT] Graph 1409 | true=0 pred=0 | nodes= 11 edges= 20
    GradExplainer               : min=-0.0004  max=+0.0007  mean=+0.0000  std=0.0003
    IntegratedGradExplainer     : min=-0.2241  max=+0.0009  mean=-0.0854  std=0.0736
    GNNExplainer                : min=+0.0000  max=+1.0000  mean=+0.9091  std=0.2875
  [WRONG  ] Graph 1410 | true=1 pred=0 | nodes= 11 edges= 20
    GradExplainer               : min=-123.4210  max=+19.9985  mean=-23.8512  std=38.9771
    IntegratedGradExplainer     : min=-4.0897  max=+4.1813  mean=+0.3199  std=2.1026
    GNNExplainer                : min=+0.0000  max=+1.0000  mean=+0.6364  std=0.4810
  [CORRECT] Graph 1411 | true=1 pred=1 | nodes= 11 edges= 20
    GradExplainer               : min=-0.1030  max=+0.2844  mean=+0.0834  std=0.1013
    IntegratedGradExplainer     : min=-0.5067  max=+0.1531  mean=-0.0455  std=0.1725
    GNNExplainer                : min=+0.0000  max=+1.0000  mean=+0.8182  std=0.3857
  [CORRECT] Graph 1412 | true=1 pred=1 | nodes= 11 edges= 20
    GradExplainer               : min=-7.3245  max=+0.6827  mean=-1.3422  std=2.4082
    IntegratedGradExplainer     : min=-0.4029  max=+0.1074  mean=-0.0311  std=0.1623
    GNNExplainer                : min=+0.0000  max=+1.0000  mean=+0.7273  std=0.4454
  [WRONG  ] Graph 1413 | true=0 pred=1 | nodes= 11 edges= 20
    GradExplainer               : min=-37.9197  max=+67.1243  mean=+12.5055  std=25.0701
    IntegratedGradExplainer     : min=-1.3306  max=+3.6448  mean=+0.3774  std=1.1914
    GNNExplainer                : min=+0.0000  max=+1.0000  mean=+0.5455  std=0.4979
  [CORRECT] Graph 1414 | true=0 pred=0 | nodes= 11 edges= 20
    GradExplainer               : min=-0.0007  max=+0.0502  mean=+0.0127  std=0.0165
    IntegratedGradExplainer     : min=-0.2225  max=-0.0002  mean=-0.0845  std=0.0748
    GNNExplainer                : min=+0.0000  max=+1.0000  mean=+0.9091  std=0.2875
  [CORRECT] Graph 1415 | true=1 pred=1 | nodes= 11 edges= 20
    GradExplainer               : min=-76.6136  max=+3.6003  mean=-14.1015  std=22.6971
    IntegratedGradExplainer     : min=-0.9434  max=+0.3515  mean=-0.0183  std=0.3362
    GNNExplainer                : min=+0.0000  max=+1.0000  mean=+0.4545  std=0.4979
  [CORRECT] Graph 1416 | true=1 pred=1 | nodes= 11 edges= 20
    GradExplainer               : min=-0.5725  max=-0.0344  mean=-0.2051  std=0.2130
    IntegratedGradExplainer     : min=-0.9283  max=+0.1732  mean=-0.0490  std=0.2898
    GNNExplainer                : min=+0.0000  max=+1.0000  mean=+0.8182  std=0.3857
  [CORRECT] Graph 1417 | true=0 pred=0 | nodes= 11 edges= 20
    GradExplainer               : min=-0.0180  max=+0.0090  mean=-0.0004  std=0.0064
    IntegratedGradExplainer     : min=-0.3990  max=+0.1080  mean=-0.0861  std=0.1247
    GNNExplainer                : min=+0.0000  max=+1.0000  mean=+0.6364  std=0.4810
  [CORRECT] Graph 1418 | true=0 pred=0 | nodes= 11 edges= 20
    GradExplainer               : min=-0.1271  max=+0.0504  mean=-0.0195  std=0.0495
    IntegratedGradExplainer     : min=-0.2868  max=-0.0261  mean=-0.0866  std=0.0687
    GNNExplainer                : min=+0.0000  max=+1.0000  mean=+0.6364  std=0.4810
  [CORRECT] Graph 1419 | true=0 pred=0 | nodes= 11 edges= 20
    GradExplainer               : min=-0.0309  max=+0.0231  mean=-0.0047  std=0.0167
    IntegratedGradExplainer     : min=-1.5499  max=+0.7263  mean=-0.0912  std=0.5267
    GNNExplainer                : min=+0.0000  max=+1.0000  mean=+0.5455  std=0.4979
  [CORRECT] Graph 1420 | true=1 pred=1 | nodes= 11 edges= 20
    GradExplainer               : min=-4.6343  max=+0.6720  mean=-0.8026  std=1.3195
    IntegratedGradExplainer     : min=-0.7597  max=+0.3011  mean=-0.0375  std=0.2538
    GNNExplainer                : min=+0.0000  max=+1.0000  mean=+0.5455  std=0.4979
  [WRONG  ] Graph 1421 | true=0 pred=1 | nodes= 11 edges= 20
    GradExplainer               : min=+6.1987  max=+87.9312  mean=+31.1167  std=30.2580
    IntegratedGradExplainer     : min=-3.0920  max=+2.3438  mean=+0.0865  std=1.3235
    GNNExplainer                : min=+0.0000  max=+1.0000  mean=+0.7273  std=0.4454
  [CORRECT] Graph 1422 | true=0 pred=0 | nodes= 11 edges= 20
    GradExplainer               : min=-1.7132  max=+12.1012  mean=+2.3231  std=3.5559
    IntegratedGradExplainer     : min=-0.7011  max=+0.9440  mean=-0.0728  std=0.4208
    GNNExplainer                : min=+0.0000  max=+1.0000  mean=+0.6364  std=0.4810
  [WRONG  ] Graph 1423 | true=1 pred=0 | nodes= 11 edges= 20
    GradExplainer               : min=-58.7255  max=+19.7935  mean=-4.8321  std=19.9605
    IntegratedGradExplainer     : min=-0.8533  max=+4.1979  mean=+0.5204  std=1.4438
    GNNExplainer                : min=+0.0000  max=+1.0000  mean=+0.7273  std=0.4454
  [CORRECT] Graph 1424 | true=1 pred=1 | nodes= 11 edges= 20
    GradExplainer               : min=-0.5229  max=+2.7025  mean=+0.8471  std=0.9738
    IntegratedGradExplainer     : min=-0.3074  max=+0.2003  mean=-0.0430  std=0.1637
    GNNExplainer                : min=+0.0000  max=+1.0000  mean=+0.6364  std=0.4810
  [CORRECT] Graph 1425 | true=1 pred=1 | nodes= 11 edges= 20
    GradExplainer               : min=-0.0316  max=+0.0027  mean=-0.0053  std=0.0091
    IntegratedGradExplainer     : min=-0.1906  max=+0.1820  mean=-0.0460  std=0.0969
    GNNExplainer                : min=+0.0000  max=+1.0000  mean=+0.5455  std=0.4979
  [WRONG  ] Graph 1426 | true=0 pred=1 | nodes= 11 edges= 20
    GradExplainer               : min=-12.1537  max=+39.3887  mean=+7.5365  std=12.3034
    IntegratedGradExplainer     : min=-0.7402  max=+1.9137  mean=+0.4546  std=0.7852
    GNNExplainer                : min=+0.0000  max=+1.0000  mean=+0.5455  std=0.4979
  [CORRECT] Graph 1427 | true=0 pred=0 | nodes= 11 edges= 20
    GradExplainer               : min=-8.8838  max=+3.5410  mean=-0.9615  std=3.0017
    IntegratedGradExplainer     : min=-0.3289  max=+0.2195  mean=-0.0822  std=0.1421
    GNNExplainer                : min=+0.0000  max=+1.0000  mean=+0.6364  std=0.4810
  [CORRECT] Graph 1428 | true=0 pred=0 | nodes= 11 edges= 20
    GradExplainer               : min=-0.0010  max=+0.0019  mean=-0.0001  std=0.0007
    IntegratedGradExplainer     : min=-0.3393  max=+0.0464  mean=-0.0853  std=0.1150
    GNNExplainer                : min=+0.0000  max=+1.0000  mean=+0.8182  std=0.3857
  [CORRECT] Graph 1429 | true=0 pred=0 | nodes= 11 edges= 20
    GradExplainer               : min=-0.0001  max=+0.0015  mean=+0.0004  std=0.0005
    IntegratedGradExplainer     : min=-0.2889  max=-0.0079  mean=-0.0835  std=0.0785
    GNNExplainer                : min=+0.0000  max=+1.0000  mean=+0.8182  std=0.3857
  [WRONG  ] Graph 1430 | true=1 pred=0 | nodes= 11 edges= 20
    GradExplainer               : min=-50.8331  max=+228.1541  mean=+31.4820  std=70.1937
    IntegratedGradExplainer     : min=-3.6064  max=+2.3457  mean=+0.4164  std=1.5049
    GNNExplainer                : min=+0.0000  max=+1.0000  mean=+0.6364  std=0.4810
  [CORRECT] Graph 1431 | true=1 pred=1 | nodes= 11 edges= 20
    GradExplainer               : min=-18.2392  max=+55.7951  mean=+7.7088  std=17.2546
    IntegratedGradExplainer     : min=-1.6504  max=+0.7597  mean=+0.0217  std=0.5877
    GNNExplainer                : min=+0.0000  max=+1.0000  mean=+0.6364  std=0.4810
  [CORRECT] Graph 1432 | true=0 pred=0 | nodes= 11 edges= 20
    GradExplainer               : min=-0.2957  max=+0.6518  mean=+0.0896  std=0.2628
    IntegratedGradExplainer     : min=-1.7806  max=+1.7321  mean=-0.0773  std=0.9112
    GNNExplainer                : min=+0.0000  max=+1.0000  mean=+0.7273  std=0.4454
  [WRONG  ] Graph 1433 | true=1 pred=0 | nodes= 11 edges= 20
    GradExplainer               : min=-5.9333  max=+70.4360  mean=+20.2265  std=25.2696
    IntegratedGradExplainer     : min=-5.1305  max=+4.0900  mean=+0.2229  std=2.0871
    GNNExplainer                : min=+0.0000  max=+1.0000  mean=+0.6364  std=0.4810
  [CORRECT] Graph 1434 | true=1 pred=1 | nodes= 11 edges= 20
    GradExplainer               : min=-5.7445  max=+2.1108  mean=-0.2020  std=1.9241
    IntegratedGradExplainer     : min=-0.3928  max=+0.1339  mean=-0.0347  std=0.1308
    GNNExplainer                : min=+0.0000  max=+1.0000  mean=+0.7273  std=0.4454
  [WRONG  ] Graph 1435 | true=1 pred=0 | nodes= 11 edges= 20
    GradExplainer               : min=-130.0935  max=+49.0620  mean=-15.0329  std=41.5328
    IntegratedGradExplainer     : min=-4.1376  max=+6.7597  mean=+0.3985  std=2.4352
    GNNExplainer                : min=+0.0000  max=+1.0000  mean=+0.6364  std=0.4810
  [CORRECT] Graph 1436 | true=1 pred=1 | nodes= 11 edges= 20
    GradExplainer               : min=-0.6589  max=+0.8716  mean=+0.0758  std=0.3873
    IntegratedGradExplainer     : min=-0.6244  max=+0.4802  mean=-0.0402  std=0.2764
    GNNExplainer                : min=+0.0000  max=+1.0000  mean=+0.6364  std=0.4810
  [WRONG  ] Graph 1437 | true=1 pred=0 | nodes= 11 edges= 20
    GradExplainer               : min=-50.2542  max=+128.2496  mean=+28.2790  std=47.9099
    IntegratedGradExplainer     : min=-1.4229  max=+4.0478  mean=+0.3097  std=1.3950
    GNNExplainer                : min=+0.0000  max=+1.0000  mean=+0.4545  std=0.4979
  [WRONG  ] Graph 1438 | true=0 pred=1 | nodes= 11 edges= 20
    GradExplainer               : min=-5.5679  max=+27.1096  mean=+5.6688  std=9.0891
    IntegratedGradExplainer     : min=-0.4553  max=+2.5416  mean=+0.3159  std=0.7832
    GNNExplainer                : min=+0.0000  max=+1.0000  mean=+0.7273  std=0.4454
  [CORRECT] Graph 1439 | true=0 pred=0 | nodes= 11 edges= 20
    GradExplainer               : min=-0.0000  max=+0.0000  mean=-0.0000  std=0.0000
    IntegratedGradExplainer     : min=-0.1984  max=-0.0015  mean=-0.0841  std=0.0731
    GNNExplainer                : min=+0.0000  max=+1.0000  mean=+0.5455  std=0.4979
  [WRONG  ] Graph 1440 | true=0 pred=1 | nodes= 11 edges= 20
    GradExplainer               : min=-12.9853  max=+5.6805  mean=-2.1899  std=4.4959
    IntegratedGradExplainer     : min=-1.5510  max=+1.8270  mean=-0.0461  std=0.8003
    GNNExplainer                : min=+0.0000  max=+1.0000  mean=+0.7273  std=0.4454
  [CORRECT] Graph 1441 | true=1 pred=1 | nodes= 11 edges= 20
    GradExplainer               : min=-0.7780  max=+0.2178  mean=-0.2606  std=0.3306
    IntegratedGradExplainer     : min=-1.8398  max=+2.0866  mean=-0.0534  std=0.9632
    GNNExplainer                : min=+0.0000  max=+1.0000  mean=+0.7273  std=0.4454
  [WRONG  ] Graph 1442 | true=1 pred=0 | nodes= 11 edges= 20
    GradExplainer               : min=-66.3120  max=+1.7207  mean=-12.8762  std=19.1116
    IntegratedGradExplainer     : min=-5.0287  max=+4.6707  mean=+0.3647  std=2.2195
    GNNExplainer                : min=+0.0000  max=+1.0000  mean=+0.6364  std=0.4810
  [CORRECT] Graph 1443 | true=0 pred=0 | nodes= 11 edges= 20
    GradExplainer               : min=-0.0145  max=+0.0029  mean=-0.0046  std=0.0060
    IntegratedGradExplainer     : min=-0.3306  max=+0.0072  mean=-0.0884  std=0.1095
    GNNExplainer                : min=+0.0000  max=+1.0000  mean=+0.4545  std=0.4979
  [CORRECT] Graph 1444 | true=1 pred=1 | nodes= 11 edges= 20
    GradExplainer               : min=-0.2637  max=+0.0205  mean=-0.0625  std=0.0841
    IntegratedGradExplainer     : min=-0.2526  max=+0.0630  mean=-0.0458  std=0.0867
    GNNExplainer                : min=+0.0000  max=+1.0000  mean=+0.7273  std=0.4454
  [CORRECT] Graph 1445 | true=1 pred=1 | nodes= 11 edges= 20
    GradExplainer               : min=-0.0002  max=+0.0005  mean=+0.0000  std=0.0002
    IntegratedGradExplainer     : min=-0.2579  max=+0.1398  mean=-0.0348  std=0.1093
    GNNExplainer                : min=+0.0000  max=+1.0000  mean=+0.5455  std=0.4979
  [CORRECT] Graph 1446 | true=0 pred=0 | nodes= 11 edges= 20
    GradExplainer               : min=-0.0323  max=+0.0625  mean=-0.0046  std=0.0234
    IntegratedGradExplainer     : min=-0.7412  max=+0.1061  mean=-0.0872  std=0.2220
    GNNExplainer                : min=+0.0000  max=+1.0000  mean=+0.8182  std=0.3857
  [CORRECT] Graph 1447 | true=0 pred=0 | nodes= 11 edges= 20
    GradExplainer               : min=-0.8549  max=+0.3723  mean=-0.1168  std=0.3264
    IntegratedGradExplainer     : min=-0.5047  max=+0.0523  mean=-0.0837  std=0.1511
    GNNExplainer                : min=+0.0000  max=+1.0000  mean=+0.8182  std=0.3857
  [CORRECT] Graph 1448 | true=0 pred=0 | nodes= 11 edges= 20
    GradExplainer               : min=-0.0001  max=+0.0003  mean=+0.0001  std=0.0001
    IntegratedGradExplainer     : min=-0.1978  max=+0.0447  mean=-0.0848  std=0.0709
    GNNExplainer                : min=+0.0000  max=+1.0000  mean=+0.6364  std=0.4810
  [WRONG  ] Graph 1449 | true=0 pred=1 | nodes= 11 edges= 20
    GradExplainer               : min=+4.8629  max=+47.8428  mean=+16.8554  std=15.1497
    IntegratedGradExplainer     : min=-3.0653  max=+6.0006  mean=+0.3077  std=2.1789
    GNNExplainer                : min=+0.0000  max=+1.0000  mean=+0.5455  std=0.4979
  [CORRECT] Graph 1450 | true=0 pred=0 | nodes= 11 edges= 20
    GradExplainer               : min=-9.0301  max=+1.9634  mean=-1.2425  std=2.7611
    IntegratedGradExplainer     : min=-0.3293  max=+0.0452  mean=-0.0609  std=0.0914
    GNNExplainer                : min=+0.0000  max=+1.0000  mean=+0.8182  std=0.3857
  [CORRECT] Graph 1451 | true=1 pred=1 | nodes= 11 edges= 20
    GradExplainer               : min=-53.4427  max=+6.0148  mean=-12.6670  std=16.0159
    IntegratedGradExplainer     : min=-1.3984  max=+3.1049  mean=+0.0396  std=1.1341
    GNNExplainer                : min=+0.0000  max=+1.0000  mean=+0.7273  std=0.4454
  [CORRECT] Graph 1452 | true=1 pred=1 | nodes= 11 edges= 20
    GradExplainer               : min=-47.9100  max=-0.9815  mean=-9.8774  std=13.6096
    IntegratedGradExplainer     : min=-1.3689  max=+1.7207  mean=+0.0027  std=0.6814
    GNNExplainer                : min=+0.0000  max=+1.0000  mean=+0.5455  std=0.4979
  [WRONG  ] Graph 1453 | true=0 pred=1 | nodes= 11 edges= 20
    GradExplainer               : min=-31.6671  max=+69.6347  mean=+6.2881  std=26.0739
    IntegratedGradExplainer     : min=-0.9334  max=+1.3134  mean=-0.0186  std=0.5847
    GNNExplainer                : min=+0.0000  max=+1.0000  mean=+0.7273  std=0.4454
  [CORRECT] Graph 1454 | true=1 pred=1 | nodes= 11 edges= 20
    GradExplainer               : min=-5.6716  max=+8.6236  mean=-0.7461  std=3.4976
    IntegratedGradExplainer     : min=-2.0130  max=+1.7095  mean=-0.0304  std=0.8319
    GNNExplainer                : min=+0.0000  max=+1.0000  mean=+0.6364  std=0.4810
  [CORRECT] Graph 1455 | true=1 pred=1 | nodes= 11 edges= 20
    GradExplainer               : min=-0.0019  max=+0.0096  mean=+0.0021  std=0.0032
    IntegratedGradExplainer     : min=-0.3723  max=+0.2059  mean=-0.0490  std=0.1662
    GNNExplainer                : min=+0.0000  max=+1.0000  mean=+0.9091  std=0.2875
  [CORRECT] Graph 1456 | true=0 pred=0 | nodes= 11 edges= 20
    GradExplainer               : min=+0.0030  max=+0.0242  mean=+0.0091  std=0.0066
    IntegratedGradExplainer     : min=-0.2550  max=+0.0275  mean=-0.0840  std=0.0972
    GNNExplainer                : min=+0.0000  max=+1.0000  mean=+0.7273  std=0.4454
  [CORRECT] Graph 1457 | true=0 pred=0 | nodes= 11 edges= 20
    GradExplainer               : min=-0.0007  max=+0.0010  mean=+0.0002  std=0.0004
    IntegratedGradExplainer     : min=-0.4746  max=+0.1060  mean=-0.0887  std=0.1947
    GNNExplainer                : min=+0.0000  max=+1.0000  mean=+0.4545  std=0.4979
  [CORRECT] Graph 1458 | true=1 pred=1 | nodes= 11 edges= 20
    GradExplainer               : min=-0.0543  max=+0.1912  mean=+0.0757  std=0.0755
    IntegratedGradExplainer     : min=-0.5144  max=+0.2660  mean=-0.0480  std=0.2387
    GNNExplainer                : min=+0.0000  max=+1.0000  mean=+0.6364  std=0.4810
  [CORRECT] Graph 1459 | true=1 pred=1 | nodes= 11 edges= 20
    GradExplainer               : min=-1.4944  max=-0.1039  mean=-0.3472  std=0.4249
    IntegratedGradExplainer     : min=-0.1556  max=+0.0033  mean=-0.0372  std=0.0408
    GNNExplainer                : min=+0.0000  max=+1.0000  mean=+0.6364  std=0.4810
  [CORRECT] Graph 1460 | true=1 pred=1 | nodes= 11 edges= 20
    GradExplainer               : min=-76.9876  max=-0.7280  mean=-16.4007  std=23.5144
    IntegratedGradExplainer     : min=-8.9910  max=+5.1768  mean=+0.0184  std=3.3576
    GNNExplainer                : min=+0.0000  max=+1.0000  mean=+0.8182  std=0.3857
  [WRONG  ] Graph 1461 | true=0 pred=1 | nodes= 11 edges= 20
    GradExplainer               : min=-12.2660  max=+63.1499  mean=+18.9916  std=25.4857
    IntegratedGradExplainer     : min=-0.4352  max=+0.6230  mean=+0.0121  std=0.2454
    GNNExplainer                : min=+0.0000  max=+1.0000  mean=+0.7273  std=0.4454
  [CORRECT] Graph 1462 | true=0 pred=0 | nodes= 11 edges= 20
    GradExplainer               : min=-0.0003  max=+0.0004  mean=+0.0001  std=0.0002
    IntegratedGradExplainer     : min=-0.3737  max=+0.0003  mean=-0.0854  std=0.1017
    GNNExplainer                : min=+0.0000  max=+1.0000  mean=+0.8182  std=0.3857
  [CORRECT] Graph 1463 | true=1 pred=1 | nodes= 11 edges= 20
    GradExplainer               : min=-2.6749  max=+0.1907  mean=-0.7089  std=0.8410
    IntegratedGradExplainer     : min=-0.8800  max=+0.1699  mean=-0.0378  std=0.2794
    GNNExplainer                : min=+0.0000  max=+1.0000  mean=+0.4545  std=0.4979
  [CORRECT] Graph 1464 | true=1 pred=1 | nodes= 11 edges= 20
    GradExplainer               : min=-0.0013  max=+0.1222  mean=+0.0210  std=0.0355
    IntegratedGradExplainer     : min=-0.4521  max=+0.1848  mean=-0.0514  std=0.1655
    GNNExplainer                : min=+0.0000  max=+1.0000  mean=+0.6364  std=0.4810
  [WRONG  ] Graph 1465 | true=0 pred=1 | nodes= 11 edges= 20
    GradExplainer               : min=-3.4874  max=+10.2702  mean=+1.3207  std=3.5081
    IntegratedGradExplainer     : min=-1.8674  max=+1.0976  mean=-0.0476  std=0.7348
    GNNExplainer                : min=+0.0000  max=+1.0000  mean=+0.7273  std=0.4454
  [WRONG  ] Graph 1466 | true=0 pred=1 | nodes= 11 edges= 20
    GradExplainer               : min=-39.5299  max=+0.7508  mean=-10.9711  std=12.3225
    IntegratedGradExplainer     : min=-0.2150  max=+0.6189  mean=+0.0469  std=0.2740
    GNNExplainer                : min=+0.0000  max=+1.0000  mean=+0.9091  std=0.2875
  [CORRECT] Graph 1467 | true=0 pred=0 | nodes= 11 edges= 20
    GradExplainer               : min=-3.7384  max=+4.7930  mean=+0.1078  std=1.8423
    IntegratedGradExplainer     : min=-0.6505  max=+0.9858  mean=-0.0784  std=0.3947
    GNNExplainer                : min=+0.0000  max=+1.0000  mean=+0.5455  std=0.4979
  [CORRECT] Graph 1468 | true=0 pred=0 | nodes= 11 edges= 20
    GradExplainer               : min=-0.9571  max=+6.1865  mean=+1.3754  std=2.4811
    IntegratedGradExplainer     : min=-0.2613  max=+0.0141  mean=-0.0654  std=0.0727
    GNNExplainer                : min=+0.0000  max=+1.0000  mean=+0.8182  std=0.3857
  [CORRECT] Graph 1469 | true=0 pred=0 | nodes= 11 edges= 20
    GradExplainer               : min=-0.0559  max=+0.0087  mean=-0.0108  std=0.0175
    IntegratedGradExplainer     : min=-0.1683  max=-0.0123  mean=-0.0623  std=0.0436
    GNNExplainer                : min=+0.0000  max=+1.0000  mean=+0.8182  std=0.3857
  [WRONG  ] Graph 1470 | true=0 pred=1 | nodes= 11 edges= 20
    GradExplainer               : min=-15.4115  max=+61.6590  mean=+20.5560  std=21.0403
    IntegratedGradExplainer     : min=-2.6124  max=+3.7479  mean=+0.0505  std=1.4540
    GNNExplainer                : min=+0.0000  max=+1.0000  mean=+0.9091  std=0.2875
  [CORRECT] Graph 1471 | true=1 pred=1 | nodes= 11 edges= 20
    GradExplainer               : min=+0.0000  max=+0.0000  mean=+0.0000  std=0.0000
    IntegratedGradExplainer     : min=-0.3628  max=+0.0093  mean=-0.0475  std=0.1011
    GNNExplainer                : min=+0.0000  max=+1.0000  mean=+0.8182  std=0.3857
  [CORRECT] Graph 1472 | true=0 pred=0 | nodes= 11 edges= 20
    GradExplainer               : min=-0.6046  max=+0.4348  mean=-0.0623  std=0.2288
    IntegratedGradExplainer     : min=-0.2660  max=-0.0141  mean=-0.0856  std=0.0827
    GNNExplainer                : min=+0.0000  max=+1.0000  mean=+0.7273  std=0.4454
  [CORRECT] Graph 1473 | true=1 pred=1 | nodes= 11 edges= 20
    GradExplainer               : min=-0.0340  max=+0.0018  mean=-0.0059  std=0.0101
    IntegratedGradExplainer     : min=-0.8953  max=+1.0622  mean=-0.0370  std=0.4536
    GNNExplainer                : min=+0.0000  max=+1.0000  mean=+0.7273  std=0.4454
  [CORRECT] Graph 1474 | true=0 pred=0 | nodes= 11 edges= 20
    GradExplainer               : min=-3.0464  max=+22.7542  mean=+4.7553  std=7.0484
    IntegratedGradExplainer     : min=-0.3847  max=+0.1313  mean=-0.0785  std=0.1259
    GNNExplainer                : min=+0.0000  max=+1.0000  mean=+0.8182  std=0.3857
  [CORRECT] Graph 1475 | true=0 pred=0 | nodes= 11 edges= 20
    GradExplainer               : min=-0.0039  max=+0.0025  mean=-0.0000  std=0.0019
    IntegratedGradExplainer     : min=-0.8751  max=+0.5699  mean=-0.0869  std=0.3177
    GNNExplainer                : min=+0.0000  max=+1.0000  mean=+0.5455  std=0.4979
  [CORRECT] Graph 1476 | true=1 pred=1 | nodes= 11 edges= 20
    GradExplainer               : min=-3.0176  max=+0.1805  mean=-0.5984  std=0.9349
    IntegratedGradExplainer     : min=-1.1917  max=+1.4195  mean=-0.0463  std=0.6236
    GNNExplainer                : min=+0.0000  max=+1.0000  mean=+0.7273  std=0.4454
  [CORRECT] Graph 1477 | true=0 pred=0 | nodes= 11 edges= 20
    GradExplainer               : min=-7.2162  max=+6.5972  mean=-1.2569  std=3.4428
    IntegratedGradExplainer     : min=-2.2293  max=+4.1960  mean=-0.0924  std=1.6661
    GNNExplainer                : min=+0.0000  max=+1.0000  mean=+0.6364  std=0.4810
  [WRONG  ] Graph 1478 | true=1 pred=0 | nodes= 11 edges= 20
    GradExplainer               : min=-91.3104  max=+71.4485  mean=-8.9359  std=37.9119
    IntegratedGradExplainer     : min=-1.1106  max=+1.7062  mean=+0.2682  std=0.6491
    GNNExplainer                : min=+0.0000  max=+1.0000  mean=+0.6364  std=0.4810
  [CORRECT] Graph 1479 | true=0 pred=0 | nodes= 11 edges= 20
    GradExplainer               : min=-0.0184  max=-0.0001  mean=-0.0068  std=0.0067
    IntegratedGradExplainer     : min=-0.4291  max=+0.0619  mean=-0.0821  std=0.1416
    GNNExplainer                : min=+0.0000  max=+1.0000  mean=+0.5455  std=0.4979
  [CORRECT] Graph 1480 | true=1 pred=1 | nodes= 11 edges= 20
    GradExplainer               : min=-0.2790  max=+1.2590  mean=+0.3684  std=0.5462
    IntegratedGradExplainer     : min=-2.7647  max=+1.3137  mean=-0.0474  std=0.9314
    GNNExplainer                : min=+0.0000  max=+1.0000  mean=+0.8182  std=0.3857
  [CORRECT] Graph 1481 | true=1 pred=1 | nodes= 11 edges= 20
    GradExplainer               : min=-0.0000  max=+0.0000  mean=-0.0000  std=0.0000
    IntegratedGradExplainer     : min=-0.3442  max=+0.1468  mean=-0.0427  std=0.1264
    GNNExplainer                : min=+0.0000  max=+1.0000  mean=+0.8182  std=0.3857
  [CORRECT] Graph 1482 | true=0 pred=0 | nodes= 11 edges= 20
    GradExplainer               : min=-15.7238  max=+12.5665  mean=+0.0011  std=6.7135
    IntegratedGradExplainer     : min=-0.7845  max=+0.7039  mean=-0.0735  std=0.3608
    GNNExplainer                : min=+0.0000  max=+1.0000  mean=+0.8182  std=0.3857
  [WRONG  ] Graph 1483 | true=1 pred=0 | nodes= 11 edges= 20
    GradExplainer               : min=-67.1717  max=+14.1045  mean=-9.4361  std=20.8015
    IntegratedGradExplainer     : min=-3.5817  max=+3.6209  mean=+0.5874  std=1.6027
    GNNExplainer                : min=+0.0000  max=+1.0000  mean=+0.7273  std=0.4454
  [CORRECT] Graph 1484 | true=1 pred=1 | nodes= 11 edges= 20
    GradExplainer               : min=-13.1845  max=+1.3817  mean=-2.0969  std=4.4165
    IntegratedGradExplainer     : min=-0.9660  max=+0.6753  mean=-0.0424  std=0.3812
    GNNExplainer                : min=+0.0000  max=+1.0000  mean=+0.3636  std=0.4810
  [CORRECT] Graph 1485 | true=0 pred=0 | nodes= 11 edges= 20
    GradExplainer               : min=-3.0319  max=+0.2283  mean=-1.0185  std=1.1103
    IntegratedGradExplainer     : min=-0.3340  max=+0.0161  mean=-0.0844  std=0.0965
    GNNExplainer                : min=+0.0000  max=+1.0000  mean=+0.5455  std=0.4979
  [WRONG  ] Graph 1486 | true=0 pred=1 | nodes= 11 edges= 20
    GradExplainer               : min=-7.1452  max=+33.4113  mean=+3.5906  std=10.1750
    IntegratedGradExplainer     : min=-0.5188  max=+0.8046  mean=-0.0073  std=0.4157
    GNNExplainer                : min=+0.0000  max=+1.0000  mean=+0.6364  std=0.4810
  [CORRECT] Graph 1487 | true=0 pred=0 | nodes= 11 edges= 20
    GradExplainer               : min=-0.0054  max=+0.1948  mean=+0.0420  std=0.0554
    IntegratedGradExplainer     : min=-0.9848  max=+0.1779  mean=-0.0815  std=0.3035
    GNNExplainer                : min=+0.0000  max=+1.0000  mean=+0.7273  std=0.4454
  [CORRECT] Graph 1488 | true=1 pred=1 | nodes= 11 edges= 20
    GradExplainer               : min=-4.9092  max=+4.0402  mean=+0.1639  std=2.0204
    IntegratedGradExplainer     : min=-2.4213  max=+1.8509  mean=-0.0280  std=0.9757
    GNNExplainer                : min=+0.0000  max=+1.0000  mean=+0.7273  std=0.4454
  [WRONG  ] Graph 1489 | true=1 pred=0 | nodes= 11 edges= 20
    GradExplainer               : min=-37.8171  max=+12.5915  mean=-9.8030  std=15.3435
    IntegratedGradExplainer     : min=-0.2567  max=+5.8799  mean=+0.9621  std=1.6376
    GNNExplainer                : min=+0.0000  max=+1.0000  mean=+0.6364  std=0.4810
  [WRONG  ] Graph 1490 | true=0 pred=1 | nodes= 11 edges= 20
    GradExplainer               : min=-35.5595  max=+73.5667  mean=+12.4813  std=27.5869
    IntegratedGradExplainer     : min=-3.8041  max=+3.8361  mean=+0.0950  std=1.6777
    GNNExplainer                : min=+0.0000  max=+1.0000  mean=+0.7273  std=0.4454
  [CORRECT] Graph 1491 | true=0 pred=0 | nodes= 11 edges= 20
    GradExplainer               : min=-0.0612  max=-0.0014  mean=-0.0119  std=0.0174
    IntegratedGradExplainer     : min=-0.4787  max=+0.1433  mean=-0.0854  std=0.1688
    GNNExplainer                : min=+0.0000  max=+1.0000  mean=+0.4545  std=0.4979
  [CORRECT] Graph 1492 | true=0 pred=0 | nodes= 11 edges= 20
    GradExplainer               : min=-0.0016  max=+0.0001  mean=-0.0002  std=0.0005
    IntegratedGradExplainer     : min=-0.2252  max=-0.0297  mean=-0.0829  std=0.0678
    GNNExplainer                : min=+0.0000  max=+1.0000  mean=+0.6364  std=0.4810
  [CORRECT] Graph 1493 | true=1 pred=1 | nodes= 11 edges= 20
    GradExplainer               : min=-38.2306  max=+21.2463  mean=-5.9876  std=13.1696
    IntegratedGradExplainer     : min=-2.0159  max=+0.7518  mean=-0.0007  std=0.6825
    GNNExplainer                : min=+0.0000  max=+1.0000  mean=+0.7273  std=0.4454
  [CORRECT] Graph 1494 | true=1 pred=1 | nodes= 11 edges= 20
    GradExplainer               : min=-32.9468  max=+10.3517  mean=-6.7614  std=11.7702
    IntegratedGradExplainer     : min=-1.0764  max=+0.7596  mean=+0.0270  std=0.5235
    GNNExplainer                : min=+0.0000  max=+1.0000  mean=+0.6364  std=0.4810
  [CORRECT] Graph 1495 | true=0 pred=0 | nodes= 11 edges= 20
    GradExplainer               : min=-0.0000  max=+0.0000  mean=+0.0000  std=0.0000
    IntegratedGradExplainer     : min=-0.3234  max=+0.0069  mean=-0.0821  std=0.0881
    GNNExplainer                : min=+0.0000  max=+1.0000  mean=+0.7273  std=0.4454
  [CORRECT] Graph 1496 | true=0 pred=0 | nodes= 11 edges= 20
    GradExplainer               : min=-0.0027  max=+0.0003  mean=-0.0003  std=0.0008
    IntegratedGradExplainer     : min=-0.2274  max=-0.0260  mean=-0.0854  std=0.0618
    GNNExplainer                : min=+0.0000  max=+1.0000  mean=+0.7273  std=0.4454
  [WRONG  ] Graph 1497 | true=1 pred=0 | nodes= 11 edges= 20
    GradExplainer               : min=-18.8579  max=+32.8925  mean=+2.2887  std=12.4330
    IntegratedGradExplainer     : min=-0.5925  max=+1.9378  mean=+0.1286  std=0.6135
    GNNExplainer                : min=+0.0000  max=+1.0000  mean=+0.5455  std=0.4979
  [CORRECT] Graph 1498 | true=1 pred=1 | nodes= 11 edges= 20
    GradExplainer               : min=-53.1075  max=+6.3707  mean=-10.2774  std=15.7328
    IntegratedGradExplainer     : min=-2.0401  max=+0.6858  mean=-0.0116  std=0.7101
    GNNExplainer                : min=+0.0000  max=+1.0000  mean=+0.5455  std=0.4979
  [CORRECT] Graph 1499 | true=1 pred=1 | nodes= 11 edges= 20
    GradExplainer               : min=-0.0005  max=+0.0002  mean=-0.0001  std=0.0001
    IntegratedGradExplainer     : min=-0.4088  max=+0.4132  mean=-0.0589  std=0.2071
    GNNExplainer                : min=+0.0000  max=+1.0000  mean=+0.9091  std=0.2875
  [CORRECT] Graph 1500 | true=0 pred=0 | nodes= 11 edges= 20
    GradExplainer               : min=-1.3161  max=+1.8208  mean=+0.1981  std=0.7902
    IntegratedGradExplainer     : min=-1.3367  max=+0.9628  mean=-0.0879  std=0.5149
    GNNExplainer                : min=+0.0000  max=+1.0000  mean=+0.8182  std=0.3857
  [WRONG  ] Graph 1501 | true=0 pred=1 | nodes= 11 edges= 20
    GradExplainer               : min=-32.1132  max=+109.3593  mean=+32.2181  std=39.9750
    IntegratedGradExplainer     : min=-0.1458  max=+0.3945  mean=+0.0187  std=0.1465
    GNNExplainer                : min=+0.0000  max=+1.0000  mean=+0.4545  std=0.4979
  [CORRECT] Graph 1502 | true=0 pred=0 | nodes= 11 edges= 20
    GradExplainer               : min=-0.0133  max=+0.0001  mean=-0.0027  std=0.0038
    IntegratedGradExplainer     : min=-0.5596  max=+0.0218  mean=-0.0873  std=0.1564
    GNNExplainer                : min=+0.0000  max=+1.0000  mean=+0.4545  std=0.4979
  [WRONG  ] Graph 1503 | true=1 pred=0 | nodes= 11 edges= 20
    GradExplainer               : min=-101.4594  max=+84.6353  mean=+6.7147  std=44.2590
    IntegratedGradExplainer     : min=-0.7319  max=+1.1418  mean=+0.1147  std=0.4655
    GNNExplainer                : min=+0.0000  max=+1.0000  mean=+0.7273  std=0.4454
  [WRONG  ] Graph 1504 | true=1 pred=0 | nodes= 11 edges= 20
    GradExplainer               : min=-50.9801  max=+50.9458  mean=-2.5855  std=26.6707
    IntegratedGradExplainer     : min=-1.3274  max=+2.0573  mean=+0.1222  std=0.7735
    GNNExplainer                : min=+0.0000  max=+1.0000  mean=+0.6364  std=0.4810
  [WRONG  ] Graph 1505 | true=0 pred=1 | nodes= 11 edges= 20
    GradExplainer               : min=-19.6661  max=+193.3838  mean=+27.2015  std=57.0223
    IntegratedGradExplainer     : min=-0.5914  max=+0.7515  mean=+0.0755  std=0.4340
    GNNExplainer                : min=+0.0000  max=+1.0000  mean=+0.6364  std=0.4810
  [WRONG  ] Graph 1506 | true=0 pred=1 | nodes= 11 edges= 20
    GradExplainer               : min=-42.1916  max=+49.6551  mean=-1.0168  std=24.2552
    IntegratedGradExplainer     : min=-3.4346  max=+2.9926  mean=+0.1539  std=1.5443
    GNNExplainer                : min=+0.0000  max=+1.0000  mean=+0.6364  std=0.4810
  [CORRECT] Graph 1507 | true=1 pred=1 | nodes= 11 edges= 20
    GradExplainer               : min=-0.4849  max=+0.3132  mean=-0.0758  std=0.1849
    IntegratedGradExplainer     : min=-0.6502  max=+0.3430  mean=-0.0368  std=0.2369
    GNNExplainer                : min=+0.0000  max=+1.0000  mean=+0.8182  std=0.3857
  [CORRECT] Graph 1508 | true=0 pred=0 | nodes= 11 edges= 20
    GradExplainer               : min=-0.0449  max=+0.0030  mean=-0.0068  std=0.0131
    IntegratedGradExplainer     : min=-0.4160  max=+0.1560  mean=-0.0840  std=0.1550
    GNNExplainer                : min=+0.0000  max=+1.0000  mean=+0.9091  std=0.2875
  [CORRECT] Graph 1509 | true=1 pred=1 | nodes= 11 edges= 20
    GradExplainer               : min=-0.3289  max=+0.4100  mean=+0.0103  std=0.1606
    IntegratedGradExplainer     : min=-0.5881  max=+0.3487  mean=-0.0523  std=0.2887
    GNNExplainer                : min=+0.0000  max=+1.0000  mean=+0.5455  std=0.4979
  [CORRECT] Graph 1510 | true=0 pred=0 | nodes= 11 edges= 20
    GradExplainer               : min=-0.7219  max=+0.1882  mean=-0.0431  std=0.2320
    IntegratedGradExplainer     : min=-0.3777  max=+0.1260  mean=-0.0890  std=0.1344
    GNNExplainer                : min=+0.0000  max=+1.0000  mean=+0.5455  std=0.4979
  [CORRECT] Graph 1511 | true=1 pred=1 | nodes= 11 edges= 20
    GradExplainer               : min=-0.0000  max=+0.0000  mean=+0.0000  std=0.0000
    IntegratedGradExplainer     : min=-0.2941  max=+0.4477  mean=-0.0415  std=0.1908
    GNNExplainer                : min=+0.0000  max=+1.0000  mean=+0.6364  std=0.4810
  [CORRECT] Graph 1512 | true=0 pred=0 | nodes= 11 edges= 20
    GradExplainer               : min=-0.9896  max=+1.8112  mean=+0.2820  std=0.7997
    IntegratedGradExplainer     : min=-0.2733  max=+0.0221  mean=-0.0865  std=0.0997
    GNNExplainer                : min=+0.0000  max=+1.0000  mean=+0.7273  std=0.4454
  [CORRECT] Graph 1513 | true=1 pred=1 | nodes= 11 edges= 20
    GradExplainer               : min=-13.3437  max=+0.6286  mean=-3.1244  std=4.1649
    IntegratedGradExplainer     : min=-0.2451  max=+0.2661  mean=-0.0280  std=0.1420
    GNNExplainer                : min=+0.0000  max=+1.0000  mean=+0.7273  std=0.4454
  [CORRECT] Graph 1514 | true=0 pred=0 | nodes= 11 edges= 20
    GradExplainer               : min=-0.0000  max=+0.0000  mean=+0.0000  std=0.0000
    IntegratedGradExplainer     : min=-0.4399  max=+0.2917  mean=-0.0842  std=0.1936
    GNNExplainer                : min=+0.0000  max=+1.0000  mean=+0.7273  std=0.4454
  [CORRECT] Graph 1515 | true=1 pred=1 | nodes= 11 edges= 20
    GradExplainer               : min=-12.2365  max=+7.7968  mean=-1.7262  std=4.7732
    IntegratedGradExplainer     : min=-1.2497  max=+0.8648  mean=+0.0123  std=0.5855
    GNNExplainer                : min=+0.0000  max=+1.0000  mean=+0.4545  std=0.4979
  [WRONG  ] Graph 1516 | true=1 pred=0 | nodes= 11 edges= 20
    GradExplainer               : min=-94.2564  max=+2.8989  mean=-20.8505  std=29.1413
    IntegratedGradExplainer     : min=-1.7005  max=+2.2603  mean=+0.0652  std=0.9335
    GNNExplainer                : min=+0.0000  max=+1.0000  mean=+0.7273  std=0.4454
  [CORRECT] Graph 1517 | true=0 pred=0 | nodes= 11 edges= 20
    GradExplainer               : min=-0.0313  max=+0.0168  mean=-0.0024  std=0.0107
    IntegratedGradExplainer     : min=-0.2683  max=+0.0602  mean=-0.0867  std=0.0798
    GNNExplainer                : min=+0.0000  max=+1.0000  mean=+0.8182  std=0.3857
  [WRONG  ] Graph 1518 | true=0 pred=1 | nodes= 11 edges= 20
    GradExplainer               : min=-27.5523  max=+45.6731  mean=+11.9475  std=20.2942
    IntegratedGradExplainer     : min=-1.3239  max=+2.0750  mean=+0.2808  std=1.0265
    GNNExplainer                : min=+0.0000  max=+1.0000  mean=+0.6364  std=0.4810
  [CORRECT] Graph 1519 | true=1 pred=1 | nodes= 11 edges= 20
    GradExplainer               : min=-0.1884  max=-0.0097  mean=-0.0541  std=0.0683
    IntegratedGradExplainer     : min=-0.3349  max=+0.2679  mean=-0.0486  std=0.1416
    GNNExplainer                : min=+0.0000  max=+1.0000  mean=+0.5455  std=0.4979
  [CORRECT] Graph 1520 | true=0 pred=0 | nodes= 11 edges= 20
    GradExplainer               : min=-0.0107  max=+0.0487  mean=+0.0118  std=0.0178
    IntegratedGradExplainer     : min=-0.2893  max=+0.0532  mean=-0.0909  std=0.1087
    GNNExplainer                : min=+0.0000  max=+1.0000  mean=+0.6364  std=0.4810
  [CORRECT] Graph 1521 | true=0 pred=0 | nodes= 11 edges= 20
    GradExplainer               : min=-0.4758  max=+1.2153  mean=+0.1722  std=0.4168
    IntegratedGradExplainer     : min=-0.3278  max=+0.0348  mean=-0.0833  std=0.0913
    GNNExplainer                : min=+0.0000  max=+1.0000  mean=+0.6364  std=0.4810
  [WRONG  ] Graph 1522 | true=0 pred=1 | nodes= 11 edges= 20
    GradExplainer               : min=-21.5059  max=+74.9530  mean=+13.6239  std=24.2405
    IntegratedGradExplainer     : min=-1.1348  max=+0.5153  mean=-0.0456  std=0.3969
    GNNExplainer                : min=+0.0000  max=+1.0000  mean=+0.6364  std=0.4810
  [WRONG  ] Graph 1523 | true=1 pred=0 | nodes= 11 edges= 20
    GradExplainer               : min=+9.8236  max=+52.3326  mean=+22.1926  std=15.9580
    IntegratedGradExplainer     : min=-0.7186  max=+2.1972  mean=+0.3394  std=0.8061
    GNNExplainer                : min=+0.0000  max=+1.0000  mean=+0.7273  std=0.4454
  [WRONG  ] Graph 1524 | true=0 pred=1 | nodes= 11 edges= 20
    GradExplainer               : min=-71.0506  max=+48.6091  mean=+6.3410  std=28.7182
    IntegratedGradExplainer     : min=-2.4721  max=+2.0879  mean=+0.2779  std=1.1356
    GNNExplainer                : min=+0.0000  max=+1.0000  mean=+0.6364  std=0.4810
  [CORRECT] Graph 1525 | true=1 pred=1 | nodes= 11 edges= 20
    GradExplainer               : min=-3.3579  max=+0.2186  mean=-1.0773  std=1.2570
    IntegratedGradExplainer     : min=-0.4595  max=+0.3164  mean=-0.0386  std=0.1992
    GNNExplainer                : min=+0.0000  max=+1.0000  mean=+0.5455  std=0.4979
  [CORRECT] Graph 1526 | true=0 pred=0 | nodes= 11 edges= 20
    GradExplainer               : min=-0.0309  max=+0.0074  mean=-0.0040  std=0.0096
    IntegratedGradExplainer     : min=-0.3102  max=+0.3633  mean=-0.0854  std=0.1684
    GNNExplainer                : min=+0.0000  max=+1.0000  mean=+0.8182  std=0.3857
  [CORRECT] Graph 1527 | true=1 pred=1 | nodes= 11 edges= 20
    GradExplainer               : min=-0.0001  max=+0.0000  mean=-0.0000  std=0.0000
    IntegratedGradExplainer     : min=-0.5209  max=+0.1356  mean=-0.0444  std=0.1585
    GNNExplainer                : min=+0.0000  max=+1.0000  mean=+0.4545  std=0.4979
  [CORRECT] Graph 1528 | true=0 pred=0 | nodes= 11 edges= 20
    GradExplainer               : min=-3.4872  max=-0.0898  mean=-0.8449  std=0.9709
    IntegratedGradExplainer     : min=-0.7391  max=+0.3726  mean=-0.0581  std=0.2704
    GNNExplainer                : min=+0.0000  max=+1.0000  mean=+0.7273  std=0.4454
  [WRONG  ] Graph 1529 | true=1 pred=0 | nodes= 11 edges= 20
    GradExplainer               : min=-61.8124  max=+126.9225  mean=+12.1331  std=42.6233
    IntegratedGradExplainer     : min=-1.7595  max=+1.6845  mean=+0.3678  std=0.9389
    GNNExplainer                : min=+0.0000  max=+1.0000  mean=+0.8182  std=0.3857
  [CORRECT] Graph 1530 | true=1 pred=1 | nodes= 11 edges= 20
    GradExplainer               : min=-1.7424  max=+0.0315  mean=-0.3190  std=0.5075
    IntegratedGradExplainer     : min=-0.2708  max=+0.1570  mean=-0.0467  std=0.1216
    GNNExplainer                : min=+0.0000  max=+1.0000  mean=+0.7273  std=0.4454
  [CORRECT] Graph 1531 | true=1 pred=1 | nodes= 11 edges= 20
    GradExplainer               : min=-1.0419  max=+0.5194  mean=-0.1975  std=0.3646
    IntegratedGradExplainer     : min=-0.4075  max=+0.1932  mean=-0.0454  std=0.1626
    GNNExplainer                : min=+0.0000  max=+1.0000  mean=+0.6364  std=0.4810
  [WRONG  ] Graph 1532 | true=0 pred=1 | nodes= 11 edges= 20
    GradExplainer               : min=-49.3264  max=+53.6399  mean=+11.7089  std=26.9787
    IntegratedGradExplainer     : min=-3.8903  max=+5.7068  mean=+0.5648  std=2.7431
    GNNExplainer                : min=+0.0000  max=+1.0000  mean=+0.6364  std=0.4810
  [CORRECT] Graph 1533 | true=1 pred=1 | nodes= 11 edges= 20
    GradExplainer               : min=-0.0172  max=+0.4785  mean=+0.1033  std=0.1391
    IntegratedGradExplainer     : min=-0.6849  max=+0.1882  mean=-0.0462  std=0.2214
    GNNExplainer                : min=+0.0000  max=+1.0000  mean=+0.7273  std=0.4454
  [WRONG  ] Graph 1534 | true=0 pred=1 | nodes= 11 edges= 20
    GradExplainer               : min=-40.6463  max=+191.7977  mean=+65.4774  std=88.3243
    IntegratedGradExplainer     : min=-1.2282  max=+3.1321  mean=+0.1233  std=1.1216
    GNNExplainer                : min=+0.0000  max=+1.0000  mean=+0.6364  std=0.4810
  [WRONG  ] Graph 1535 | true=0 pred=1 | nodes= 11 edges= 20
    GradExplainer               : min=-3.5524  max=+9.7148  mean=+2.4668  std=4.1349
    IntegratedGradExplainer     : min=-0.1641  max=+0.2270  mean=-0.0214  std=0.1179
    GNNExplainer                : min=+0.0000  max=+1.0000  mean=+0.7273  std=0.4454
  [CORRECT] Graph 1536 | true=1 pred=1 | nodes= 11 edges= 20
    GradExplainer               : min=-37.2049  max=+5.4291  mean=-12.8614  std=14.5642
    IntegratedGradExplainer     : min=-1.7074  max=+1.7742  mean=+0.0289  std=0.8532
    GNNExplainer                : min=+0.0000  max=+1.0000  mean=+0.6364  std=0.4810
  [CORRECT] Graph 1537 | true=0 pred=0 | nodes= 11 edges= 20
    GradExplainer               : min=-0.0025  max=+0.0005  mean=-0.0005  std=0.0008
    IntegratedGradExplainer     : min=-0.6199  max=+0.2390  mean=-0.0815  std=0.1929
    GNNExplainer                : min=+0.0000  max=+1.0000  mean=+0.5455  std=0.4979
  [CORRECT] Graph 1538 | true=1 pred=1 | nodes= 11 edges= 20
    GradExplainer               : min=-0.0223  max=+0.0521  mean=+0.0016  std=0.0190
    IntegratedGradExplainer     : min=-0.5537  max=+0.1564  mean=-0.0398  std=0.1880
    GNNExplainer                : min=+0.0000  max=+1.0000  mean=+0.5455  std=0.4979
  [CORRECT] Graph 1539 | true=0 pred=0 | nodes= 11 edges= 20
    GradExplainer               : min=-0.0030  max=+0.0047  mean=-0.0006  std=0.0021
    IntegratedGradExplainer     : min=-0.9802  max=+0.1217  mean=-0.0882  std=0.2944
    GNNExplainer                : min=+0.0000  max=+1.0000  mean=+0.8182  std=0.3857
  [CORRECT] Graph 1540 | true=1 pred=1 | nodes= 11 edges= 20
    GradExplainer               : min=-0.2347  max=+0.0238  mean=-0.0291  std=0.0708
    IntegratedGradExplainer     : min=-0.7936  max=+0.7205  mean=-0.0499  std=0.3954
    GNNExplainer                : min=+0.0000  max=+1.0000  mean=+0.4545  std=0.4979
  [WRONG  ] Graph 1541 | true=0 pred=1 | nodes= 11 edges= 20
    GradExplainer               : min=-22.0613  max=+36.8800  mean=+0.9813  std=16.3547
    IntegratedGradExplainer     : min=-0.5031  max=+0.6941  mean=+0.0235  std=0.2797
    GNNExplainer                : min=+0.0000  max=+1.0000  mean=+0.7273  std=0.4454
  [CORRECT] Graph 1542 | true=1 pred=1 | nodes= 11 edges= 20
    GradExplainer               : min=-0.2088  max=-0.0028  mean=-0.0578  std=0.0805
    IntegratedGradExplainer     : min=-0.9092  max=+0.6842  mean=-0.0533  std=0.3814
    GNNExplainer                : min=+0.0000  max=+1.0000  mean=+0.8182  std=0.3857
  [WRONG  ] Graph 1543 | true=0 pred=1 | nodes= 11 edges= 20
    GradExplainer               : min=-29.2934  max=+43.8456  mean=-0.6841  std=17.1801
    IntegratedGradExplainer     : min=-0.7282  max=+1.5852  mean=+0.0737  std=0.5330
    GNNExplainer                : min=+0.0000  max=+1.0000  mean=+0.8182  std=0.3857
  [CORRECT] Graph 1544 | true=0 pred=0 | nodes= 11 edges= 20
    GradExplainer               : min=-0.1018  max=+6.7602  mean=+1.0524  std=2.0735
    IntegratedGradExplainer     : min=-0.5071  max=+0.2528  mean=-0.0860  std=0.2029
    GNNExplainer                : min=+0.0000  max=+1.0000  mean=+0.8182  std=0.3857
  [CORRECT] Graph 1545 | true=0 pred=0 | nodes= 11 edges= 20
    GradExplainer               : min=-5.6815  max=+9.9894  mean=-0.7862  std=4.0914
    IntegratedGradExplainer     : min=-0.2182  max=+0.0630  mean=-0.0569  std=0.0868
    GNNExplainer                : min=+0.0000  max=+1.0000  mean=+0.8182  std=0.3857
  [WRONG  ] Graph 1546 | true=0 pred=1 | nodes= 11 edges= 20
    GradExplainer               : min=-73.1412  max=+52.5527  mean=+0.5081  std=35.3247
    IntegratedGradExplainer     : min=-3.6143  max=+2.6484  mean=+0.1177  std=1.5923
    GNNExplainer                : min=+0.0000  max=+1.0000  mean=+0.7273  std=0.4454
  [CORRECT] Graph 1547 | true=1 pred=1 | nodes= 11 edges= 20
    GradExplainer               : min=-0.1227  max=-0.0222  mean=-0.0630  std=0.0376
    IntegratedGradExplainer     : min=-0.2399  max=+0.0403  mean=-0.0463  std=0.0888
    GNNExplainer                : min=+0.0000  max=+1.0000  mean=+0.6364  std=0.4810
  [CORRECT] Graph 1548 | true=0 pred=0 | nodes= 11 edges= 20
    GradExplainer               : min=-0.0000  max=+0.0000  mean=-0.0000  std=0.0000
    IntegratedGradExplainer     : min=-0.5675  max=+0.3323  mean=-0.0871  std=0.2151
    GNNExplainer                : min=+0.0000  max=+1.0000  mean=+0.8182  std=0.3857
  [CORRECT] Graph 1549 | true=0 pred=0 | nodes= 11 edges= 20
    GradExplainer               : min=-0.0317  max=+0.0089  mean=-0.0057  std=0.0091
    IntegratedGradExplainer     : min=-0.9812  max=+0.6391  mean=-0.0835  std=0.3554
    GNNExplainer                : min=+0.0000  max=+1.0000  mean=+0.4545  std=0.4979
  [CORRECT] Graph 1550 | true=0 pred=0 | nodes= 11 edges= 20
    GradExplainer               : min=-0.3880  max=+0.9013  mean=+0.2659  std=0.3988
    IntegratedGradExplainer     : min=-0.3930  max=+0.1608  mean=-0.0808  std=0.1304
    GNNExplainer                : min=+0.0000  max=+1.0000  mean=+0.7273  std=0.4454
  [CORRECT] Graph 1551 | true=1 pred=1 | nodes= 11 edges= 20
    GradExplainer               : min=-1.2442  max=+6.3737  mean=+1.4361  std=2.1741
    IntegratedGradExplainer     : min=-0.5456  max=+0.1032  mean=-0.0384  std=0.1733
    GNNExplainer                : min=+0.0000  max=+1.0000  mean=+0.8182  std=0.3857
  [CORRECT] Graph 1552 | true=0 pred=0 | nodes= 11 edges= 20
    GradExplainer               : min=-5.0530  max=+6.5792  mean=-0.6606  std=2.9886
    IntegratedGradExplainer     : min=-0.7359  max=+0.2094  mean=-0.0603  std=0.2398
    GNNExplainer                : min=+0.0000  max=+1.0000  mean=+0.6364  std=0.4810
  [CORRECT] Graph 1553 | true=1 pred=1 | nodes= 11 edges= 20
    GradExplainer               : min=-0.2973  max=+6.3230  mean=+1.1004  std=1.8791
    IntegratedGradExplainer     : min=-0.2695  max=+0.1057  mean=-0.0354  std=0.1322
    GNNExplainer                : min=+0.0000  max=+1.0000  mean=+0.5455  std=0.4979
  [WRONG  ] Graph 1554 | true=0 pred=1 | nodes= 11 edges= 20
    GradExplainer               : min=-108.5550  max=+245.8088  mean=+16.8590  std=87.7106
    IntegratedGradExplainer     : min=-2.1883  max=+4.4531  mean=+0.4798  std=1.4878
    GNNExplainer                : min=+0.0000  max=+1.0000  mean=+0.8182  std=0.3857
  [CORRECT] Graph 1555 | true=0 pred=0 | nodes= 11 edges= 20
    GradExplainer               : min=+1.1595  max=+20.6115  mean=+7.2058  std=6.1044
    IntegratedGradExplainer     : min=-0.7673  max=+0.4791  mean=-0.0469  std=0.2999
    GNNExplainer                : min=+0.0000  max=+1.0000  mean=+0.8182  std=0.3857
  [CORRECT] Graph 1556 | true=0 pred=0 | nodes= 11 edges= 20
    GradExplainer               : min=-0.1053  max=+1.5506  mean=+0.2099  std=0.4750
    IntegratedGradExplainer     : min=-0.5489  max=+0.0901  mean=-0.0823  std=0.1567
    GNNExplainer                : min=+0.0000  max=+1.0000  mean=+0.6364  std=0.4810
  [WRONG  ] Graph 1557 | true=1 pred=0 | nodes= 11 edges= 20
    GradExplainer               : min=-78.2019  max=+18.9871  mean=-8.5672  std=25.1390
    IntegratedGradExplainer     : min=-1.1731  max=+2.4260  mean=+0.3222  std=0.9105
    GNNExplainer                : min=+0.0000  max=+1.0000  mean=+0.7273  std=0.4454
  [WRONG  ] Graph 1558 | true=0 pred=1 | nodes= 11 edges= 20
    GradExplainer               : min=-75.8192  max=+38.0863  mean=-4.8992  std=27.2385
    IntegratedGradExplainer     : min=-1.1028  max=+2.0175  mean=+0.1908  std=0.7478
    GNNExplainer                : min=+0.0000  max=+1.0000  mean=+0.9091  std=0.2875
  [CORRECT] Graph 1559 | true=0 pred=0 | nodes= 11 edges= 20
    GradExplainer               : min=-0.0002  max=+0.0000  mean=-0.0000  std=0.0001
    IntegratedGradExplainer     : min=-0.2775  max=+0.0412  mean=-0.0847  std=0.1091
    GNNExplainer                : min=+0.0000  max=+1.0000  mean=+0.7273  std=0.4454
  [CORRECT] Graph 1560 | true=0 pred=0 | nodes= 11 edges= 20
    GradExplainer               : min=-0.0002  max=+0.0007  mean=+0.0001  std=0.0002
    IntegratedGradExplainer     : min=-0.2644  max=+0.0179  mean=-0.0819  std=0.0986
    GNNExplainer                : min=+0.0000  max=+1.0000  mean=+0.7273  std=0.4454
  [CORRECT] Graph 1561 | true=0 pred=0 | nodes= 11 edges= 20
    GradExplainer               : min=-0.0016  max=+0.0036  mean=-0.0001  std=0.0013
    IntegratedGradExplainer     : min=-0.2414  max=+0.0367  mean=-0.0871  std=0.0761
    GNNExplainer                : min=+0.0000  max=+1.0000  mean=+0.8182  std=0.3857
  [CORRECT] Graph 1562 | true=0 pred=0 | nodes= 11 edges= 20
    GradExplainer               : min=-0.5668  max=+0.2712  mean=-0.1079  std=0.2372
    IntegratedGradExplainer     : min=-0.3696  max=+0.0742  mean=-0.0832  std=0.1042
    GNNExplainer                : min=+0.0000  max=+1.0000  mean=+0.7273  std=0.4454
  [CORRECT] Graph 1563 | true=0 pred=0 | nodes= 11 edges= 20
    GradExplainer               : min=-0.0724  max=+0.0039  mean=-0.0244  std=0.0274
    IntegratedGradExplainer     : min=-0.2082  max=+0.0184  mean=-0.0851  std=0.0634
    GNNExplainer                : min=+0.0000  max=+1.0000  mean=+0.7273  std=0.4454
  [CORRECT] Graph 1564 | true=0 pred=0 | nodes= 11 edges= 20
    GradExplainer               : min=-0.0000  max=+0.0000  mean=+0.0000  std=0.0000
    IntegratedGradExplainer     : min=-0.6823  max=+0.3208  mean=-0.0911  std=0.2302
    GNNExplainer                : min=+0.0000  max=+1.0000  mean=+0.6364  std=0.4810
  [CORRECT] Graph 1565 | true=0 pred=0 | nodes= 11 edges= 20
    GradExplainer               : min=-0.2618  max=+0.0220  mean=-0.1084  std=0.0952
    IntegratedGradExplainer     : min=-0.7755  max=+0.0946  mean=-0.0870  std=0.2513
    GNNExplainer                : min=+0.0000  max=+1.0000  mean=+0.6364  std=0.4810
  [CORRECT] Graph 1566 | true=1 pred=1 | nodes= 11 edges= 20
    GradExplainer               : min=-0.0003  max=-0.0000  mean=-0.0001  std=0.0001
    IntegratedGradExplainer     : min=-0.3162  max=+0.2085  mean=-0.0463  std=0.1417
    GNNExplainer                : min=+0.0000  max=+1.0000  mean=+0.5455  std=0.4979
  [CORRECT] Graph 1567 | true=0 pred=0 | nodes= 11 edges= 20
    GradExplainer               : min=-0.1976  max=+0.1316  mean=-0.0100  std=0.0721
    IntegratedGradExplainer     : min=-0.2511  max=+0.0287  mean=-0.0887  std=0.0883
    GNNExplainer                : min=+0.0000  max=+1.0000  mean=+0.3636  std=0.4810
  [WRONG  ] Graph 1568 | true=0 pred=1 | nodes= 11 edges= 20
    GradExplainer               : min=-5.7403  max=+20.0149  mean=+2.5867  std=6.4324
    IntegratedGradExplainer     : min=-0.4193  max=+0.1491  mean=-0.0190  std=0.1584
    GNNExplainer                : min=+0.0000  max=+1.0000  mean=+0.6364  std=0.4810
  [CORRECT] Graph 1569 | true=0 pred=0 | nodes= 11 edges= 20
    GradExplainer               : min=-1.0004  max=+0.1386  mean=-0.3507  std=0.3741
    IntegratedGradExplainer     : min=-0.2437  max=+0.0132  mean=-0.0833  std=0.0762
    GNNExplainer                : min=+0.0000  max=+1.0000  mean=+0.5455  std=0.4979
  [CORRECT] Graph 1570 | true=1 pred=1 | nodes= 11 edges= 20
    GradExplainer               : min=-0.0030  max=+0.0060  mean=-0.0001  std=0.0022
    IntegratedGradExplainer     : min=-0.3192  max=+0.1125  mean=-0.0376  std=0.1019
    GNNExplainer                : min=+0.0000  max=+1.0000  mean=+0.8182  std=0.3857
  [CORRECT] Graph 1571 | true=0 pred=0 | nodes= 11 edges= 20
    GradExplainer               : min=-8.1508  max=+18.5915  mean=+2.0221  std=6.4304
    IntegratedGradExplainer     : min=-0.6824  max=+0.5168  mean=-0.0766  std=0.2962
    GNNExplainer                : min=+0.0000  max=+1.0000  mean=+0.6364  std=0.4810
  [CORRECT] Graph 1572 | true=0 pred=0 | nodes= 11 edges= 20
    GradExplainer               : min=-0.0000  max=+0.0000  mean=-0.0000  std=0.0000
    IntegratedGradExplainer     : min=-0.2660  max=+0.0019  mean=-0.0886  std=0.0785
    GNNExplainer                : min=+0.0000  max=+1.0000  mean=+0.5455  std=0.4979
  [CORRECT] Graph 1573 | true=0 pred=0 | nodes= 11 edges= 20
    GradExplainer               : min=-0.0018  max=+0.0743  mean=+0.0154  std=0.0233
    IntegratedGradExplainer     : min=-0.2255  max=-0.0161  mean=-0.0844  std=0.0628
    GNNExplainer                : min=+0.0000  max=+1.0000  mean=+0.7273  std=0.4454
  [WRONG  ] Graph 1574 | true=0 pred=1 | nodes= 11 edges= 20
    GradExplainer               : min=-19.2236  max=+105.6660  mean=+36.1917  std=43.8321
    IntegratedGradExplainer     : min=-0.2790  max=+0.7039  mean=+0.0641  std=0.2728
    GNNExplainer                : min=+0.0000  max=+1.0000  mean=+0.6364  std=0.4810
  [CORRECT] Graph 1575 | true=0 pred=0 | nodes= 11 edges= 20
    GradExplainer               : min=-0.0051  max=+0.0382  mean=+0.0066  std=0.0127
    IntegratedGradExplainer     : min=-0.3545  max=+0.0184  mean=-0.0830  std=0.1032
    GNNExplainer                : min=+0.0000  max=+1.0000  mean=+0.3636  std=0.4810
  [WRONG  ] Graph 1576 | true=0 pred=1 | nodes= 11 edges= 20
    GradExplainer               : min=-41.9512  max=+92.5878  mean=+11.8005  std=32.7900
    IntegratedGradExplainer     : min=-1.4013  max=+3.6928  mean=+0.5993  std=1.5744
    GNNExplainer                : min=+0.0000  max=+1.0000  mean=+0.9091  std=0.2875
  [CORRECT] Graph 1577 | true=0 pred=0 | nodes= 11 edges= 20
    GradExplainer               : min=-0.0055  max=+0.0021  mean=-0.0002  std=0.0018
    IntegratedGradExplainer     : min=-0.3529  max=+0.1879  mean=-0.0801  std=0.1339
    GNNExplainer                : min=+0.0000  max=+1.0000  mean=+0.7273  std=0.4454
  [CORRECT] Graph 1578 | true=0 pred=0 | nodes= 11 edges= 20
    GradExplainer               : min=-0.0063  max=+0.2168  mean=+0.0419  std=0.0678
    IntegratedGradExplainer     : min=-0.3042  max=+0.0123  mean=-0.0834  std=0.0850
    GNNExplainer                : min=+0.0000  max=+1.0000  mean=+0.5455  std=0.4979
  [WRONG  ] Graph 1579 | true=1 pred=0 | nodes= 11 edges= 20
    GradExplainer               : min=-8.5796  max=+71.6582  mean=+17.3313  std=24.1733
    IntegratedGradExplainer     : min=-2.0351  max=+1.8504  mean=+0.2125  std=0.9178
    GNNExplainer                : min=+0.0000  max=+1.0000  mean=+0.7273  std=0.4454
  [CORRECT] Graph 1580 | true=1 pred=1 | nodes= 11 edges= 20
    GradExplainer               : min=-12.6201  max=+13.6233  mean=+0.3022  std=6.3286
    IntegratedGradExplainer     : min=-3.1585  max=+2.2210  mean=-0.0193  std=1.2918
    GNNExplainer                : min=+0.0000  max=+1.0000  mean=+0.7273  std=0.4454
  [CORRECT] Graph 1581 | true=0 pred=0 | nodes= 11 edges= 20
    GradExplainer               : min=-0.0118  max=+0.1047  mean=+0.0272  std=0.0386
    IntegratedGradExplainer     : min=-0.4462  max=+0.0859  mean=-0.0823  std=0.1562
    GNNExplainer                : min=+0.0000  max=+1.0000  mean=+0.9091  std=0.2875
  [CORRECT] Graph 1582 | true=0 pred=0 | nodes= 11 edges= 20
    GradExplainer               : min=-11.0282  max=+7.8281  mean=-1.3457  std=4.5332
    IntegratedGradExplainer     : min=-2.0451  max=+2.1336  mean=-0.0797  std=0.9453
    GNNExplainer                : min=+0.0000  max=+1.0000  mean=+0.7273  std=0.4454
  [CORRECT] Graph 1583 | true=1 pred=1 | nodes= 11 edges= 20
    GradExplainer               : min=+0.0205  max=+0.2548  mean=+0.0780  std=0.0788
    IntegratedGradExplainer     : min=-1.1900  max=+1.5323  mean=-0.0477  std=0.6898
    GNNExplainer                : min=+0.0000  max=+1.0000  mean=+0.5455  std=0.4979
  [WRONG  ] Graph 1584 | true=0 pred=1 | nodes= 11 edges= 20
    GradExplainer               : min=-47.5081  max=+34.3594  mean=-5.0964  std=24.1030
    IntegratedGradExplainer     : min=-0.3960  max=+0.5573  mean=+0.0240  std=0.2636
    GNNExplainer                : min=+0.0000  max=+1.0000  mean=+0.5455  std=0.4979
  [WRONG  ] Graph 1585 | true=0 pred=1 | nodes= 11 edges= 20
    GradExplainer               : min=-6.9392  max=+77.1973  mean=+30.6382  std=30.6637
    IntegratedGradExplainer     : min=-0.4975  max=+2.2031  mean=+0.2623  std=0.7330
    GNNExplainer                : min=+0.0000  max=+1.0000  mean=+0.5455  std=0.4979
  [WRONG  ] Graph 1586 | true=1 pred=0 | nodes= 11 edges= 20
    GradExplainer               : min=-100.0256  max=+31.3080  mean=-21.8992  std=38.1323
    IntegratedGradExplainer     : min=-0.4980  max=+1.8972  mean=+0.1923  std=0.5878
    GNNExplainer                : min=+0.0000  max=+1.0000  mean=+0.4545  std=0.4979
  [CORRECT] Graph 1587 | true=0 pred=0 | nodes= 11 edges= 20
    GradExplainer               : min=-0.1111  max=-0.0018  mean=-0.0205  std=0.0315
    IntegratedGradExplainer     : min=-0.4540  max=+0.0225  mean=-0.0799  std=0.1331
    GNNExplainer                : min=+0.0000  max=+1.0000  mean=+0.9091  std=0.2875
  [CORRECT] Graph 1588 | true=0 pred=0 | nodes= 11 edges= 20
    GradExplainer               : min=-0.1065  max=+0.2514  mean=+0.0074  std=0.0905
    IntegratedGradExplainer     : min=-0.3491  max=+0.0655  mean=-0.0822  std=0.1135
    GNNExplainer                : min=+0.0000  max=+1.0000  mean=+0.7273  std=0.4454
  [CORRECT] Graph 1589 | true=0 pred=0 | nodes= 11 edges= 20
    GradExplainer               : min=-19.6942  max=+38.2740  mean=+7.9737  std=15.5272
    IntegratedGradExplainer     : min=-0.4473  max=+0.2250  mean=-0.0669  std=0.1579
    GNNExplainer                : min=+0.0000  max=+1.0000  mean=+0.6364  std=0.4810
  [CORRECT] Graph 1590 | true=0 pred=0 | nodes= 11 edges= 20
    GradExplainer               : min=-56.9392  max=+51.4069  mean=+1.3746  std=23.5985
    IntegratedGradExplainer     : min=-0.8970  max=+0.4514  mean=-0.0589  std=0.3551
    GNNExplainer                : min=+0.0000  max=+1.0000  mean=+0.6364  std=0.4810
  [CORRECT] Graph 1591 | true=1 pred=1 | nodes= 11 edges= 20
    GradExplainer               : min=-0.0237  max=+0.0043  mean=-0.0038  std=0.0071
    IntegratedGradExplainer     : min=-0.2720  max=+0.1026  mean=-0.0454  std=0.1084
    GNNExplainer                : min=+0.0000  max=+1.0000  mean=+0.5455  std=0.4979
  [WRONG  ] Graph 1592 | true=0 pred=1 | nodes= 11 edges= 20
    GradExplainer               : min=-27.6499  max=+20.1954  mean=-2.3528  std=14.6250
    IntegratedGradExplainer     : min=-0.7666  max=+0.7819  mean=+0.0953  std=0.3992
    GNNExplainer                : min=+0.0000  max=+1.0000  mean=+0.8182  std=0.3857
  [CORRECT] Graph 1593 | true=0 pred=0 | nodes= 11 edges= 20
    GradExplainer               : min=+0.0227  max=+0.3016  mean=+0.1010  std=0.1090
    IntegratedGradExplainer     : min=-0.6744  max=+0.4439  mean=-0.0865  std=0.2479
    GNNExplainer                : min=+0.0000  max=+1.0000  mean=+0.8182  std=0.3857
  [CORRECT] Graph 1594 | true=0 pred=0 | nodes= 11 edges= 20
    GradExplainer               : min=-3.8322  max=+0.7429  mean=-0.5389  std=1.2116
    IntegratedGradExplainer     : min=-0.2566  max=+0.0487  mean=-0.0841  std=0.0903
    GNNExplainer                : min=+0.0000  max=+1.0000  mean=+0.4545  std=0.4979
  [WRONG  ] Graph 1595 | true=0 pred=1 | nodes= 11 edges= 20
    GradExplainer               : min=-50.0213  max=+19.9964  mean=-7.3223  std=17.7443
    IntegratedGradExplainer     : min=-3.4961  max=+5.1425  mean=+0.0227  std=2.5273
    GNNExplainer                : min=+0.0000  max=+1.0000  mean=+0.5455  std=0.4979
  [CORRECT] Graph 1596 | true=0 pred=0 | nodes= 11 edges= 20
    GradExplainer               : min=-5.1053  max=+5.2461  mean=-0.0592  std=2.2593
    IntegratedGradExplainer     : min=-0.4624  max=+0.2023  mean=-0.0814  std=0.1689
    GNNExplainer                : min=+0.0000  max=+1.0000  mean=+0.7273  std=0.4454
  [CORRECT] Graph 1597 | true=1 pred=1 | nodes= 11 edges= 20
    GradExplainer               : min=-139.7546  max=+12.9794  mean=-29.8541  std=42.5435
    IntegratedGradExplainer     : min=-2.0110  max=+1.3018  mean=+0.0348  std=0.8670
    GNNExplainer                : min=+0.0000  max=+1.0000  mean=+0.6364  std=0.4810
  [WRONG  ] Graph 1598 | true=0 pred=1 | nodes= 11 edges= 20
    GradExplainer               : min=-50.5806  max=+50.8552  mean=+6.3991  std=26.2034
    IntegratedGradExplainer     : min=-0.6591  max=+0.9988  mean=+0.0037  std=0.4732
    GNNExplainer                : min=+0.0000  max=+1.0000  mean=+0.8182  std=0.3857
  [WRONG  ] Graph 1599 | true=1 pred=0 | nodes= 11 edges= 20
    GradExplainer               : min=-64.4502  max=+9.4474  mean=-12.4188  std=24.6906
    IntegratedGradExplainer     : min=-3.0695  max=+2.9581  mean=+0.3336  std=1.5736
    GNNExplainer                : min=+0.0000  max=+1.0000  mean=+0.8182  std=0.3857
  [CORRECT] Graph 1600 | true=0 pred=0 | nodes= 11 edges= 20
    GradExplainer               : min=-0.7259  max=+0.0345  mean=-0.2549  std=0.2303
    IntegratedGradExplainer     : min=-0.2161  max=-0.0069  mean=-0.0790  std=0.0586
    GNNExplainer                : min=+0.0000  max=+1.0000  mean=+0.7273  std=0.4454
  [WRONG  ] Graph 1601 | true=1 pred=0 | nodes= 11 edges= 20
    GradExplainer               : min=-49.1812  max=+17.3557  mean=-1.1711  std=17.9292
    IntegratedGradExplainer     : min=-3.0489  max=+3.1184  mean=+0.1360  std=1.5543
    GNNExplainer                : min=+0.0000  max=+1.0000  mean=+0.7273  std=0.4454
  [CORRECT] Graph 1602 | true=0 pred=0 | nodes= 11 edges= 20
    GradExplainer               : min=-0.0047  max=+0.0067  mean=-0.0000  std=0.0036
    IntegratedGradExplainer     : min=-0.2698  max=+0.1061  mean=-0.0838  std=0.1019
    GNNExplainer                : min=+0.0000  max=+1.0000  mean=+0.6364  std=0.4810
  [CORRECT] Graph 1603 | true=0 pred=0 | nodes= 11 edges= 20
    GradExplainer               : min=-0.0158  max=+0.0034  mean=-0.0031  std=0.0056
    IntegratedGradExplainer     : min=-0.3952  max=+0.0275  mean=-0.0831  std=0.1119
    GNNExplainer                : min=+0.0000  max=+1.0000  mean=+0.6364  std=0.4810
  [WRONG  ] Graph 1604 | true=0 pred=1 | nodes= 11 edges= 20
    GradExplainer               : min=-0.0847  max=+37.5081  mean=+13.8038  std=13.5335
    IntegratedGradExplainer     : min=-0.8789  max=+1.9552  mean=+0.3275  std=0.9382
    GNNExplainer                : min=+0.0000  max=+1.0000  mean=+0.6364  std=0.4810
  [WRONG  ] Graph 1605 | true=0 pred=1 | nodes= 11 edges= 20
    GradExplainer               : min=-9.7458  max=+8.1397  mean=+0.3419  std=4.8803
    IntegratedGradExplainer     : min=-3.1694  max=+1.6967  mean=-0.0036  std=1.1197
    GNNExplainer                : min=+0.0000  max=+1.0000  mean=+0.7273  std=0.4454
  [CORRECT] Graph 1606 | true=0 pred=0 | nodes= 11 edges= 20
    GradExplainer               : min=-1.2973  max=+5.2086  mean=+0.9647  std=1.8640
    IntegratedGradExplainer     : min=-0.2479  max=+0.1063  mean=-0.0700  std=0.0921
    GNNExplainer                : min=+0.0000  max=+1.0000  mean=+0.3636  std=0.4810
  [WRONG  ] Graph 1607 | true=0 pred=1 | nodes= 11 edges= 20
    GradExplainer               : min=-177.8084  max=+26.2847  mean=-17.6478  std=53.4132
    IntegratedGradExplainer     : min=-1.9536  max=+3.8676  mean=+0.0907  std=1.4934
    GNNExplainer                : min=+0.0000  max=+1.0000  mean=+0.7273  std=0.4454
  [WRONG  ] Graph 1608 | true=1 pred=0 | nodes= 11 edges= 20
    GradExplainer               : min=-92.6120  max=+57.1368  mean=-2.0249  std=39.4795
    IntegratedGradExplainer     : min=-3.1732  max=+2.7508  mean=+0.1951  std=1.4684
    GNNExplainer                : min=+0.0000  max=+1.0000  mean=+0.5455  std=0.4979
  [CORRECT] Graph 1609 | true=0 pred=0 | nodes= 11 edges= 20
    GradExplainer               : min=-21.0025  max=+3.2818  mean=-5.8256  std=6.6139
    IntegratedGradExplainer     : min=-0.4447  max=+0.2130  mean=-0.0676  std=0.1696
    GNNExplainer                : min=+0.0000  max=+1.0000  mean=+0.8182  std=0.3857
  [WRONG  ] Graph 1610 | true=0 pred=1 | nodes= 11 edges= 20
    GradExplainer               : min=-0.7081  max=+58.0961  mean=+18.2471  std=22.6502
    IntegratedGradExplainer     : min=-1.3223  max=+1.0146  mean=+0.0391  std=0.5924
    GNNExplainer                : min=+0.0000  max=+1.0000  mean=+0.5455  std=0.4979
  [CORRECT] Graph 1611 | true=0 pred=0 | nodes= 11 edges= 20
    GradExplainer               : min=-0.0934  max=+0.4068  mean=+0.0824  std=0.1250
    IntegratedGradExplainer     : min=-0.6005  max=+0.3044  mean=-0.0866  std=0.2064
    GNNExplainer                : min=+0.0000  max=+1.0000  mean=+0.7273  std=0.4454
  [CORRECT] Graph 1612 | true=0 pred=0 | nodes= 11 edges= 20
    GradExplainer               : min=-0.0984  max=-0.0046  mean=-0.0369  std=0.0383
    IntegratedGradExplainer     : min=-0.6369  max=+0.1901  mean=-0.0838  std=0.2253
    GNNExplainer                : min=+0.0000  max=+1.0000  mean=+0.7273  std=0.4454
  [CORRECT] Graph 1613 | true=1 pred=1 | nodes= 11 edges= 20
    GradExplainer               : min=-16.5871  max=+3.1475  mean=-2.6947  std=4.9305
    IntegratedGradExplainer     : min=-0.6853  max=+0.2669  mean=-0.0386  std=0.2282
    GNNExplainer                : min=+0.0000  max=+1.0000  mean=+0.9091  std=0.2875
  [CORRECT] Graph 1614 | true=0 pred=0 | nodes= 11 edges= 20
    GradExplainer               : min=-0.0082  max=+0.0286  mean=+0.0024  std=0.0090
    IntegratedGradExplainer     : min=-0.5406  max=+0.1497  mean=-0.0869  std=0.1617
    GNNExplainer                : min=+0.0000  max=+1.0000  mean=+0.6364  std=0.4810
  [CORRECT] Graph 1615 | true=0 pred=0 | nodes= 11 edges= 20
    GradExplainer               : min=+0.0011  max=+0.0300  mean=+0.0062  std=0.0087
    IntegratedGradExplainer     : min=-0.3127  max=+0.0216  mean=-0.0816  std=0.0942
    GNNExplainer                : min=+0.0000  max=+1.0000  mean=+0.9091  std=0.2875
  [CORRECT] Graph 1616 | true=1 pred=1 | nodes= 11 edges= 20
    GradExplainer               : min=-0.0079  max=+0.0404  mean=+0.0044  std=0.0123
    IntegratedGradExplainer     : min=-0.7372  max=+0.5492  mean=-0.0421  std=0.2912
    GNNExplainer                : min=+0.0000  max=+1.0000  mean=+0.5455  std=0.4979
  [WRONG  ] Graph 1617 | true=0 pred=1 | nodes= 11 edges= 20
    GradExplainer               : min=-34.5725  max=+32.4272  mean=-1.2783  std=16.0290
    IntegratedGradExplainer     : min=-0.4807  max=+0.5751  mean=+0.0403  std=0.2615
    GNNExplainer                : min=+0.0000  max=+1.0000  mean=+0.5455  std=0.4979
  [CORRECT] Graph 1618 | true=0 pred=0 | nodes= 11 edges= 20
    GradExplainer               : min=-0.0020  max=+0.0003  mean=-0.0006  std=0.0007
    IntegratedGradExplainer     : min=-0.3652  max=+0.0245  mean=-0.0805  std=0.1098
    GNNExplainer                : min=+0.0000  max=+1.0000  mean=+0.6364  std=0.4810
  [CORRECT] Graph 1619 | true=0 pred=0 | nodes= 11 edges= 20
    GradExplainer               : min=+1.1238  max=+22.5308  mean=+7.2805  std=7.8666
    IntegratedGradExplainer     : min=-0.1840  max=+0.0626  mean=-0.0571  std=0.0772
    GNNExplainer                : min=+0.0000  max=+1.0000  mean=+0.5455  std=0.4979
  [WRONG  ] Graph 1620 | true=0 pred=1 | nodes= 11 edges= 20
    GradExplainer               : min=-25.6016  max=+1.7208  mean=-7.1177  std=7.5303
    IntegratedGradExplainer     : min=-2.0883  max=+4.2522  mean=+0.1493  std=1.5005
    GNNExplainer                : min=+0.0000  max=+1.0000  mean=+0.7273  std=0.4454
  [CORRECT] Graph 1621 | true=1 pred=1 | nodes= 11 edges= 20
    GradExplainer               : min=-0.0216  max=+0.0025  mean=-0.0041  std=0.0064
    IntegratedGradExplainer     : min=-0.9626  max=+0.2788  mean=-0.0400  std=0.3153
    GNNExplainer                : min=+0.0000  max=+1.0000  mean=+0.6364  std=0.4810
  [CORRECT] Graph 1622 | true=1 pred=1 | nodes= 11 edges= 20
    GradExplainer               : min=-68.2048  max=+12.4739  mean=-14.3107  std=20.3749
    IntegratedGradExplainer     : min=-1.4229  max=+1.0325  mean=-0.0018  std=0.5868
    GNNExplainer                : min=+0.0000  max=+1.0000  mean=+0.9091  std=0.2875
  [WRONG  ] Graph 1623 | true=1 pred=0 | nodes= 11 edges= 20
    GradExplainer               : min=-33.3495  max=+46.2873  mean=-0.2149  std=19.2639
    IntegratedGradExplainer     : min=-0.9865  max=+1.8193  mean=+0.4462  std=0.7931
    GNNExplainer                : min=+0.0000  max=+1.0000  mean=+0.7273  std=0.4454
  [CORRECT] Graph 1624 | true=0 pred=0 | nodes= 11 edges= 20
    GradExplainer               : min=-0.0014  max=+0.0306  mean=+0.0078  std=0.0097
    IntegratedGradExplainer     : min=-1.0489  max=+0.5476  mean=-0.0824  std=0.3837
    GNNExplainer                : min=+0.0000  max=+1.0000  mean=+0.5455  std=0.4979
  [WRONG  ] Graph 1625 | true=0 pred=1 | nodes= 11 edges= 20
    GradExplainer               : min=+4.2835  max=+148.1391  mean=+26.1217  std=43.0718
    IntegratedGradExplainer     : min=-1.9576  max=+1.7137  mean=+0.1218  std=0.8554
    GNNExplainer                : min=+0.0000  max=+1.0000  mean=+0.6364  std=0.4810
  [CORRECT] Graph 1626 | true=1 pred=1 | nodes= 11 edges= 20
    GradExplainer               : min=-0.0761  max=+0.0439  mean=-0.0008  std=0.0274
    IntegratedGradExplainer     : min=-0.5748  max=+0.0643  mean=-0.0515  std=0.1706
    GNNExplainer                : min=+0.0000  max=+1.0000  mean=+0.5455  std=0.4979
  [CORRECT] Graph 1627 | true=0 pred=0 | nodes= 11 edges= 20
    GradExplainer               : min=-10.2166  max=+3.3573  mean=-3.0475  std=3.1249
    IntegratedGradExplainer     : min=-0.9336  max=+0.7030  mean=-0.0631  std=0.4299
    GNNExplainer                : min=+0.0000  max=+1.0000  mean=+0.6364  std=0.4810
  [CORRECT] Graph 1628 | true=1 pred=1 | nodes= 11 edges= 20
    GradExplainer               : min=-10.5882  max=+12.9326  mean=-1.2058  std=5.4964
    IntegratedGradExplainer     : min=-0.2511  max=+0.2189  mean=-0.0386  std=0.1286
    GNNExplainer                : min=+0.0000  max=+1.0000  mean=+0.3636  std=0.4810
  [WRONG  ] Graph 1629 | true=0 pred=1 | nodes= 11 edges= 20
    GradExplainer               : min=+7.2712  max=+117.0431  mean=+40.1013  std=41.8191
    IntegratedGradExplainer     : min=-4.7727  max=+3.3049  mean=+0.0613  std=1.8234
    GNNExplainer                : min=+0.0000  max=+1.0000  mean=+0.5455  std=0.4979
  [CORRECT] Graph 1630 | true=1 pred=1 | nodes= 11 edges= 20
    GradExplainer               : min=-1.2688  max=+3.4097  mean=+0.6044  std=1.2139
    IntegratedGradExplainer     : min=-1.6310  max=+0.8125  mean=-0.0385  std=0.5950
    GNNExplainer                : min=+0.0000  max=+1.0000  mean=+0.2727  std=0.4454
  [CORRECT] Graph 1631 | true=1 pred=1 | nodes= 11 edges= 20
    GradExplainer               : min=-1.1109  max=-0.0347  mean=-0.3239  std=0.3132
    IntegratedGradExplainer     : min=-0.7951  max=+0.4087  mean=-0.0460  std=0.2779
    GNNExplainer                : min=+0.0000  max=+1.0000  mean=+0.6364  std=0.4810
  [CORRECT] Graph 1632 | true=0 pred=0 | nodes= 11 edges= 20
    GradExplainer               : min=-0.0672  max=+0.2740  mean=+0.0617  std=0.0968
    IntegratedGradExplainer     : min=-0.3050  max=-0.0047  mean=-0.0861  std=0.0814
    GNNExplainer                : min=+0.0000  max=+1.0000  mean=+0.8182  std=0.3857
  [CORRECT] Graph 1633 | true=1 pred=1 | nodes= 11 edges= 20
    GradExplainer               : min=-0.0308  max=+0.0028  mean=-0.0064  std=0.0094
    IntegratedGradExplainer     : min=-0.9912  max=+1.4154  mean=-0.0576  std=0.6992
    GNNExplainer                : min=+1.0000  max=+1.0000  mean=+1.0000  std=0.0000
  [WRONG  ] Graph 1634 | true=1 pred=0 | nodes= 11 edges= 20
    GradExplainer               : min=-91.2030  max=-1.6295  mean=-25.8174  std=30.0684
    IntegratedGradExplainer     : min=-2.2044  max=+2.7106  mean=+0.3430  std=1.2131
    GNNExplainer                : min=+0.0000  max=+1.0000  mean=+0.7273  std=0.4454
  [CORRECT] Graph 1635 | true=1 pred=1 | nodes= 11 edges= 20
    GradExplainer               : min=-20.6444  max=+0.9185  mean=-4.0648  std=5.8470
    IntegratedGradExplainer     : min=-0.5032  max=+0.3138  mean=-0.0062  std=0.2298
    GNNExplainer                : min=+0.0000  max=+1.0000  mean=+0.5455  std=0.4979
  [CORRECT] Graph 1636 | true=0 pred=0 | nodes= 11 edges= 20
    GradExplainer               : min=-0.0003  max=+0.0002  mean=+0.0001  std=0.0001
    IntegratedGradExplainer     : min=-0.3866  max=+0.0094  mean=-0.0835  std=0.1141
    GNNExplainer                : min=+0.0000  max=+1.0000  mean=+0.5455  std=0.4979
  [CORRECT] Graph 1637 | true=0 pred=0 | nodes= 11 edges= 20
    GradExplainer               : min=-0.0001  max=+0.0000  mean=+0.0000  std=0.0000
    IntegratedGradExplainer     : min=-0.2642  max=-0.0106  mean=-0.0872  std=0.0870
    GNNExplainer                : min=+0.0000  max=+1.0000  mean=+0.5455  std=0.4979
  [CORRECT] Graph 1638 | true=0 pred=0 | nodes= 11 edges= 20
    GradExplainer               : min=-0.0002  max=+0.0014  mean=+0.0004  std=0.0005
    IntegratedGradExplainer     : min=-0.6160  max=+0.5151  mean=-0.0839  std=0.2647
    GNNExplainer                : min=+0.0000  max=+1.0000  mean=+0.6364  std=0.4810
  [CORRECT] Graph 1639 | true=0 pred=0 | nodes= 11 edges= 20
    GradExplainer               : min=-3.5631  max=+2.1064  mean=-1.0042  std=1.3400
    IntegratedGradExplainer     : min=-6.2537  max=+4.8785  mean=-0.0741  std=2.4814
    GNNExplainer                : min=+0.0000  max=+1.0000  mean=+0.6364  std=0.4810
  [CORRECT] Graph 1640 | true=0 pred=0 | nodes= 11 edges= 20
    GradExplainer               : min=-0.3440  max=+1.0633  mean=+0.1280  std=0.3609
    IntegratedGradExplainer     : min=-0.2707  max=-0.0170  mean=-0.0853  std=0.0715
    GNNExplainer                : min=+0.0000  max=+1.0000  mean=+0.6364  std=0.4810
  [CORRECT] Graph 1641 | true=0 pred=0 | nodes= 11 edges= 20
    GradExplainer               : min=-0.0001  max=+0.0003  mean=+0.0001  std=0.0001
    IntegratedGradExplainer     : min=-0.5562  max=+0.0424  mean=-0.0857  std=0.1709
    GNNExplainer                : min=+0.0000  max=+1.0000  mean=+0.5455  std=0.4979
  [CORRECT] Graph 1642 | true=1 pred=1 | nodes= 11 edges= 20
    GradExplainer               : min=-1.1889  max=+0.2833  mean=-0.3093  std=0.3803
    IntegratedGradExplainer     : min=-0.4289  max=+0.2642  mean=-0.0336  std=0.1855
    GNNExplainer                : min=+0.0000  max=+1.0000  mean=+0.6364  std=0.4810
  [CORRECT] Graph 1643 | true=0 pred=0 | nodes= 11 edges= 20
    GradExplainer               : min=-0.3990  max=+0.1460  mean=-0.0535  std=0.1323
    IntegratedGradExplainer     : min=-0.5550  max=+0.0435  mean=-0.0840  std=0.1535
    GNNExplainer                : min=+0.0000  max=+1.0000  mean=+0.9091  std=0.2875
  [CORRECT] Graph 1644 | true=0 pred=0 | nodes= 11 edges= 20
    GradExplainer               : min=-5.4334  max=+2.6653  mean=-0.5721  std=2.4727
    IntegratedGradExplainer     : min=-0.2037  max=+0.1111  mean=-0.0744  std=0.0986
    GNNExplainer                : min=+0.0000  max=+1.0000  mean=+0.5455  std=0.4979
  [CORRECT] Graph 1645 | true=1 pred=1 | nodes= 11 edges= 20
    GradExplainer               : min=-0.3821  max=+0.0635  mean=-0.0495  std=0.1136
    IntegratedGradExplainer     : min=-0.8439  max=+0.2583  mean=-0.0424  std=0.3018
    GNNExplainer                : min=+0.0000  max=+1.0000  mean=+0.5455  std=0.4979
  [WRONG  ] Graph 1646 | true=0 pred=1 | nodes= 11 edges= 20
    GradExplainer               : min=-16.2502  max=+38.7312  mean=+2.7935  std=13.9467
    IntegratedGradExplainer     : min=-0.8698  max=+1.2073  mean=+0.0594  std=0.6190
    GNNExplainer                : min=+0.0000  max=+1.0000  mean=+0.5455  std=0.4979
  [CORRECT] Graph 1647 | true=1 pred=1 | nodes= 11 edges= 20
    GradExplainer               : min=-30.0925  max=+28.4989  mean=-5.8744  std=15.9336
    IntegratedGradExplainer     : min=-0.5858  max=+0.2967  mean=-0.0154  std=0.2177
    GNNExplainer                : min=+0.0000  max=+1.0000  mean=+0.5455  std=0.4979
  [WRONG  ] Graph 1648 | true=1 pred=0 | nodes= 11 edges= 20
    GradExplainer               : min=-21.5132  max=+47.4245  mean=+2.2919  std=17.5085
    IntegratedGradExplainer     : min=-0.3578  max=+5.6154  mean=+0.8354  std=1.7111
    GNNExplainer                : min=+0.0000  max=+1.0000  mean=+0.7273  std=0.4454
  [CORRECT] Graph 1649 | true=0 pred=0 | nodes= 11 edges= 20
    GradExplainer               : min=-0.0764  max=+2.1948  mean=+0.4942  std=0.7035
    IntegratedGradExplainer     : min=-0.4965  max=+0.1092  mean=-0.0777  std=0.1573
    GNNExplainer                : min=+0.0000  max=+1.0000  mean=+0.5455  std=0.4979
  [CORRECT] Graph 1650 | true=0 pred=0 | nodes= 11 edges= 20
    GradExplainer               : min=-9.4845  max=+23.4962  mean=+3.6426  std=10.1460
    IntegratedGradExplainer     : min=-0.4563  max=+0.4538  mean=-0.0670  std=0.2101
    GNNExplainer                : min=+0.0000  max=+1.0000  mean=+0.8182  std=0.3857
  [CORRECT] Graph 1651 | true=0 pred=0 | nodes= 11 edges= 20
    GradExplainer               : min=-0.4458  max=+0.4272  mean=-0.1101  std=0.2292
    IntegratedGradExplainer     : min=-0.2652  max=+0.0156  mean=-0.0849  std=0.0861
    GNNExplainer                : min=+0.0000  max=+1.0000  mean=+0.6364  std=0.4810
  [CORRECT] Graph 1652 | true=0 pred=0 | nodes= 11 edges= 20
    GradExplainer               : min=-4.6261  max=+2.0550  mean=-0.5445  std=1.5759
    IntegratedGradExplainer     : min=-0.3052  max=+0.1667  mean=-0.0838  std=0.1212
    GNNExplainer                : min=+0.0000  max=+1.0000  mean=+0.9091  std=0.2875
  [WRONG  ] Graph 1653 | true=1 pred=0 | nodes= 11 edges= 20
    GradExplainer               : min=-26.7435  max=+33.9420  mean=+3.9017  std=14.7929
    IntegratedGradExplainer     : min=-1.8993  max=+2.2233  mean=+0.1113  std=0.9708
    GNNExplainer                : min=+0.0000  max=+1.0000  mean=+0.7273  std=0.4454
  [WRONG  ] Graph 1654 | true=1 pred=0 | nodes= 11 edges= 20
    GradExplainer               : min=-30.7459  max=+48.9185  mean=+5.5902  std=19.3101
    IntegratedGradExplainer     : min=-0.6413  max=+4.6351  mean=+0.6560  std=1.3983
    GNNExplainer                : min=+0.0000  max=+1.0000  mean=+0.6364  std=0.4810
  [CORRECT] Graph 1655 | true=0 pred=0 | nodes= 11 edges= 20
    GradExplainer               : min=-0.0132  max=+0.0546  mean=+0.0170  std=0.0214
    IntegratedGradExplainer     : min=-0.3711  max=+0.0867  mean=-0.0893  std=0.1280
    GNNExplainer                : min=+0.0000  max=+1.0000  mean=+0.7273  std=0.4454
  [CORRECT] Graph 1656 | true=1 pred=1 | nodes= 11 edges= 20
    GradExplainer               : min=-0.1422  max=+0.7299  mean=+0.1953  std=0.2609
    IntegratedGradExplainer     : min=-0.1787  max=+0.0002  mean=-0.0478  std=0.0578
    GNNExplainer                : min=+0.0000  max=+1.0000  mean=+0.7273  std=0.4454
  [CORRECT] Graph 1657 | true=1 pred=1 | nodes= 11 edges= 20
    GradExplainer               : min=-19.9481  max=-1.1349  mean=-4.1842  std=5.6439
    IntegratedGradExplainer     : min=-0.6787  max=+0.4938  mean=-0.0306  std=0.3031
    GNNExplainer                : min=+0.0000  max=+1.0000  mean=+0.8182  std=0.3857
  [CORRECT] Graph 1658 | true=0 pred=0 | nodes= 11 edges= 20
    GradExplainer               : min=-0.0920  max=+0.0126  mean=-0.0124  std=0.0270
    IntegratedGradExplainer     : min=-0.3668  max=+0.1368  mean=-0.0697  std=0.1288
    GNNExplainer                : min=+0.0000  max=+1.0000  mean=+0.5455  std=0.4979
  [CORRECT] Graph 1659 | true=1 pred=1 | nodes= 11 edges= 20
    GradExplainer               : min=-0.9745  max=+2.1550  mean=+0.0784  std=0.7288
    IntegratedGradExplainer     : min=-1.0069  max=+0.4044  mean=-0.0296  std=0.3493
    GNNExplainer                : min=+0.0000  max=+1.0000  mean=+0.8182  std=0.3857
  [CORRECT] Graph 1660 | true=0 pred=0 | nodes= 11 edges= 20
    GradExplainer               : min=-0.0427  max=+0.0955  mean=+0.0067  std=0.0318
    IntegratedGradExplainer     : min=-0.4971  max=+0.1819  mean=-0.0849  std=0.2304
    GNNExplainer                : min=+0.0000  max=+1.0000  mean=+0.6364  std=0.4810
  [WRONG  ] Graph 1661 | true=0 pred=1 | nodes= 11 edges= 20
    GradExplainer               : min=-58.0655  max=+38.0467  mean=-4.1460  std=21.1881
    IntegratedGradExplainer     : min=-1.4770  max=+3.3198  mean=+0.1853  std=1.1395
    GNNExplainer                : min=+0.0000  max=+1.0000  mean=+0.6364  std=0.4810
  [CORRECT] Graph 1662 | true=0 pred=0 | nodes= 11 edges= 20
    GradExplainer               : min=-8.4641  max=+12.9755  mean=+1.8196  std=5.3623
    IntegratedGradExplainer     : min=-0.3888  max=+0.0872  mean=-0.0743  std=0.1584
    GNNExplainer                : min=+0.0000  max=+1.0000  mean=+0.5455  std=0.4979
  [CORRECT] Graph 1663 | true=0 pred=0 | nodes= 11 edges= 20
    GradExplainer               : min=-0.0223  max=+0.0144  mean=-0.0072  std=0.0091
    IntegratedGradExplainer     : min=-0.2296  max=-0.0010  mean=-0.0821  std=0.0708
    GNNExplainer                : min=+0.0000  max=+1.0000  mean=+0.6364  std=0.4810
  [WRONG  ] Graph 1664 | true=0 pred=1 | nodes= 11 edges= 20
    GradExplainer               : min=-17.2712  max=+110.0192  mean=+12.8890  std=33.1099
    IntegratedGradExplainer     : min=-0.9791  max=+3.8029  mean=+0.4195  std=1.2781
    GNNExplainer                : min=+0.0000  max=+1.0000  mean=+0.8182  std=0.3857
  [CORRECT] Graph 1665 | true=1 pred=1 | nodes= 11 edges= 20
    GradExplainer               : min=-1.4761  max=+0.6054  mean=-0.5119  std=0.6823
    IntegratedGradExplainer     : min=-0.8315  max=+0.3228  mean=-0.0344  std=0.2800
    GNNExplainer                : min=+0.0000  max=+1.0000  mean=+0.4545  std=0.4979
  [WRONG  ] Graph 1666 | true=0 pred=1 | nodes= 11 edges= 20
    GradExplainer               : min=-8.8548  max=+3.7487  mean=-2.4041  std=2.9541
    IntegratedGradExplainer     : min=-3.3581  max=+3.0103  mean=-0.0362  std=1.6267
    GNNExplainer                : min=+0.0000  max=+1.0000  mean=+0.5455  std=0.4979
  [CORRECT] Graph 1667 | true=0 pred=0 | nodes= 11 edges= 20
    GradExplainer               : min=-0.0001  max=+0.0006  mean=+0.0002  std=0.0002
    IntegratedGradExplainer     : min=-0.4878  max=+0.0970  mean=-0.0850  std=0.1737
    GNNExplainer                : min=+0.0000  max=+1.0000  mean=+0.5455  std=0.4979
  [WRONG  ] Graph 1668 | true=0 pred=1 | nodes= 11 edges= 20
    GradExplainer               : min=-3.8406  max=+142.3024  mean=+32.3287  std=44.1086
    IntegratedGradExplainer     : min=-4.5733  max=+7.8439  mean=+0.6959  std=3.0436
    GNNExplainer                : min=+0.0000  max=+1.0000  mean=+0.4545  std=0.4979
  [CORRECT] Graph 1669 | true=0 pred=0 | nodes= 11 edges= 20
    GradExplainer               : min=-7.8062  max=+2.1334  mean=-0.5567  std=2.4620
    IntegratedGradExplainer     : min=-0.3396  max=+0.1122  mean=-0.0782  std=0.1190
    GNNExplainer                : min=+0.0000  max=+1.0000  mean=+0.6364  std=0.4810
  [WRONG  ] Graph 1670 | true=0 pred=1 | nodes= 11 edges= 20
    GradExplainer               : min=-27.1776  max=+20.5026  mean=+0.7759  std=12.8976
    IntegratedGradExplainer     : min=-2.8372  max=+7.7986  mean=+0.8276  std=2.4773
    GNNExplainer                : min=+0.0000  max=+1.0000  mean=+0.5455  std=0.4979
  [CORRECT] Graph 1671 | true=1 pred=1 | nodes= 11 edges= 20
    GradExplainer               : min=-0.0883  max=+0.0377  mean=-0.0040  std=0.0332
    IntegratedGradExplainer     : min=-1.5542  max=+0.9576  mean=-0.0390  std=0.6346
    GNNExplainer                : min=+0.0000  max=+1.0000  mean=+0.7273  std=0.4454
  [WRONG  ] Graph 1672 | true=0 pred=1 | nodes= 11 edges= 20
    GradExplainer               : min=-22.1931  max=+154.0018  mean=+31.5141  std=49.3764
    IntegratedGradExplainer     : min=-0.5704  max=+1.3695  mean=+0.0227  std=0.5000
    GNNExplainer                : min=+0.0000  max=+1.0000  mean=+0.7273  std=0.4454
  [CORRECT] Graph 1673 | true=0 pred=0 | nodes= 11 edges= 20
    GradExplainer               : min=-0.0005  max=+0.0001  mean=-0.0002  std=0.0002
    IntegratedGradExplainer     : min=-0.1935  max=+0.0179  mean=-0.0843  std=0.0669
    GNNExplainer                : min=+0.0000  max=+1.0000  mean=+0.7273  std=0.4454
  [WRONG  ] Graph 1674 | true=0 pred=1 | nodes= 11 edges= 20
    GradExplainer               : min=-15.9204  max=+35.2616  mean=+1.0541  std=13.2049
    IntegratedGradExplainer     : min=-0.7779  max=+2.4351  mean=+0.3533  std=0.9763
    GNNExplainer                : min=+0.0000  max=+1.0000  mean=+0.8182  std=0.3857
  [CORRECT] Graph 1675 | true=0 pred=0 | nodes= 11 edges= 20
    GradExplainer               : min=-0.0096  max=+0.0052  mean=-0.0020  std=0.0037
    IntegratedGradExplainer     : min=-0.3602  max=+0.1495  mean=-0.0845  std=0.1213
    GNNExplainer                : min=+0.0000  max=+1.0000  mean=+0.8182  std=0.3857
  [CORRECT] Graph 1676 | true=1 pred=1 | nodes= 11 edges= 20
    GradExplainer               : min=-0.0276  max=+0.0085  mean=-0.0079  std=0.0102
    IntegratedGradExplainer     : min=-0.4380  max=+0.1258  mean=-0.0407  std=0.1351
    GNNExplainer                : min=+0.0000  max=+1.0000  mean=+0.6364  std=0.4810
  [CORRECT] Graph 1677 | true=1 pred=1 | nodes= 11 edges= 20
    GradExplainer               : min=-0.0902  max=+0.8473  mean=+0.1151  std=0.2465
    IntegratedGradExplainer     : min=-0.4939  max=+0.2806  mean=-0.0332  std=0.1967
    GNNExplainer                : min=+0.0000  max=+1.0000  mean=+0.6364  std=0.4810
  [CORRECT] Graph 1678 | true=0 pred=0 | nodes= 11 edges= 20
    GradExplainer               : min=-1.1932  max=+3.9179  mean=+0.7480  std=1.6015
    IntegratedGradExplainer     : min=-0.3208  max=+0.0121  mean=-0.0767  std=0.0927
    GNNExplainer                : min=+0.0000  max=+1.0000  mean=+0.6364  std=0.4810
  [CORRECT] Graph 1679 | true=0 pred=0 | nodes= 11 edges= 20
    GradExplainer               : min=-0.0015  max=+0.0906  mean=+0.0219  std=0.0289
    IntegratedGradExplainer     : min=-0.6025  max=+0.0816  mean=-0.0880  std=0.1697
    GNNExplainer                : min=+0.0000  max=+1.0000  mean=+0.5455  std=0.4979
  [WRONG  ] Graph 1680 | true=0 pred=1 | nodes= 11 edges= 20
    GradExplainer               : min=-6.2340  max=+14.1045  mean=+2.8011  std=6.1208
    IntegratedGradExplainer     : min=-0.9299  max=+0.7227  mean=-0.0505  std=0.4370
    GNNExplainer                : min=+0.0000  max=+1.0000  mean=+0.6364  std=0.4810
  [CORRECT] Graph 1681 | true=0 pred=0 | nodes= 11 edges= 20
    GradExplainer               : min=-0.0019  max=+0.0032  mean=+0.0004  std=0.0014
    IntegratedGradExplainer     : min=-0.5149  max=+0.0379  mean=-0.0845  std=0.1497
    GNNExplainer                : min=+0.0000  max=+1.0000  mean=+0.7273  std=0.4454
  [CORRECT] Graph 1682 | true=1 pred=1 | nodes= 11 edges= 20
    GradExplainer               : min=-4.0885  max=+2.3634  mean=-0.8093  std=1.5747
    IntegratedGradExplainer     : min=-0.9308  max=+0.8789  mean=-0.0499  std=0.4146
    GNNExplainer                : min=+0.0000  max=+1.0000  mean=+0.5455  std=0.4979
  [CORRECT] Graph 1683 | true=1 pred=1 | nodes= 11 edges= 20
    GradExplainer               : min=-0.0762  max=+0.0897  mean=+0.0074  std=0.0424
    IntegratedGradExplainer     : min=-0.3368  max=+0.2546  mean=-0.0421  std=0.1448
    GNNExplainer                : min=+0.0000  max=+1.0000  mean=+0.7273  std=0.4454
  [WRONG  ] Graph 1684 | true=0 pred=1 | nodes= 11 edges= 20
    GradExplainer               : min=-25.1815  max=+15.5409  mean=+3.0767  std=10.8197
    IntegratedGradExplainer     : min=-0.8249  max=+3.1895  mean=+0.8601  std=1.3128
    GNNExplainer                : min=+0.0000  max=+1.0000  mean=+0.7273  std=0.4454
  [WRONG  ] Graph 1685 | true=0 pred=1 | nodes= 11 edges= 20
    GradExplainer               : min=-8.4039  max=+11.6114  mean=+2.3317  std=4.9337
    IntegratedGradExplainer     : min=-0.1753  max=+3.9694  mean=+0.5480  std=1.0987
    GNNExplainer                : min=+0.0000  max=+1.0000  mean=+0.5455  std=0.4979
  [CORRECT] Graph 1686 | true=0 pred=0 | nodes= 11 edges= 20
    GradExplainer               : min=-4.6660  max=+2.1534  mean=-0.1679  std=1.5683
    IntegratedGradExplainer     : min=-0.6349  max=+0.1856  mean=-0.0685  std=0.2053
    GNNExplainer                : min=+0.0000  max=+1.0000  mean=+0.7273  std=0.4454
  [CORRECT] Graph 1687 | true=0 pred=0 | nodes= 11 edges= 20
    GradExplainer               : min=-0.0034  max=+0.0105  mean=+0.0007  std=0.0034
    IntegratedGradExplainer     : min=-0.5887  max=+0.6169  mean=-0.0755  std=0.3228
    GNNExplainer                : min=+0.0000  max=+1.0000  mean=+0.6364  std=0.4810
  [WRONG  ] Graph 1688 | true=0 pred=1 | nodes= 11 edges= 20
    GradExplainer               : min=-38.5593  max=+63.7232  mean=+5.3256  std=22.9298
    IntegratedGradExplainer     : min=-0.1937  max=+0.1538  mean=-0.0333  std=0.0905
    GNNExplainer                : min=+0.0000  max=+1.0000  mean=+0.5455  std=0.4979
  [CORRECT] Graph 1689 | true=0 pred=0 | nodes= 11 edges= 20
    GradExplainer               : min=-0.0444  max=+0.0027  mean=-0.0085  std=0.0134
    IntegratedGradExplainer     : min=-0.2646  max=+0.0195  mean=-0.0882  std=0.0934
    GNNExplainer                : min=+0.0000  max=+1.0000  mean=+0.8182  std=0.3857
  [CORRECT] Graph 1690 | true=0 pred=0 | nodes= 11 edges= 20
    GradExplainer               : min=-14.9849  max=+16.4241  mean=+2.2285  std=7.7173
    IntegratedGradExplainer     : min=-1.4404  max=+1.4305  mean=-0.0559  std=0.7700
    GNNExplainer                : min=+0.0000  max=+1.0000  mean=+0.7273  std=0.4454
  [WRONG  ] Graph 1691 | true=0 pred=1 | nodes= 11 edges= 20
    GradExplainer               : min=-22.7354  max=+67.4701  mean=+18.7417  std=26.9717
    IntegratedGradExplainer     : min=-0.5157  max=+0.3918  mean=-0.0248  std=0.2106
    GNNExplainer                : min=+0.0000  max=+1.0000  mean=+0.8182  std=0.3857
  [CORRECT] Graph 1692 | true=0 pred=0 | nodes= 11 edges= 20
    GradExplainer               : min=-0.0035  max=+0.0005  mean=-0.0010  std=0.0013
    IntegratedGradExplainer     : min=-0.3091  max=-0.0060  mean=-0.0874  std=0.0832
    GNNExplainer                : min=+0.0000  max=+1.0000  mean=+0.8182  std=0.3857
  [CORRECT] Graph 1693 | true=0 pred=0 | nodes= 11 edges= 20
    GradExplainer               : min=-0.0049  max=+0.0032  mean=-0.0011  std=0.0019
    IntegratedGradExplainer     : min=-0.3612  max=+0.0296  mean=-0.0810  std=0.1059
    GNNExplainer                : min=+0.0000  max=+1.0000  mean=+0.4545  std=0.4979
  [WRONG  ] Graph 1694 | true=0 pred=1 | nodes= 11 edges= 20
    GradExplainer               : min=-36.2418  max=+10.9251  mean=-1.1140  std=11.9739
    IntegratedGradExplainer     : min=-2.0288  max=+3.2089  mean=+0.0859  std=1.1916
    GNNExplainer                : min=+0.0000  max=+1.0000  mean=+0.6364  std=0.4810
  [CORRECT] Graph 1695 | true=0 pred=0 | nodes= 11 edges= 20
    GradExplainer               : min=-0.0442  max=+0.1015  mean=+0.0113  std=0.0440
    IntegratedGradExplainer     : min=-0.7371  max=+0.2263  mean=-0.0808  std=0.2734
    GNNExplainer                : min=+0.0000  max=+1.0000  mean=+0.7273  std=0.4454
  [WRONG  ] Graph 1696 | true=1 pred=0 | nodes= 11 edges= 20
    GradExplainer               : min=-103.5596  max=+11.7414  mean=-32.3583  std=38.8134
    IntegratedGradExplainer     : min=-1.0051  max=+2.0238  mean=+0.3911  std=0.9757
    GNNExplainer                : min=+1.0000  max=+1.0000  mean=+1.0000  std=0.0000
  [WRONG  ] Graph 1697 | true=0 pred=1 | nodes= 11 edges= 20
    GradExplainer               : min=-27.3575  max=+47.2088  mean=+3.4808  std=16.5613
    IntegratedGradExplainer     : min=-0.6433  max=+2.6164  mean=+0.2520  std=0.8578
    GNNExplainer                : min=+0.0000  max=+1.0000  mean=+0.9091  std=0.2875
  [CORRECT] Graph 1698 | true=1 pred=1 | nodes= 11 edges= 20
    GradExplainer               : min=-0.0059  max=+0.0003  mean=-0.0008  std=0.0017
    IntegratedGradExplainer     : min=-0.5864  max=+0.4963  mean=-0.0444  std=0.2971
    GNNExplainer                : min=+0.0000  max=+1.0000  mean=+0.8182  std=0.3857
  [CORRECT] Graph 1699 | true=0 pred=0 | nodes= 11 edges= 20
    GradExplainer               : min=-0.0020  max=+2.0851  mean=+0.4054  std=0.5958
    IntegratedGradExplainer     : min=-0.4799  max=+0.1700  mean=-0.0854  std=0.1666
    GNNExplainer                : min=+0.0000  max=+1.0000  mean=+0.5455  std=0.4979
  [CORRECT] Graph 1700 | true=1 pred=1 | nodes= 11 edges= 20
    GradExplainer               : min=-14.7388  max=+0.3001  mean=-2.0120  std=4.3055
    IntegratedGradExplainer     : min=-0.8466  max=+0.2324  mean=-0.0304  std=0.2865
    GNNExplainer                : min=+0.0000  max=+1.0000  mean=+0.8182  std=0.3857
  [CORRECT] Graph 1701 | true=1 pred=1 | nodes= 11 edges= 20
    GradExplainer               : min=-52.7127  max=+21.0750  mean=-14.3471  std=23.2128
    IntegratedGradExplainer     : min=-1.8231  max=+1.3754  mean=-0.0153  std=0.8101
    GNNExplainer                : min=+0.0000  max=+1.0000  mean=+0.6364  std=0.4810
  [CORRECT] Graph 1702 | true=0 pred=0 | nodes= 11 edges= 20
    GradExplainer               : min=-0.0000  max=+0.0001  mean=+0.0000  std=0.0000
    IntegratedGradExplainer     : min=-0.4405  max=+0.0084  mean=-0.0878  std=0.1191
    GNNExplainer                : min=+0.0000  max=+1.0000  mean=+0.8182  std=0.3857
  [WRONG  ] Graph 1703 | true=0 pred=1 | nodes= 11 edges= 20
    GradExplainer               : min=-40.0769  max=+22.1311  mean=-6.6579  std=15.4157
    IntegratedGradExplainer     : min=-1.3431  max=+5.0108  mean=+0.3475  std=1.5813
    GNNExplainer                : min=+0.0000  max=+1.0000  mean=+0.6364  std=0.4810
  [CORRECT] Graph 1704 | true=1 pred=1 | nodes= 11 edges= 20
    GradExplainer               : min=-0.1276  max=+0.8523  mean=+0.1068  std=0.2578
    IntegratedGradExplainer     : min=-0.4358  max=+0.2691  mean=-0.0423  std=0.1907
    GNNExplainer                : min=+0.0000  max=+1.0000  mean=+0.6364  std=0.4810
  [CORRECT] Graph 1705 | true=1 pred=1 | nodes= 11 edges= 20
    GradExplainer               : min=-1.1819  max=+8.0285  mean=+1.0153  std=2.4215
    IntegratedGradExplainer     : min=-0.6531  max=+0.3611  mean=-0.0304  std=0.2335
    GNNExplainer                : min=+0.0000  max=+1.0000  mean=+0.9091  std=0.2875
  [CORRECT] Graph 1706 | true=0 pred=0 | nodes= 11 edges= 20
    GradExplainer               : min=-3.7408  max=+1.1266  mean=-0.4521  std=1.1459
    IntegratedGradExplainer     : min=-0.1704  max=-0.0001  mean=-0.0821  std=0.0450
    GNNExplainer                : min=+0.0000  max=+1.0000  mean=+0.5455  std=0.4979
  [CORRECT] Graph 1707 | true=0 pred=0 | nodes= 11 edges= 20
    GradExplainer               : min=-0.0689  max=+0.0314  mean=-0.0064  std=0.0228
    IntegratedGradExplainer     : min=-0.4395  max=+0.0595  mean=-0.0840  std=0.1369
    GNNExplainer                : min=+0.0000  max=+1.0000  mean=+0.7273  std=0.4454
  [CORRECT] Graph 1708 | true=0 pred=0 | nodes= 11 edges= 20
    GradExplainer               : min=-0.0038  max=+0.0077  mean=+0.0007  std=0.0031
    IntegratedGradExplainer     : min=-0.4531  max=+0.0597  mean=-0.0885  std=0.1488
    GNNExplainer                : min=+0.0000  max=+1.0000  mean=+0.7273  std=0.4454
  [CORRECT] Graph 1709 | true=1 pred=1 | nodes= 11 edges= 20
    GradExplainer               : min=-6.1901  max=+3.9092  mean=-0.6724  std=2.5571
    IntegratedGradExplainer     : min=-1.0870  max=+0.5736  mean=+0.0160  std=0.4232
    GNNExplainer                : min=+0.0000  max=+1.0000  mean=+0.7273  std=0.4454
  [CORRECT] Graph 1710 | true=1 pred=1 | nodes= 11 edges= 20
    GradExplainer               : min=-0.0450  max=+0.2119  mean=+0.0335  std=0.0752
    IntegratedGradExplainer     : min=-0.1758  max=+0.0623  mean=-0.0486  std=0.0664
    GNNExplainer                : min=+0.0000  max=+1.0000  mean=+0.9091  std=0.2875
  [WRONG  ] Graph 1711 | true=0 pred=1 | nodes= 11 edges= 20
    GradExplainer               : min=-36.7357  max=+19.8491  mean=-13.6153  std=17.3589
    IntegratedGradExplainer     : min=-1.1115  max=+1.8121  mean=+0.1093  std=0.7938
    GNNExplainer                : min=+0.0000  max=+1.0000  mean=+0.6364  std=0.4810
  [WRONG  ] Graph 1712 | true=1 pred=0 | nodes= 11 edges= 20
    GradExplainer               : min=-122.3775  max=+7.0371  mean=-13.8926  std=36.9856
    IntegratedGradExplainer     : min=-1.4679  max=+5.8576  mean=+0.6108  std=1.7758
    GNNExplainer                : min=+0.0000  max=+1.0000  mean=+0.9091  std=0.2875
  [CORRECT] Graph 1713 | true=0 pred=0 | nodes= 11 edges= 20
    GradExplainer               : min=-3.4921  max=+4.9177  mean=+0.7274  std=1.9487
    IntegratedGradExplainer     : min=-0.2567  max=+0.0765  mean=-0.0838  std=0.0941
    GNNExplainer                : min=+0.0000  max=+1.0000  mean=+0.8182  std=0.3857
  [CORRECT] Graph 1714 | true=0 pred=0 | nodes= 11 edges= 20
    GradExplainer               : min=-1.4903  max=+0.9896  mean=+0.1423  std=0.6831
    IntegratedGradExplainer     : min=-0.2115  max=+0.0348  mean=-0.0815  std=0.0800
    GNNExplainer                : min=+0.0000  max=+1.0000  mean=+0.4545  std=0.4979
  [CORRECT] Graph 1715 | true=1 pred=1 | nodes= 11 edges= 20
    GradExplainer               : min=-0.1899  max=+0.1865  mean=+0.0179  std=0.0920
    IntegratedGradExplainer     : min=-0.4197  max=+0.1225  mean=-0.0474  std=0.1360
    GNNExplainer                : min=+0.0000  max=+1.0000  mean=+0.5455  std=0.4979
  [WRONG  ] Graph 1716 | true=0 pred=1 | nodes= 11 edges= 20
    GradExplainer               : min=-25.9703  max=+1.8360  mean=-6.7552  std=8.4014
    IntegratedGradExplainer     : min=-1.0760  max=+1.2141  mean=-0.0204  std=0.5718
    GNNExplainer                : min=+0.0000  max=+1.0000  mean=+0.6364  std=0.4810
  [WRONG  ] Graph 1717 | true=0 pred=1 | nodes= 11 edges= 20
    GradExplainer               : min=-51.5139  max=+74.9711  mean=+11.2759  std=30.8470
    IntegratedGradExplainer     : min=-1.2497  max=+2.3781  mean=+0.1409  std=0.8979
    GNNExplainer                : min=+0.0000  max=+1.0000  mean=+0.7273  std=0.4454
  [CORRECT] Graph 1718 | true=0 pred=0 | nodes= 11 edges= 20
    GradExplainer               : min=-4.1325  max=+9.5144  mean=+1.5247  std=3.3091
    IntegratedGradExplainer     : min=-0.9974  max=+0.8185  mean=-0.0644  std=0.4267
    GNNExplainer                : min=+0.0000  max=+1.0000  mean=+0.6364  std=0.4810
  [WRONG  ] Graph 1719 | true=0 pred=1 | nodes= 11 edges= 20
    GradExplainer               : min=-65.7858  max=+83.8132  mean=-0.3691  std=33.9599
    IntegratedGradExplainer     : min=-4.3814  max=+6.3466  mean=+0.4571  std=2.6375
    GNNExplainer                : min=+0.0000  max=+1.0000  mean=+0.4545  std=0.4979
  [CORRECT] Graph 1720 | true=0 pred=0 | nodes= 11 edges= 20
    GradExplainer               : min=-0.0455  max=+0.1093  mean=+0.0044  std=0.0382
    IntegratedGradExplainer     : min=-0.3839  max=-0.0237  mean=-0.0883  std=0.1070
    GNNExplainer                : min=+0.0000  max=+1.0000  mean=+0.6364  std=0.4810
  [CORRECT] Graph 1721 | true=0 pred=0 | nodes= 11 edges= 20
    GradExplainer               : min=-0.0048  max=+0.0073  mean=+0.0008  std=0.0028
    IntegratedGradExplainer     : min=-0.2700  max=+0.0876  mean=-0.0842  std=0.0924
    GNNExplainer                : min=+0.0000  max=+1.0000  mean=+0.7273  std=0.4454
  [CORRECT] Graph 1722 | true=1 pred=1 | nodes= 11 edges= 20
    GradExplainer               : min=-0.9199  max=+1.3037  mean=+0.0782  std=0.5040
    IntegratedGradExplainer     : min=-0.3113  max=+0.3237  mean=-0.0423  std=0.1524
    GNNExplainer                : min=+0.0000  max=+1.0000  mean=+0.7273  std=0.4454
  [CORRECT] Graph 1723 | true=0 pred=0 | nodes= 11 edges= 20
    GradExplainer               : min=-0.0094  max=+0.0210  mean=-0.0009  std=0.0077
    IntegratedGradExplainer     : min=-0.3871  max=+0.1411  mean=-0.0712  std=0.1525
    GNNExplainer                : min=+0.0000  max=+1.0000  mean=+0.3636  std=0.4810
  [CORRECT] Graph 1724 | true=0 pred=0 | nodes= 11 edges= 20
    GradExplainer               : min=-0.0241  max=+0.0054  mean=-0.0081  std=0.0093
    IntegratedGradExplainer     : min=-0.2210  max=-0.0012  mean=-0.0847  std=0.0766
    GNNExplainer                : min=+0.0000  max=+1.0000  mean=+0.4545  std=0.4979
  [CORRECT] Graph 1725 | true=1 pred=1 | nodes= 11 edges= 20
    GradExplainer               : min=-0.0191  max=+0.0144  mean=-0.0022  std=0.0086
    IntegratedGradExplainer     : min=-1.6950  max=+1.1835  mean=-0.0322  std=0.6243
    GNNExplainer                : min=+0.0000  max=+1.0000  mean=+0.7273  std=0.4454
  [CORRECT] Graph 1726 | true=1 pred=1 | nodes= 11 edges= 20
    GradExplainer               : min=-2.9906  max=+0.1369  mean=-0.7837  std=0.9926
    IntegratedGradExplainer     : min=-1.0964  max=+0.9639  mean=-0.0393  std=0.4449
    GNNExplainer                : min=+0.0000  max=+1.0000  mean=+0.7273  std=0.4454
  [CORRECT] Graph 1727 | true=0 pred=0 | nodes= 11 edges= 20
    GradExplainer               : min=-7.7592  max=+3.7740  mean=-1.3800  std=3.3123
    IntegratedGradExplainer     : min=-6.1478  max=+4.6584  mean=-0.0526  std=2.5936
    GNNExplainer                : min=+0.0000  max=+1.0000  mean=+0.8182  std=0.3857
  [CORRECT] Graph 1728 | true=1 pred=1 | nodes= 11 edges= 20
    GradExplainer               : min=-12.2218  max=+2.5680  mean=-1.6785  std=3.6735
    IntegratedGradExplainer     : min=-1.4693  max=+0.9237  mean=-0.0222  std=0.6416
    GNNExplainer                : min=+0.0000  max=+1.0000  mean=+0.4545  std=0.4979
  [WRONG  ] Graph 1729 | true=1 pred=0 | nodes= 11 edges= 20
    GradExplainer               : min=-163.0946  max=+147.7711  mean=-9.9428  std=74.7678
    IntegratedGradExplainer     : min=-1.3788  max=+3.0623  mean=+0.1866  std=1.1462
    GNNExplainer                : min=+0.0000  max=+1.0000  mean=+0.6364  std=0.4810
  [CORRECT] Graph 1730 | true=0 pred=0 | nodes= 11 edges= 20
    GradExplainer               : min=+0.0001  max=+0.0012  mean=+0.0004  std=0.0003
    IntegratedGradExplainer     : min=-0.2524  max=-0.0005  mean=-0.0844  std=0.0727
    GNNExplainer                : min=+0.0000  max=+1.0000  mean=+0.8182  std=0.3857
  [CORRECT] Graph 1731 | true=0 pred=0 | nodes= 11 edges= 20
    GradExplainer               : min=-8.7282  max=+3.6179  mean=-0.0602  std=3.5999
    IntegratedGradExplainer     : min=-0.3613  max=+0.1056  mean=-0.0679  std=0.1188
    GNNExplainer                : min=+0.0000  max=+1.0000  mean=+0.7273  std=0.4454
  [WRONG  ] Graph 1732 | true=0 pred=1 | nodes= 11 edges= 20
    GradExplainer               : min=-2.9076  max=+22.4645  mean=+7.5863  std=7.9531
    IntegratedGradExplainer     : min=-0.5686  max=+0.2825  mean=-0.0546  std=0.2493
    GNNExplainer                : min=+0.0000  max=+1.0000  mean=+0.7273  std=0.4454
  [CORRECT] Graph 1733 | true=1 pred=1 | nodes= 11 edges= 20
    GradExplainer               : min=-0.0802  max=-0.0121  mean=-0.0358  std=0.0269
    IntegratedGradExplainer     : min=-0.4104  max=+0.2644  mean=-0.0575  std=0.2000
    GNNExplainer                : min=+0.0000  max=+1.0000  mean=+0.7273  std=0.4454
  [CORRECT] Graph 1734 | true=0 pred=0 | nodes= 11 edges= 20
    GradExplainer               : min=-2.0296  max=+5.9228  mean=+2.2228  std=2.5239
    IntegratedGradExplainer     : min=-1.0395  max=+2.0757  mean=-0.0811  std=0.7556
    GNNExplainer                : min=+0.0000  max=+1.0000  mean=+0.8182  std=0.3857
  [CORRECT] Graph 1735 | true=1 pred=1 | nodes= 11 edges= 20
    GradExplainer               : min=-1.5168  max=+0.6012  mean=-0.2518  std=0.4961
    IntegratedGradExplainer     : min=-0.8646  max=+0.4933  mean=-0.0412  std=0.2988
    GNNExplainer                : min=+0.0000  max=+1.0000  mean=+0.8182  std=0.3857
  [CORRECT] Graph 1736 | true=1 pred=1 | nodes= 11 edges= 20
    GradExplainer               : min=-0.0114  max=+0.0055  mean=-0.0031  std=0.0045
    IntegratedGradExplainer     : min=-0.3430  max=+0.2242  mean=-0.0479  std=0.1552
    GNNExplainer                : min=+0.0000  max=+1.0000  mean=+0.6364  std=0.4810
  [CORRECT] Graph 1737 | true=1 pred=1 | nodes= 11 edges= 20
    GradExplainer               : min=-4.2208  max=+0.2907  mean=-0.9157  std=1.3129
    IntegratedGradExplainer     : min=-0.4288  max=+0.2406  mean=-0.0410  std=0.1675
    GNNExplainer                : min=+0.0000  max=+1.0000  mean=+0.7273  std=0.4454
  [WRONG  ] Graph 1738 | true=0 pred=1 | nodes= 11 edges= 20
    GradExplainer               : min=-45.7890  max=+138.0253  mean=+13.8981  std=42.7448
    IntegratedGradExplainer     : min=-0.8394  max=+4.3529  mean=+0.4277  std=1.3245
    GNNExplainer                : min=+0.0000  max=+1.0000  mean=+0.6364  std=0.4810
  [CORRECT] Graph 1739 | true=0 pred=0 | nodes= 11 edges= 20
    GradExplainer               : min=-0.0004  max=+0.0003  mean=+0.0000  std=0.0002
    IntegratedGradExplainer     : min=-0.3700  max=+0.0303  mean=-0.0900  std=0.1138
    GNNExplainer                : min=+0.0000  max=+1.0000  mean=+0.7273  std=0.4454
  [CORRECT] Graph 1740 | true=0 pred=0 | nodes= 11 edges= 20
    GradExplainer               : min=-0.0007  max=+0.0032  mean=+0.0006  std=0.0010
    IntegratedGradExplainer     : min=-0.3353  max=+0.0105  mean=-0.0849  std=0.0903
    GNNExplainer                : min=+0.0000  max=+1.0000  mean=+0.8182  std=0.3857
  [CORRECT] Graph 1741 | true=0 pred=0 | nodes= 11 edges= 20
    GradExplainer               : min=-38.7721  max=+37.0725  mean=+0.8321  std=16.5082
    IntegratedGradExplainer     : min=-1.0776  max=+0.8999  mean=-0.0577  std=0.4596
    GNNExplainer                : min=+0.0000  max=+1.0000  mean=+0.6364  std=0.4810
  [CORRECT] Graph 1742 | true=0 pred=0 | nodes= 11 edges= 20
    GradExplainer               : min=-0.0828  max=+0.0358  mean=-0.0064  std=0.0296
    IntegratedGradExplainer     : min=-0.4923  max=+0.0278  mean=-0.0865  std=0.1339
    GNNExplainer                : min=+0.0000  max=+1.0000  mean=+0.6364  std=0.4810
  [WRONG  ] Graph 1743 | true=1 pred=0 | nodes= 11 edges= 20
    GradExplainer               : min=-112.2828  max=+34.1289  mean=-25.0148  std=38.1225
    IntegratedGradExplainer     : min=-2.6860  max=+3.6469  mean=+0.1166  std=1.4038
    GNNExplainer                : min=+0.0000  max=+1.0000  mean=+0.8182  std=0.3857
  [WRONG  ] Graph 1744 | true=0 pred=1 | nodes= 11 edges= 20
    GradExplainer               : min=-76.5296  max=+11.2458  mean=-17.6448  std=28.8253
    IntegratedGradExplainer     : min=-0.5972  max=+2.4176  mean=+0.2241  std=0.7552
    GNNExplainer                : min=+0.0000  max=+1.0000  mean=+0.5455  std=0.4979
  [CORRECT] Graph 1745 | true=0 pred=0 | nodes= 11 edges= 20
    GradExplainer               : min=-0.0004  max=+0.0001  mean=-0.0001  std=0.0001
    IntegratedGradExplainer     : min=-0.3734  max=-0.0155  mean=-0.0871  std=0.1055
    GNNExplainer                : min=+0.0000  max=+1.0000  mean=+0.6364  std=0.4810
  [CORRECT] Graph 1746 | true=0 pred=0 | nodes= 11 edges= 20
    GradExplainer               : min=-2.3316  max=+0.4982  mean=-0.7067  std=0.8883
    IntegratedGradExplainer     : min=-0.5563  max=+0.5577  mean=-0.0517  std=0.2798
    GNNExplainer                : min=+0.0000  max=+1.0000  mean=+0.6364  std=0.4810
  [WRONG  ] Graph 1747 | true=1 pred=0 | nodes= 11 edges= 20
    GradExplainer               : min=-35.7728  max=-1.5187  mean=-11.0256  std=10.9923
    IntegratedGradExplainer     : min=-2.0113  max=+1.0104  mean=+0.0773  std=0.8151
    GNNExplainer                : min=+0.0000  max=+1.0000  mean=+0.5455  std=0.4979
  [WRONG  ] Graph 1748 | true=1 pred=0 | nodes= 11 edges= 20
    GradExplainer               : min=-17.9189  max=+18.5190  mean=-4.1483  std=8.5478
    IntegratedGradExplainer     : min=-0.5199  max=+2.4112  mean=+0.2093  std=0.7544
    GNNExplainer                : min=+0.0000  max=+1.0000  mean=+0.7273  std=0.4454
  [WRONG  ] Graph 1749 | true=1 pred=0 | nodes= 11 edges= 20
    GradExplainer               : min=-31.8065  max=+4.4344  mean=-9.2281  std=11.0026
    IntegratedGradExplainer     : min=-0.9294  max=+5.9044  mean=+0.7115  std=1.7358
    GNNExplainer                : min=+0.0000  max=+1.0000  mean=+0.6364  std=0.4810
  [CORRECT] Graph 1750 | true=0 pred=0 | nodes= 11 edges= 20
    GradExplainer               : min=-0.0079  max=+0.1157  mean=+0.0293  std=0.0398
    IntegratedGradExplainer     : min=-0.4243  max=+0.1164  mean=-0.0875  std=0.1332
    GNNExplainer                : min=+0.0000  max=+1.0000  mean=+0.5455  std=0.4979
  [CORRECT] Graph 1751 | true=0 pred=0 | nodes= 11 edges= 20
    GradExplainer               : min=-0.7130  max=+0.7397  mean=-0.1240  std=0.3416
    IntegratedGradExplainer     : min=-0.4528  max=+0.1335  mean=-0.0796  std=0.1599
    GNNExplainer                : min=+0.0000  max=+1.0000  mean=+0.8182  std=0.3857
  [WRONG  ] Graph 1752 | true=0 pred=1 | nodes= 11 edges= 20
    GradExplainer               : min=-40.5712  max=+38.5723  mean=-7.0599  std=20.7365
    IntegratedGradExplainer     : min=-0.6236  max=+2.8369  mean=+0.3633  std=0.9981
    GNNExplainer                : min=+0.0000  max=+1.0000  mean=+0.8182  std=0.3857
  [CORRECT] Graph 1753 | true=0 pred=0 | nodes= 11 edges= 20
    GradExplainer               : min=-10.6039  max=+13.7866  mean=-0.1724  std=5.6078
    IntegratedGradExplainer     : min=-0.2459  max=+0.1382  mean=-0.0616  std=0.1192
    GNNExplainer                : min=+0.0000  max=+1.0000  mean=+0.5455  std=0.4979
  [WRONG  ] Graph 1754 | true=1 pred=0 | nodes= 11 edges= 20
    GradExplainer               : min=-38.0653  max=+26.2167  mean=+0.6892  std=16.0090
    IntegratedGradExplainer     : min=-0.7033  max=+0.6199  mean=+0.0792  std=0.2962
    GNNExplainer                : min=+0.0000  max=+1.0000  mean=+0.9091  std=0.2875
  [WRONG  ] Graph 1755 | true=1 pred=0 | nodes= 11 edges= 20
    GradExplainer               : min=-39.3919  max=+21.3480  mean=+3.1609  std=16.4323
    IntegratedGradExplainer     : min=+0.2098  max=+3.5536  mean=+1.1018  std=1.1619
    GNNExplainer                : min=+0.0000  max=+1.0000  mean=+0.5455  std=0.4979
  [CORRECT] Graph 1756 | true=1 pred=1 | nodes= 11 edges= 20
    GradExplainer               : min=-1.5637  max=+0.3068  mean=-0.5190  std=0.5502
    IntegratedGradExplainer     : min=-0.5310  max=+0.1301  mean=-0.0450  std=0.1625
    GNNExplainer                : min=+0.0000  max=+1.0000  mean=+0.6364  std=0.4810
  [CORRECT] Graph 1757 | true=1 pred=1 | nodes= 11 edges= 20
    GradExplainer               : min=-12.5583  max=+1.6937  mean=-4.7759  std=4.6524
    IntegratedGradExplainer     : min=-0.9588  max=+0.4791  mean=-0.0321  std=0.3314
    GNNExplainer                : min=+0.0000  max=+1.0000  mean=+0.6364  std=0.4810
  [CORRECT] Graph 1758 | true=1 pred=1 | nodes= 11 edges= 20
    GradExplainer               : min=-0.0008  max=+0.0001  mean=-0.0002  std=0.0003
    IntegratedGradExplainer     : min=-0.8235  max=+0.3074  mean=-0.0514  std=0.2868
    GNNExplainer                : min=+0.0000  max=+1.0000  mean=+0.6364  std=0.4810
  [CORRECT] Graph 1759 | true=1 pred=1 | nodes= 11 edges= 20
    GradExplainer               : min=-0.1362  max=+0.0008  mean=-0.0468  std=0.0433
    IntegratedGradExplainer     : min=-0.3415  max=+0.1382  mean=-0.0464  std=0.1138
    GNNExplainer                : min=+0.0000  max=+1.0000  mean=+0.5455  std=0.4979
  [CORRECT] Graph 1760 | true=0 pred=0 | nodes= 11 edges= 20
    GradExplainer               : min=-10.0129  max=+18.6829  mean=+0.1365  std=6.6553
    IntegratedGradExplainer     : min=-1.3419  max=+1.7424  mean=-0.0885  std=0.7587
    GNNExplainer                : min=+0.0000  max=+1.0000  mean=+0.7273  std=0.4454
  [CORRECT] Graph 1761 | true=1 pred=1 | nodes= 11 edges= 20
    GradExplainer               : min=-126.0827  max=-4.7747  mean=-42.0680  std=42.6067
    IntegratedGradExplainer     : min=-1.2156  max=+1.2746  mean=+0.0439  std=0.6801
    GNNExplainer                : min=+0.0000  max=+1.0000  mean=+0.7273  std=0.4454
  [WRONG  ] Graph 1762 | true=0 pred=1 | nodes= 11 edges= 20
    GradExplainer               : min=-30.7537  max=+281.1769  mean=+55.8142  std=83.0611
    IntegratedGradExplainer     : min=-0.3526  max=+2.6263  mean=+0.4508  std=0.8775
    GNNExplainer                : min=+0.0000  max=+1.0000  mean=+0.7273  std=0.4454
  [CORRECT] Graph 1763 | true=1 pred=1 | nodes= 11 edges= 20
    GradExplainer               : min=-0.1397  max=+0.0028  mean=-0.0322  std=0.0395
    IntegratedGradExplainer     : min=-0.3408  max=+0.1417  mean=-0.0471  std=0.1314
    GNNExplainer                : min=+0.0000  max=+1.0000  mean=+0.7273  std=0.4454
  [CORRECT] Graph 1764 | true=0 pred=0 | nodes= 11 edges= 20
    GradExplainer               : min=-0.0012  max=+0.0025  mean=+0.0003  std=0.0009
    IntegratedGradExplainer     : min=-0.3093  max=+0.2813  mean=-0.0842  std=0.1507
    GNNExplainer                : min=+0.0000  max=+1.0000  mean=+0.7273  std=0.4454
  [CORRECT] Graph 1765 | true=0 pred=0 | nodes= 11 edges= 20
    GradExplainer               : min=-1.8966  max=+0.1109  mean=-0.4911  std=0.7345
    IntegratedGradExplainer     : min=-0.4119  max=+0.3275  mean=-0.0794  std=0.1985
    GNNExplainer                : min=+0.0000  max=+1.0000  mean=+0.4545  std=0.4979
  [CORRECT] Graph 1766 | true=0 pred=0 | nodes= 11 edges= 20
    GradExplainer               : min=-0.0524  max=+0.0084  mean=-0.0073  std=0.0152
    IntegratedGradExplainer     : min=-0.2909  max=+0.0126  mean=-0.0843  std=0.0822
    GNNExplainer                : min=+0.0000  max=+1.0000  mean=+0.8182  std=0.3857
  [WRONG  ] Graph 1767 | true=1 pred=0 | nodes= 11 edges= 20
    GradExplainer               : min=-19.1993  max=-0.3162  mean=-6.3017  std=6.3374
    IntegratedGradExplainer     : min=-0.5187  max=+1.5427  mean=+0.1644  std=0.6810
    GNNExplainer                : min=+0.0000  max=+1.0000  mean=+0.7273  std=0.4454
  [CORRECT] Graph 1768 | true=0 pred=0 | nodes= 11 edges= 20
    GradExplainer               : min=-0.2602  max=+0.7533  mean=+0.1226  std=0.3043
    IntegratedGradExplainer     : min=-0.2248  max=+0.0014  mean=-0.0790  std=0.0746
    GNNExplainer                : min=+0.0000  max=+1.0000  mean=+0.6364  std=0.4810
  [WRONG  ] Graph 1769 | true=0 pred=1 | nodes= 11 edges= 20
    GradExplainer               : min=-22.2682  max=+17.9004  mean=-0.5838  std=10.9538
    IntegratedGradExplainer     : min=-0.2014  max=+0.7849  mean=+0.0451  std=0.2522
    GNNExplainer                : min=+0.0000  max=+1.0000  mean=+0.5455  std=0.4979
  [CORRECT] Graph 1770 | true=0 pred=0 | nodes= 11 edges= 20
    GradExplainer               : min=-0.2577  max=-0.0127  mean=-0.0782  std=0.0790
    IntegratedGradExplainer     : min=-0.3301  max=+0.0096  mean=-0.0766  std=0.1047
    GNNExplainer                : min=+0.0000  max=+1.0000  mean=+0.3636  std=0.4810
  [WRONG  ] Graph 1771 | true=1 pred=0 | nodes= 11 edges= 20
    GradExplainer               : min=-140.9279  max=+4.6784  mean=-23.7788  std=41.9323
    IntegratedGradExplainer     : min=-0.4326  max=+0.5447  mean=+0.1070  std=0.2579
    GNNExplainer                : min=+0.0000  max=+1.0000  mean=+0.6364  std=0.4810
  [WRONG  ] Graph 1772 | true=0 pred=1 | nodes= 11 edges= 20
    GradExplainer               : min=-10.2399  max=+82.0924  mean=+12.6079  std=25.0424
    IntegratedGradExplainer     : min=-0.4771  max=+0.5020  mean=+0.0325  std=0.3221
    GNNExplainer                : min=+0.0000  max=+1.0000  mean=+0.8182  std=0.3857
  [WRONG  ] Graph 1773 | true=0 pred=1 | nodes= 11 edges= 20
    GradExplainer               : min=-41.0511  max=+46.4659  mean=+5.5947  std=23.4392
    IntegratedGradExplainer     : min=-0.2296  max=+0.5704  mean=+0.1073  std=0.2105
    GNNExplainer                : min=+0.0000  max=+1.0000  mean=+0.7273  std=0.4454
  [WRONG  ] Graph 1774 | true=0 pred=1 | nodes= 11 edges= 20
    GradExplainer               : min=-7.1232  max=+6.3266  mean=-1.5712  std=3.8785
    IntegratedGradExplainer     : min=-0.3146  max=+0.2226  mean=-0.0326  std=0.1580
    GNNExplainer                : min=+0.0000  max=+1.0000  mean=+0.7273  std=0.4454
  [WRONG  ] Graph 1775 | true=1 pred=0 | nodes= 11 edges= 20
    GradExplainer               : min=-35.6847  max=+61.3741  mean=+7.9749  std=24.3967
    IntegratedGradExplainer     : min=-0.4647  max=+0.8902  mean=+0.0692  std=0.3564
    GNNExplainer                : min=+0.0000  max=+1.0000  mean=+0.8182  std=0.3857
  [CORRECT] Graph 1776 | true=1 pred=1 | nodes= 11 edges= 20
    GradExplainer               : min=-68.9377  max=+17.9263  mean=-8.5167  std=21.6615
    IntegratedGradExplainer     : min=-1.5532  max=+1.2946  mean=-0.0094  std=0.8079
    GNNExplainer                : min=+0.0000  max=+1.0000  mean=+0.7273  std=0.4454
  [CORRECT] Graph 1777 | true=0 pred=0 | nodes= 11 edges= 20
    GradExplainer               : min=-0.2896  max=+0.3071  mean=+0.0536  std=0.1678
    IntegratedGradExplainer     : min=-0.4446  max=+0.0454  mean=-0.0878  std=0.1235
    GNNExplainer                : min=+0.0000  max=+1.0000  mean=+0.8182  std=0.3857
  [CORRECT] Graph 1778 | true=0 pred=0 | nodes= 11 edges= 20
    GradExplainer               : min=-0.0420  max=+0.0099  mean=-0.0037  std=0.0129
    IntegratedGradExplainer     : min=-0.2990  max=-0.0036  mean=-0.0785  std=0.0840
    GNNExplainer                : min=+0.0000  max=+1.0000  mean=+0.8182  std=0.3857
  [WRONG  ] Graph 1779 | true=0 pred=1 | nodes= 11 edges= 20
    GradExplainer               : min=+13.3132  max=+187.8339  mean=+77.6920  std=68.8387
    IntegratedGradExplainer     : min=-0.1374  max=+1.3109  mean=+0.2835  std=0.5172
    GNNExplainer                : min=+0.0000  max=+1.0000  mean=+0.8182  std=0.3857
  [CORRECT] Graph 1780 | true=1 pred=1 | nodes= 11 edges= 20
    GradExplainer               : min=-60.8916  max=+14.7357  mean=-9.8771  std=19.6278
    IntegratedGradExplainer     : min=-2.0127  max=+0.8964  mean=-0.0017  std=0.7315
    GNNExplainer                : min=+0.0000  max=+1.0000  mean=+0.6364  std=0.4810
  [CORRECT] Graph 1781 | true=1 pred=1 | nodes= 11 edges= 20
    GradExplainer               : min=-0.8212  max=+0.3377  mean=-0.1239  std=0.3276
    IntegratedGradExplainer     : min=-0.8902  max=+0.2242  mean=-0.0436  std=0.2851
    GNNExplainer                : min=+0.0000  max=+1.0000  mean=+0.4545  std=0.4979
  [CORRECT] Graph 1782 | true=0 pred=0 | nodes= 11 edges= 20
    GradExplainer               : min=-3.6310  max=+9.3068  mean=+1.8734  std=3.5088
    IntegratedGradExplainer     : min=-0.2764  max=+0.1754  mean=-0.0731  std=0.1286
    GNNExplainer                : min=+0.0000  max=+1.0000  mean=+0.4545  std=0.4979
  [WRONG  ] Graph 1783 | true=0 pred=1 | nodes= 11 edges= 20
    GradExplainer               : min=-56.7140  max=+143.2004  mean=+27.4883  std=46.6297
    IntegratedGradExplainer     : min=-0.7690  max=+2.8920  mean=+0.2771  std=0.9502
    GNNExplainer                : min=+0.0000  max=+1.0000  mean=+0.4545  std=0.4979
  [CORRECT] Graph 1784 | true=0 pred=0 | nodes= 11 edges= 20
    GradExplainer               : min=-0.0463  max=+0.0203  mean=-0.0114  std=0.0162
    IntegratedGradExplainer     : min=-0.3316  max=+0.0005  mean=-0.0846  std=0.1004
    GNNExplainer                : min=+0.0000  max=+1.0000  mean=+0.5455  std=0.4979
  [WRONG  ] Graph 1785 | true=1 pred=0 | nodes= 11 edges= 20
    GradExplainer               : min=-185.6362  max=+30.9385  mean=-47.3167  std=64.6860
    IntegratedGradExplainer     : min=-1.4392  max=+2.3414  mean=+0.1315  std=1.1676
    GNNExplainer                : min=+0.0000  max=+1.0000  mean=+0.5455  std=0.4979
  [CORRECT] Graph 1786 | true=1 pred=1 | nodes= 11 edges= 20
    GradExplainer               : min=-4.3532  max=+13.5466  mean=+2.1650  std=4.0891
    IntegratedGradExplainer     : min=-1.8177  max=+0.8690  mean=-0.0146  std=0.6376
    GNNExplainer                : min=+0.0000  max=+1.0000  mean=+0.7273  std=0.4454
  [CORRECT] Graph 1787 | true=0 pred=0 | nodes= 11 edges= 20
    GradExplainer               : min=-0.0057  max=+0.0012  mean=-0.0012  std=0.0018
    IntegratedGradExplainer     : min=-0.2835  max=+0.0140  mean=-0.0860  std=0.0856
    GNNExplainer                : min=+0.0000  max=+1.0000  mean=+0.4545  std=0.4979
  [CORRECT] Graph 1788 | true=0 pred=0 | nodes= 11 edges= 20
    GradExplainer               : min=-1.8496  max=+1.4218  mean=-0.2249  std=0.8261
    IntegratedGradExplainer     : min=-0.2114  max=+0.0005  mean=-0.0854  std=0.0713
    GNNExplainer                : min=+0.0000  max=+1.0000  mean=+0.5455  std=0.4979
  [CORRECT] Graph 1789 | true=0 pred=0 | nodes= 11 edges= 20
    GradExplainer               : min=-0.0800  max=+0.0581  mean=-0.0023  std=0.0315
    IntegratedGradExplainer     : min=-0.3200  max=+0.0068  mean=-0.0874  std=0.0826
    GNNExplainer                : min=+0.0000  max=+1.0000  mean=+0.9091  std=0.2875
  [WRONG  ] Graph 1790 | true=0 pred=1 | nodes= 11 edges= 20
    GradExplainer               : min=+0.1529  max=+52.0402  mean=+18.3192  std=17.1365
    IntegratedGradExplainer     : min=-0.1437  max=+5.7167  mean=+1.1694  std=1.6772
    GNNExplainer                : min=+0.0000  max=+1.0000  mean=+0.6364  std=0.4810
  [CORRECT] Graph 1791 | true=1 pred=1 | nodes= 11 edges= 20
    GradExplainer               : min=-5.2219  max=+6.5172  mean=-0.8467  std=2.7209
    IntegratedGradExplainer     : min=-0.7645  max=+0.6638  mean=-0.0360  std=0.3230
    GNNExplainer                : min=+0.0000  max=+1.0000  mean=+0.6364  std=0.4810
  [CORRECT] Graph 1792 | true=1 pred=1 | nodes= 11 edges= 20
    GradExplainer               : min=-1.0274  max=+1.3785  mean=+0.0349  std=0.7033
    IntegratedGradExplainer     : min=-0.4464  max=+0.2166  mean=-0.0407  std=0.1627
    GNNExplainer                : min=+0.0000  max=+1.0000  mean=+0.7273  std=0.4454
  [WRONG  ] Graph 1793 | true=0 pred=1 | nodes= 11 edges= 20
    GradExplainer               : min=-13.7328  max=+9.5837  mean=-1.8409  std=5.2917
    IntegratedGradExplainer     : min=-1.1397  max=+2.0417  mean=-0.0364  std=0.7632
    GNNExplainer                : min=+0.0000  max=+1.0000  mean=+0.8182  std=0.3857
  [CORRECT] Graph 1794 | true=0 pred=0 | nodes= 11 edges= 20
    GradExplainer               : min=+0.0001  max=+0.0039  mean=+0.0009  std=0.0012
    IntegratedGradExplainer     : min=-0.2555  max=+0.0474  mean=-0.0866  std=0.0900
    GNNExplainer                : min=+0.0000  max=+1.0000  mean=+0.9091  std=0.2875
  [CORRECT] Graph 1795 | true=0 pred=0 | nodes= 11 edges= 20
    GradExplainer               : min=-0.0875  max=+0.7000  mean=+0.1593  std=0.2452
    IntegratedGradExplainer     : min=-0.3578  max=-0.0051  mean=-0.0840  std=0.1066
    GNNExplainer                : min=+0.0000  max=+1.0000  mean=+0.8182  std=0.3857
  [CORRECT] Graph 1796 | true=1 pred=1 | nodes= 11 edges= 20
    GradExplainer               : min=-25.0504  max=+24.4280  mean=-2.4264  std=11.2015
    IntegratedGradExplainer     : min=-0.7594  max=+0.7273  mean=-0.0343  std=0.4286
    GNNExplainer                : min=+0.0000  max=+1.0000  mean=+0.6364  std=0.4810
  [CORRECT] Graph 1797 | true=1 pred=1 | nodes= 11 edges= 20
    GradExplainer               : min=-0.0289  max=-0.0016  mean=-0.0074  std=0.0083
    IntegratedGradExplainer     : min=-0.4425  max=+0.0709  mean=-0.0465  std=0.1364
    GNNExplainer                : min=+0.0000  max=+1.0000  mean=+0.6364  std=0.4810
  [WRONG  ] Graph 1798 | true=1 pred=0 | nodes= 11 edges= 20
    GradExplainer               : min=-263.0519  max=+15.3742  mean=-45.1795  std=75.9892
    IntegratedGradExplainer     : min=-3.9077  max=+2.4430  mean=+0.2601  std=1.5197
    GNNExplainer                : min=+0.0000  max=+1.0000  mean=+0.6364  std=0.4810
  [CORRECT] Graph 1799 | true=1 pred=1 | nodes= 11 edges= 20
    GradExplainer               : min=-0.0107  max=+0.2942  mean=+0.0417  std=0.0875
    IntegratedGradExplainer     : min=-0.4138  max=+0.0914  mean=-0.0416  std=0.1352
    GNNExplainer                : min=+0.0000  max=+1.0000  mean=+0.8182  std=0.3857
  [CORRECT] Graph 1800 | true=0 pred=0 | nodes= 11 edges= 20
    GradExplainer               : min=-0.3186  max=+0.0339  mean=-0.0719  std=0.0913
    IntegratedGradExplainer     : min=-0.2522  max=-0.0312  mean=-0.0838  std=0.0608
    GNNExplainer                : min=+0.0000  max=+1.0000  mean=+0.6364  std=0.4810
  [WRONG  ] Graph 1801 | true=0 pred=1 | nodes= 11 edges= 20
    GradExplainer               : min=-78.4380  max=+78.9539  mean=-6.3052  std=47.2452
    IntegratedGradExplainer     : min=-2.0921  max=+8.8908  mean=+0.6045  std=2.6965
    GNNExplainer                : min=+0.0000  max=+1.0000  mean=+0.3636  std=0.4810
  [CORRECT] Graph 1802 | true=0 pred=0 | nodes= 11 edges= 20
    GradExplainer               : min=-10.8498  max=+25.4970  mean=+6.5460  std=9.7673
    IntegratedGradExplainer     : min=-3.0753  max=+1.3813  mean=-0.0570  std=1.0841
    GNNExplainer                : min=+0.0000  max=+1.0000  mean=+0.6364  std=0.4810
  [CORRECT] Graph 1803 | true=1 pred=1 | nodes= 11 edges= 20
    GradExplainer               : min=-20.2609  max=-0.9646  mean=-5.8626  std=5.8512
    IntegratedGradExplainer     : min=-0.2476  max=+0.1535  mean=+0.0047  std=0.1153
    GNNExplainer                : min=+0.0000  max=+1.0000  mean=+0.4545  std=0.4979
  [CORRECT] Graph 1804 | true=0 pred=0 | nodes= 11 edges= 20
    GradExplainer               : min=-2.6761  max=+7.8029  mean=+0.2904  std=2.6157
    IntegratedGradExplainer     : min=-0.5277  max=+0.1044  mean=-0.0840  std=0.1595
    GNNExplainer                : min=+0.0000  max=+1.0000  mean=+0.8182  std=0.3857
  [CORRECT] Graph 1805 | true=1 pred=1 | nodes= 11 edges= 20
    GradExplainer               : min=-1.7407  max=-0.0872  mean=-0.5443  std=0.5976
    IntegratedGradExplainer     : min=-0.8333  max=+0.7911  mean=-0.0346  std=0.3948
    GNNExplainer                : min=+0.0000  max=+1.0000  mean=+0.7273  std=0.4454
  [CORRECT] Graph 1806 | true=1 pred=1 | nodes= 11 edges= 20
    GradExplainer               : min=-2.6382  max=+1.9159  mean=+0.3487  std=1.2375
    IntegratedGradExplainer     : min=-0.5854  max=+0.1706  mean=-0.0211  std=0.2043
    GNNExplainer                : min=+0.0000  max=+1.0000  mean=+0.6364  std=0.4810
  [WRONG  ] Graph 1807 | true=0 pred=1 | nodes= 11 edges= 20
    GradExplainer               : min=-33.3198  max=+36.9243  mean=-1.2327  std=15.7309
    IntegratedGradExplainer     : min=-0.2988  max=+0.4407  mean=-0.0340  std=0.1759
    GNNExplainer                : min=+0.0000  max=+1.0000  mean=+0.6364  std=0.4810
  [CORRECT] Graph 1808 | true=1 pred=1 | nodes= 11 edges= 20
    GradExplainer               : min=-1.9782  max=-0.1744  mean=-0.8017  std=0.6522
    IntegratedGradExplainer     : min=-0.1362  max=+0.2288  mean=-0.0185  std=0.0950
    GNNExplainer                : min=+0.0000  max=+1.0000  mean=+0.4545  std=0.4979
  [CORRECT] Graph 1809 | true=1 pred=1 | nodes= 11 edges= 20
    GradExplainer               : min=-0.0333  max=+0.0817  mean=+0.0068  std=0.0286
    IntegratedGradExplainer     : min=-0.2084  max=+0.0272  mean=-0.0432  std=0.0648
    GNNExplainer                : min=+0.0000  max=+1.0000  mean=+0.7273  std=0.4454
  [CORRECT] Graph 1810 | true=1 pred=1 | nodes= 11 edges= 20
    GradExplainer               : min=-0.7747  max=+2.0870  mean=+0.3127  std=0.8251
    IntegratedGradExplainer     : min=-0.4393  max=+0.0750  mean=-0.0312  std=0.1385
    GNNExplainer                : min=+0.0000  max=+1.0000  mean=+0.8182  std=0.3857
  [CORRECT] Graph 1811 | true=1 pred=1 | nodes= 11 edges= 20
    GradExplainer               : min=+0.0000  max=+0.0068  mean=+0.0016  std=0.0020
    IntegratedGradExplainer     : min=-0.4081  max=+0.1223  mean=-0.0511  std=0.1308
    GNNExplainer                : min=+0.0000  max=+1.0000  mean=+0.8182  std=0.3857
  [CORRECT] Graph 1812 | true=0 pred=0 | nodes= 11 edges= 20
    GradExplainer               : min=-0.0009  max=+0.0015  mean=-0.0001  std=0.0006
    IntegratedGradExplainer     : min=-0.1736  max=-0.0173  mean=-0.0824  std=0.0483
    GNNExplainer                : min=+0.0000  max=+1.0000  mean=+0.6364  std=0.4810
  [CORRECT] Graph 1813 | true=1 pred=1 | nodes= 11 edges= 20
    GradExplainer               : min=-1.0526  max=+5.2668  mean=+0.7710  std=1.7158
    IntegratedGradExplainer     : min=-0.4117  max=+0.5028  mean=-0.0341  std=0.2263
    GNNExplainer                : min=+0.0000  max=+1.0000  mean=+0.5455  std=0.4979
  [WRONG  ] Graph 1814 | true=0 pred=1 | nodes= 11 edges= 20
    GradExplainer               : min=-59.4267  max=+66.6143  mean=+5.7233  std=28.0340
    IntegratedGradExplainer     : min=-0.5844  max=+4.1279  mean=+0.5317  std=1.2772
    GNNExplainer                : min=+0.0000  max=+1.0000  mean=+0.7273  std=0.4454
  [CORRECT] Graph 1815 | true=0 pred=0 | nodes= 11 edges= 20
    GradExplainer               : min=-0.3214  max=+6.6009  mean=+0.9148  std=1.9531
    IntegratedGradExplainer     : min=-0.3815  max=+0.0360  mean=-0.0800  std=0.1432
    GNNExplainer                : min=+0.0000  max=+1.0000  mean=+0.8182  std=0.3857
  [CORRECT] Graph 1816 | true=1 pred=1 | nodes= 11 edges= 20
    GradExplainer               : min=-0.0561  max=+0.0175  mean=-0.0027  std=0.0184
    IntegratedGradExplainer     : min=-0.5795  max=+0.3469  mean=-0.0415  std=0.2137
    GNNExplainer                : min=+0.0000  max=+1.0000  mean=+0.7273  std=0.4454
  [CORRECT] Graph 1817 | true=1 pred=1 | nodes= 11 edges= 20
    GradExplainer               : min=-0.4945  max=+0.0906  mean=-0.0568  std=0.1553
    IntegratedGradExplainer     : min=-0.2304  max=+0.0783  mean=-0.0433  std=0.0928
    GNNExplainer                : min=+0.0000  max=+1.0000  mean=+0.3636  std=0.4810
  [CORRECT] Graph 1818 | true=0 pred=0 | nodes= 11 edges= 20
    GradExplainer               : min=-0.0060  max=+0.0080  mean=+0.0005  std=0.0033
    IntegratedGradExplainer     : min=-0.2623  max=-0.0080  mean=-0.0835  std=0.0774
    GNNExplainer                : min=+0.0000  max=+1.0000  mean=+0.7273  std=0.4454
  [WRONG  ] Graph 1819 | true=0 pred=1 | nodes= 11 edges= 20
    GradExplainer               : min=-27.2327  max=+160.5515  mean=+28.7332  std=52.4180
    IntegratedGradExplainer     : min=-1.9981  max=+3.5586  mean=+0.0590  std=1.2758
    GNNExplainer                : min=+0.0000  max=+1.0000  mean=+0.7273  std=0.4454
  [CORRECT] Graph 1820 | true=0 pred=0 | nodes= 11 edges= 20
    GradExplainer               : min=-1.9648  max=+13.4129  mean=+1.6411  std=4.2041
    IntegratedGradExplainer     : min=-0.4321  max=+0.1325  mean=-0.0703  std=0.1565
    GNNExplainer                : min=+0.0000  max=+1.0000  mean=+0.3636  std=0.4810
  [CORRECT] Graph 1821 | true=0 pred=0 | nodes= 11 edges= 20
    GradExplainer               : min=-0.0359  max=+0.0024  mean=-0.0089  std=0.0138
    IntegratedGradExplainer     : min=-0.2311  max=-0.0174  mean=-0.0871  std=0.0648
    GNNExplainer                : min=+0.0000  max=+1.0000  mean=+0.8182  std=0.3857
  [CORRECT] Graph 1822 | true=1 pred=1 | nodes= 11 edges= 20
    GradExplainer               : min=-0.0271  max=-0.0016  mean=-0.0074  std=0.0080
    IntegratedGradExplainer     : min=-0.7903  max=+0.3582  mean=-0.0450  std=0.3355
    GNNExplainer                : min=+0.0000  max=+1.0000  mean=+0.4545  std=0.4979
  [CORRECT] Graph 1823 | true=1 pred=1 | nodes= 11 edges= 20
    GradExplainer               : min=-11.6959  max=+11.3804  mean=+1.4502  std=5.1197
    IntegratedGradExplainer     : min=-0.8225  max=+0.2472  mean=-0.0166  std=0.2655
    GNNExplainer                : min=+0.0000  max=+1.0000  mean=+0.6364  std=0.4810
  [WRONG  ] Graph 1824 | true=0 pred=1 | nodes= 11 edges= 20
    GradExplainer               : min=-60.9825  max=+30.1396  mean=-1.9230  std=24.1775
    IntegratedGradExplainer     : min=-2.0661  max=+1.8329  mean=+0.0315  std=0.8914
    GNNExplainer                : min=+0.0000  max=+1.0000  mean=+0.7273  std=0.4454
  [CORRECT] Graph 1825 | true=1 pred=1 | nodes= 11 edges= 20
    GradExplainer               : min=-0.2023  max=+0.0179  mean=-0.0521  std=0.0589
    IntegratedGradExplainer     : min=-0.8897  max=+0.7078  mean=-0.0447  std=0.3864
    GNNExplainer                : min=+0.0000  max=+1.0000  mean=+0.7273  std=0.4454
  [CORRECT] Graph 1826 | true=1 pred=1 | nodes= 11 edges= 20
    GradExplainer               : min=-39.3943  max=+12.8233  mean=-9.4205  std=13.5065
    IntegratedGradExplainer     : min=-1.3900  max=+1.5678  mean=-0.0009  std=0.7065
    GNNExplainer                : min=+0.0000  max=+1.0000  mean=+0.6364  std=0.4810
  [WRONG  ] Graph 1827 | true=0 pred=1 | nodes= 11 edges= 20
    GradExplainer               : min=-13.4457  max=+62.0682  mean=+16.8720  std=25.3327
    IntegratedGradExplainer     : min=-0.2647  max=+0.3762  mean=-0.0288  std=0.1769
    GNNExplainer                : min=+0.0000  max=+1.0000  mean=+0.5455  std=0.4979
  [CORRECT] Graph 1828 | true=1 pred=1 | nodes= 11 edges= 20
    GradExplainer               : min=-9.9697  max=+10.5753  mean=+0.7670  std=5.8008
    IntegratedGradExplainer     : min=-2.0479  max=+1.8686  mean=+0.0538  std=0.9384
    GNNExplainer                : min=+0.0000  max=+1.0000  mean=+0.8182  std=0.3857
  [CORRECT] Graph 1829 | true=0 pred=0 | nodes= 11 edges= 20
    GradExplainer               : min=-0.3871  max=+0.0485  mean=-0.0964  std=0.1447
    IntegratedGradExplainer     : min=-0.5978  max=+0.0412  mean=-0.0823  std=0.1794
    GNNExplainer                : min=+0.0000  max=+1.0000  mean=+0.8182  std=0.3857
  [CORRECT] Graph 1830 | true=0 pred=0 | nodes= 11 edges= 20
    GradExplainer               : min=+0.0018  max=+0.0441  mean=+0.0114  std=0.0124
    IntegratedGradExplainer     : min=-0.4747  max=+0.0449  mean=-0.0902  std=0.1745
    GNNExplainer                : min=+0.0000  max=+1.0000  mean=+0.9091  std=0.2875
  [CORRECT] Graph 1831 | true=1 pred=1 | nodes= 11 edges= 20
    GradExplainer               : min=-0.2971  max=+0.7533  mean=+0.1152  std=0.2595
    IntegratedGradExplainer     : min=-0.3556  max=+0.0443  mean=-0.0431  std=0.1049
    GNNExplainer                : min=+0.0000  max=+1.0000  mean=+0.8182  std=0.3857
  [CORRECT] Graph 1832 | true=1 pred=1 | nodes= 11 edges= 20
    GradExplainer               : min=-1.0432  max=+2.0724  mean=+0.1525  std=0.7676
    IntegratedGradExplainer     : min=-1.2575  max=+0.8279  mean=-0.0607  std=0.5949
    GNNExplainer                : min=+0.0000  max=+1.0000  mean=+0.6364  std=0.4810
  [CORRECT] Graph 1833 | true=0 pred=0 | nodes= 11 edges= 20
    GradExplainer               : min=-39.9505  max=+79.5467  mean=+2.8872  std=29.2929
    IntegratedGradExplainer     : min=-1.4501  max=+0.5577  mean=-0.0540  std=0.5351
    GNNExplainer                : min=+0.0000  max=+1.0000  mean=+0.5455  std=0.4979
  [CORRECT] Graph 1834 | true=1 pred=1 | nodes= 11 edges= 20
    GradExplainer               : min=-31.0820  max=+2.7658  mean=-7.8041  std=9.7745
    IntegratedGradExplainer     : min=-1.3428  max=+1.9650  mean=+0.0165  std=0.8157
    GNNExplainer                : min=+0.0000  max=+1.0000  mean=+0.6364  std=0.4810
  [WRONG  ] Graph 1835 | true=1 pred=0 | nodes= 11 edges= 20
    GradExplainer               : min=-25.5727  max=+71.7714  mean=+9.1259  std=24.1617
    IntegratedGradExplainer     : min=-0.8279  max=+1.2778  mean=+0.1603  std=0.5399
    GNNExplainer                : min=+1.0000  max=+1.0000  mean=+1.0000  std=0.0000
  [WRONG  ] Graph 1836 | true=0 pred=1 | nodes= 11 edges= 20
    GradExplainer               : min=-126.9457  max=+42.5387  mean=-8.0194  std=40.2452
    IntegratedGradExplainer     : min=-2.0584  max=+1.5320  mean=+0.0310  std=0.9049
    GNNExplainer                : min=+0.0000  max=+1.0000  mean=+0.7273  std=0.4454
  [CORRECT] Graph 1837 | true=0 pred=0 | nodes= 11 edges= 20
    GradExplainer               : min=-0.0905  max=+0.0321  mean=-0.0002  std=0.0316
    IntegratedGradExplainer     : min=-0.3544  max=+0.1250  mean=-0.0823  std=0.1239
    GNNExplainer                : min=+0.0000  max=+1.0000  mean=+0.6364  std=0.4810
  [WRONG  ] Graph 1838 | true=1 pred=0 | nodes= 11 edges= 20
    GradExplainer               : min=-21.1490  max=+98.8146  mean=+27.6123  std=32.6928
    IntegratedGradExplainer     : min=-2.9115  max=+3.0787  mean=+0.2868  std=1.3768
    GNNExplainer                : min=+0.0000  max=+1.0000  mean=+0.5455  std=0.4979
  [CORRECT] Graph 1839 | true=1 pred=1 | nodes= 11 edges= 20
    GradExplainer               : min=-0.0070  max=+0.0012  mean=-0.0010  std=0.0021
    IntegratedGradExplainer     : min=-0.2643  max=+0.0950  mean=-0.0436  std=0.1066
    GNNExplainer                : min=+0.0000  max=+1.0000  mean=+0.6364  std=0.4810
  [CORRECT] Graph 1840 | true=0 pred=0 | nodes= 11 edges= 20
    GradExplainer               : min=-0.0303  max=+0.0095  mean=-0.0035  std=0.0093
    IntegratedGradExplainer     : min=-0.2967  max=-0.0168  mean=-0.0872  std=0.0782
    GNNExplainer                : min=+0.0000  max=+1.0000  mean=+0.7273  std=0.4454
  [CORRECT] Graph 1841 | true=1 pred=1 | nodes= 11 edges= 20
    GradExplainer               : min=-0.0015  max=+0.0868  mean=+0.0136  std=0.0254
    IntegratedGradExplainer     : min=-0.8736  max=+0.6823  mean=-0.0364  std=0.3555
    GNNExplainer                : min=+0.0000  max=+1.0000  mean=+0.6364  std=0.4810
  [CORRECT] Graph 1842 | true=0 pred=0 | nodes= 11 edges= 20
    GradExplainer               : min=-1.9984  max=+11.3998  mean=+2.5231  std=4.0380
    IntegratedGradExplainer     : min=-0.4648  max=+0.0503  mean=-0.0834  std=0.1370
    GNNExplainer                : min=+0.0000  max=+1.0000  mean=+0.7273  std=0.4454
  [WRONG  ] Graph 1843 | true=1 pred=0 | nodes= 11 edges= 20
    GradExplainer               : min=-165.4809  max=-10.0707  mean=-36.8565  std=46.5648
    IntegratedGradExplainer     : min=-1.4293  max=+4.0631  mean=+0.6231  std=1.4775
    GNNExplainer                : min=+0.0000  max=+1.0000  mean=+0.8182  std=0.3857
  [CORRECT] Graph 1844 | true=0 pred=0 | nodes= 11 edges= 20
    GradExplainer               : min=-0.0001  max=+0.0002  mean=+0.0000  std=0.0001
    IntegratedGradExplainer     : min=-0.3199  max=+0.0568  mean=-0.0908  std=0.1289
    GNNExplainer                : min=+0.0000  max=+1.0000  mean=+0.9091  std=0.2875
  [CORRECT] Graph 1845 | true=1 pred=1 | nodes= 11 edges= 20
    GradExplainer               : min=-0.7513  max=+0.7942  mean=+0.0514  std=0.4220
    IntegratedGradExplainer     : min=-0.5233  max=+0.1300  mean=-0.0376  std=0.1712
    GNNExplainer                : min=+0.0000  max=+1.0000  mean=+0.6364  std=0.4810
  [CORRECT] Graph 1846 | true=0 pred=0 | nodes= 11 edges= 20
    GradExplainer               : min=-0.0607  max=-0.0080  mean=-0.0244  std=0.0139
    IntegratedGradExplainer     : min=-0.4724  max=+0.5344  mean=-0.0813  std=0.2448
    GNNExplainer                : min=+0.0000  max=+1.0000  mean=+0.8182  std=0.3857
  [WRONG  ] Graph 1847 | true=0 pred=1 | nodes= 11 edges= 20
    GradExplainer               : min=-7.6885  max=+291.7758  mean=+52.5713  std=86.6134
    IntegratedGradExplainer     : min=-0.2535  max=+2.6990  mean=+0.4322  std=0.7810
    GNNExplainer                : min=+0.0000  max=+1.0000  mean=+0.9091  std=0.2875
  [CORRECT] Graph 1848 | true=1 pred=1 | nodes= 11 edges= 20
    GradExplainer               : min=-0.7299  max=+1.0445  mean=-0.1312  std=0.4286
    IntegratedGradExplainer     : min=-0.5455  max=+0.5235  mean=-0.0412  std=0.2380
    GNNExplainer                : min=+0.0000  max=+1.0000  mean=+0.8182  std=0.3857
  [CORRECT] Graph 1849 | true=0 pred=0 | nodes= 11 edges= 20
    GradExplainer               : min=-0.7658  max=-0.0898  mean=-0.3633  std=0.2606
    IntegratedGradExplainer     : min=-0.2616  max=+0.0125  mean=-0.0824  std=0.0890
    GNNExplainer                : min=+0.0000  max=+1.0000  mean=+0.6364  std=0.4810
  [WRONG  ] Graph 1850 | true=1 pred=0 | nodes= 11 edges= 20
    GradExplainer               : min=-84.6573  max=+11.6356  mean=-22.4205  std=33.0235
    IntegratedGradExplainer     : min=-0.2122  max=+2.1509  mean=+0.5650  std=0.7819
    GNNExplainer                : min=+0.0000  max=+1.0000  mean=+0.7273  std=0.4454
  [CORRECT] Graph 1851 | true=0 pred=0 | nodes= 11 edges= 20
    GradExplainer               : min=-1.2077  max=+17.5762  mean=+2.4442  std=5.1328
    IntegratedGradExplainer     : min=-0.2355  max=-0.0015  mean=-0.0845  std=0.0823
    GNNExplainer                : min=+0.0000  max=+1.0000  mean=+0.8182  std=0.3857
  [CORRECT] Graph 1852 | true=0 pred=0 | nodes= 11 edges= 20
    GradExplainer               : min=-0.2816  max=+0.8642  mean=+0.0489  std=0.2814
    IntegratedGradExplainer     : min=-0.2194  max=-0.0086  mean=-0.0853  std=0.0591
    GNNExplainer                : min=+0.0000  max=+1.0000  mean=+0.7273  std=0.4454
  [CORRECT] Graph 1853 | true=0 pred=0 | nodes= 11 edges= 20
    GradExplainer               : min=-2.2306  max=+1.9583  mean=+0.1129  std=1.1004
    IntegratedGradExplainer     : min=-0.2459  max=+0.0855  mean=-0.0797  std=0.0950
    GNNExplainer                : min=+0.0000  max=+1.0000  mean=+0.6364  std=0.4810
  [CORRECT] Graph 1854 | true=0 pred=0 | nodes= 11 edges= 20
    GradExplainer               : min=-34.8663  max=+23.1548  mean=-5.6546  std=14.3518
    IntegratedGradExplainer     : min=-2.5284  max=+4.7498  mean=-0.0447  std=1.7441
    GNNExplainer                : min=+0.0000  max=+1.0000  mean=+0.7273  std=0.4454
  [CORRECT] Graph 1855 | true=0 pred=0 | nodes= 11 edges= 20
    GradExplainer               : min=-0.0006  max=+0.0014  mean=+0.0002  std=0.0005
    IntegratedGradExplainer     : min=-1.1635  max=+1.1739  mean=-0.0947  std=0.5753
    GNNExplainer                : min=+0.0000  max=+1.0000  mean=+0.5455  std=0.4979
  [CORRECT] Graph 1856 | true=1 pred=1 | nodes= 11 edges= 20
    GradExplainer               : min=-2.1933  max=+1.0959  mean=+0.1796  std=0.8667
    IntegratedGradExplainer     : min=-0.4263  max=+0.2577  mean=-0.0361  std=0.1682
    GNNExplainer                : min=+0.0000  max=+1.0000  mean=+0.5455  std=0.4979
  [CORRECT] Graph 1857 | true=0 pred=0 | nodes= 11 edges= 20
    GradExplainer               : min=-0.0408  max=+0.0157  mean=-0.0088  std=0.0185
    IntegratedGradExplainer     : min=-0.3855  max=+0.2399  mean=-0.0852  std=0.1711
    GNNExplainer                : min=+0.0000  max=+1.0000  mean=+0.9091  std=0.2875
  [WRONG  ] Graph 1858 | true=0 pred=1 | nodes= 11 edges= 20
    GradExplainer               : min=-3.4569  max=+10.3148  mean=+2.7149  std=3.9972
    IntegratedGradExplainer     : min=-0.6342  max=+0.6921  mean=+0.0385  std=0.3175
    GNNExplainer                : min=+0.0000  max=+1.0000  mean=+0.6364  std=0.4810
  [WRONG  ] Graph 1859 | true=0 pred=1 | nodes= 11 edges= 20
    GradExplainer               : min=-52.7520  max=+32.6094  mean=+1.4989  std=21.2530
    IntegratedGradExplainer     : min=-3.4185  max=+2.8626  mean=+0.0507  std=1.6625
    GNNExplainer                : min=+0.0000  max=+1.0000  mean=+0.6364  std=0.4810
  [CORRECT] Graph 1860 | true=1 pred=1 | nodes= 11 edges= 20
    GradExplainer               : min=-0.0689  max=+0.0128  mean=-0.0109  std=0.0223
    IntegratedGradExplainer     : min=-1.2889  max=+0.5656  mean=-0.0365  std=0.4586
    GNNExplainer                : min=+0.0000  max=+1.0000  mean=+0.4545  std=0.4979
  [WRONG  ] Graph 1861 | true=0 pred=1 | nodes= 11 edges= 20
    GradExplainer               : min=-10.2022  max=+64.2482  mean=+20.5554  std=22.8559
    IntegratedGradExplainer     : min=-2.0181  max=+3.2871  mean=+0.2312  std=1.5361
    GNNExplainer                : min=+0.0000  max=+1.0000  mean=+0.5455  std=0.4979
  [WRONG  ] Graph 1862 | true=1 pred=0 | nodes= 11 edges= 20
    GradExplainer               : min=-230.7892  max=+13.0791  mean=-47.7508  std=69.9561
    IntegratedGradExplainer     : min=-1.8511  max=+4.0271  mean=+0.1488  std=1.5100
    GNNExplainer                : min=+0.0000  max=+1.0000  mean=+0.7273  std=0.4454
  [CORRECT] Graph 1863 | true=0 pred=0 | nodes= 11 edges= 20
    GradExplainer               : min=-0.0008  max=+0.0006  mean=-0.0000  std=0.0004
    IntegratedGradExplainer     : min=-0.2689  max=+0.0071  mean=-0.0802  std=0.0759
    GNNExplainer                : min=+0.0000  max=+1.0000  mean=+0.7273  std=0.4454
  [CORRECT] Graph 1864 | true=0 pred=0 | nodes= 11 edges= 20
    GradExplainer               : min=-0.1009  max=+0.1968  mean=+0.0341  std=0.1040
    IntegratedGradExplainer     : min=-0.3935  max=+0.1454  mean=-0.0898  std=0.1789
    GNNExplainer                : min=+0.0000  max=+1.0000  mean=+0.9091  std=0.2875
  [WRONG  ] Graph 1865 | true=0 pred=1 | nodes= 11 edges= 20
    GradExplainer               : min=-15.2947  max=+147.4104  mean=+28.7054  std=48.3276
    IntegratedGradExplainer     : min=-0.3546  max=+1.3024  mean=+0.0627  std=0.4608
    GNNExplainer                : min=+0.0000  max=+1.0000  mean=+0.6364  std=0.4810
  [CORRECT] Graph 1866 | true=0 pred=0 | nodes= 11 edges= 20
    GradExplainer               : min=-0.0020  max=+0.0006  mean=-0.0006  std=0.0008
    IntegratedGradExplainer     : min=-0.4464  max=+0.2977  mean=-0.0829  std=0.2109
    GNNExplainer                : min=+0.0000  max=+1.0000  mean=+0.7273  std=0.4454
  [CORRECT] Graph 1867 | true=0 pred=0 | nodes= 11 edges= 20
    GradExplainer               : min=-2.7889  max=+5.5322  mean=+0.5338  std=1.9420
    IntegratedGradExplainer     : min=-0.3735  max=+0.0898  mean=-0.0788  std=0.1264
    GNNExplainer                : min=+0.0000  max=+1.0000  mean=+0.6364  std=0.4810
  [WRONG  ] Graph 1868 | true=1 pred=0 | nodes= 11 edges= 20
    GradExplainer               : min=-42.7824  max=+92.4021  mean=+1.1670  std=31.7618
    IntegratedGradExplainer     : min=-1.5837  max=+2.1271  mean=+0.0810  std=1.0687
    GNNExplainer                : min=+0.0000  max=+1.0000  mean=+0.4545  std=0.4979
  [CORRECT] Graph 1869 | true=1 pred=1 | nodes= 11 edges= 20
    GradExplainer               : min=-14.1336  max=+7.4075  mean=-1.6029  std=4.7659
    IntegratedGradExplainer     : min=-0.7610  max=+0.5337  mean=-0.0367  std=0.3055
    GNNExplainer                : min=+0.0000  max=+1.0000  mean=+0.8182  std=0.3857
  [WRONG  ] Graph 1870 | true=1 pred=0 | nodes= 11 edges= 20
    GradExplainer               : min=-53.2032  max=+14.4818  mean=-8.1453  std=17.2624
    IntegratedGradExplainer     : min=-0.1674  max=+1.6864  mean=+0.2797  std=0.4953
    GNNExplainer                : min=+0.0000  max=+1.0000  mean=+0.9091  std=0.2875
  [WRONG  ] Graph 1871 | true=0 pred=1 | nodes= 11 edges= 20
    GradExplainer               : min=-19.9993  max=+32.7480  mean=+5.4839  std=15.3068
    IntegratedGradExplainer     : min=-0.3437  max=+0.2713  mean=-0.0491  std=0.2105
    GNNExplainer                : min=+0.0000  max=+1.0000  mean=+0.9091  std=0.2875
  [WRONG  ] Graph 1872 | true=1 pred=0 | nodes= 11 edges= 20
    GradExplainer               : min=-73.3155  max=-3.8586  mean=-17.5400  std=21.8716
    IntegratedGradExplainer     : min=-5.1117  max=+4.7913  mean=+0.8521  std=2.4416
    GNNExplainer                : min=+0.0000  max=+1.0000  mean=+0.7273  std=0.4454
  [CORRECT] Graph 1873 | true=1 pred=1 | nodes= 11 edges= 20
    GradExplainer               : min=+0.0121  max=+0.9184  mean=+0.2162  std=0.2401
    IntegratedGradExplainer     : min=-0.4978  max=+0.6598  mean=-0.0431  std=0.2860
    GNNExplainer                : min=+0.0000  max=+1.0000  mean=+0.7273  std=0.4454
  [CORRECT] Graph 1874 | true=1 pred=1 | nodes= 11 edges= 20
    GradExplainer               : min=-0.0693  max=+0.1798  mean=+0.0199  std=0.0598
    IntegratedGradExplainer     : min=-0.3590  max=+0.0542  mean=-0.0438  std=0.1113
    GNNExplainer                : min=+0.0000  max=+1.0000  mean=+0.4545  std=0.4979
  [WRONG  ] Graph 1875 | true=1 pred=0 | nodes= 11 edges= 20
    GradExplainer               : min=-76.0217  max=-3.6126  mean=-29.7091  std=25.5035
    IntegratedGradExplainer     : min=-5.6029  max=+9.9349  mean=+0.2443  std=3.9540
    GNNExplainer                : min=+0.0000  max=+1.0000  mean=+0.6364  std=0.4810
  [CORRECT] Graph 1876 | true=0 pred=0 | nodes= 11 edges= 20
    GradExplainer               : min=-0.1261  max=+0.1519  mean=+0.0128  std=0.0643
    IntegratedGradExplainer     : min=-0.3641  max=+0.0540  mean=-0.0851  std=0.1227
    GNNExplainer                : min=+0.0000  max=+1.0000  mean=+0.8182  std=0.3857
  [CORRECT] Graph 1877 | true=1 pred=1 | nodes= 11 edges= 20
    GradExplainer               : min=-118.7239  max=+25.4251  mean=-16.2400  std=35.9917
    IntegratedGradExplainer     : min=-1.8424  max=+2.0718  mean=+0.0051  std=0.8448
    GNNExplainer                : min=+0.0000  max=+1.0000  mean=+0.6364  std=0.4810
  [WRONG  ] Graph 1878 | true=0 pred=1 | nodes= 11 edges= 20
    GradExplainer               : min=-14.2049  max=+92.8508  mean=+19.8992  std=34.6454
    IntegratedGradExplainer     : min=-1.4571  max=+2.9708  mean=+0.2735  std=1.0812
    GNNExplainer                : min=+0.0000  max=+1.0000  mean=+0.6364  std=0.4810
  [CORRECT] Graph 1879 | true=0 pred=0 | nodes= 11 edges= 20
    GradExplainer               : min=-0.0005  max=+0.0000  mean=-0.0001  std=0.0002
    IntegratedGradExplainer     : min=-0.2654  max=-0.0019  mean=-0.0842  std=0.0787
    GNNExplainer                : min=+0.0000  max=+1.0000  mean=+0.5455  std=0.4979
  [CORRECT] Graph 1880 | true=0 pred=0 | nodes= 11 edges= 20
    GradExplainer               : min=-9.7326  max=+21.0004  mean=+6.0487  std=9.0550
    IntegratedGradExplainer     : min=-0.8865  max=+0.4103  mean=-0.0515  std=0.3213
    GNNExplainer                : min=+0.0000  max=+1.0000  mean=+0.7273  std=0.4454
  [WRONG  ] Graph 1881 | true=0 pred=1 | nodes= 11 edges= 20
    GradExplainer               : min=-24.8399  max=+46.5137  mean=-0.9254  std=16.9025
    IntegratedGradExplainer     : min=-0.7346  max=+0.7115  mean=+0.0443  std=0.3587
    GNNExplainer                : min=+0.0000  max=+1.0000  mean=+0.5455  std=0.4979
  [CORRECT] Graph 1882 | true=0 pred=0 | nodes= 11 edges= 20
    GradExplainer               : min=+0.9588  max=+8.1391  mean=+2.9495  std=2.2108
    IntegratedGradExplainer     : min=-1.6651  max=+2.7104  mean=-0.0529  std=1.1376
    GNNExplainer                : min=+0.0000  max=+1.0000  mean=+0.3636  std=0.4810
  [CORRECT] Graph 1883 | true=0 pred=0 | nodes= 11 edges= 20
    GradExplainer               : min=-0.8466  max=+0.0561  mean=-0.1763  std=0.2620
    IntegratedGradExplainer     : min=-0.2472  max=+0.0414  mean=-0.0821  std=0.0887
    GNNExplainer                : min=+0.0000  max=+1.0000  mean=+0.7273  std=0.4454
  [CORRECT] Graph 1884 | true=0 pred=0 | nodes= 11 edges= 20
    GradExplainer               : min=-0.2051  max=+0.2001  mean=+0.0034  std=0.0899
    IntegratedGradExplainer     : min=-0.5367  max=+0.4853  mean=-0.0883  std=0.2656
    GNNExplainer                : min=+0.0000  max=+1.0000  mean=+0.5455  std=0.4979
  [WRONG  ] Graph 1885 | true=1 pred=0 | nodes= 11 edges= 20
    GradExplainer               : min=-84.6748  max=+30.0370  mean=-18.4596  std=33.6417
    IntegratedGradExplainer     : min=-1.3345  max=+1.7850  mean=+0.0743  std=0.8327
    GNNExplainer                : min=+0.0000  max=+1.0000  mean=+0.8182  std=0.3857
  [CORRECT] Graph 1886 | true=1 pred=1 | nodes= 11 edges= 20
    GradExplainer               : min=-0.0172  max=-0.0001  mean=-0.0040  std=0.0049
    IntegratedGradExplainer     : min=-0.4279  max=+0.1116  mean=-0.0470  std=0.1562
    GNNExplainer                : min=+0.0000  max=+1.0000  mean=+0.5455  std=0.4979
  [WRONG  ] Graph 1887 | true=1 pred=0 | nodes= 11 edges= 20
    GradExplainer               : min=-121.1945  max=-3.9619  mean=-40.0789  std=43.0949
    IntegratedGradExplainer     : min=-1.8629  max=+4.3823  mean=+0.3966  std=1.6185
    GNNExplainer                : min=+0.0000  max=+1.0000  mean=+0.4545  std=0.4979
  [CORRECT] Graph 1888 | true=0 pred=0 | nodes= 11 edges= 20
    GradExplainer               : min=-0.0003  max=+0.1023  mean=+0.0184  std=0.0302
    IntegratedGradExplainer     : min=-0.5665  max=+0.3246  mean=-0.0863  std=0.2482
    GNNExplainer                : min=+0.0000  max=+1.0000  mean=+0.4545  std=0.4979
  [WRONG  ] Graph 1889 | true=0 pred=1 | nodes= 11 edges= 20
    GradExplainer               : min=-42.9972  max=+11.7370  mean=-4.1621  std=14.7096
    IntegratedGradExplainer     : min=-4.1696  max=+3.0758  mean=+0.1271  std=1.6723
    GNNExplainer                : min=+0.0000  max=+1.0000  mean=+0.9091  std=0.2875
  [CORRECT] Graph 1890 | true=1 pred=1 | nodes= 11 edges= 20
    GradExplainer               : min=-4.8398  max=-0.2820  mean=-1.6705  std=1.6523
    IntegratedGradExplainer     : min=-0.7186  max=+0.6475  mean=-0.0408  std=0.3409
    GNNExplainer                : min=+0.0000  max=+1.0000  mean=+0.5455  std=0.4979
  [WRONG  ] Graph 1891 | true=1 pred=0 | nodes= 11 edges= 20
    GradExplainer               : min=-107.9651  max=+5.5487  mean=-26.5008  std=40.3473
    IntegratedGradExplainer     : min=-0.9671  max=+3.6465  mean=+0.6224  std=1.3830
    GNNExplainer                : min=+0.0000  max=+1.0000  mean=+0.8182  std=0.3857
  [WRONG  ] Graph 1892 | true=0 pred=1 | nodes= 11 edges= 20
    GradExplainer               : min=-14.5926  max=+34.9198  mean=+8.8560  std=11.7372
    IntegratedGradExplainer     : min=-2.7670  max=+1.8440  mean=+0.0842  std=1.1471
    GNNExplainer                : min=+0.0000  max=+1.0000  mean=+0.6364  std=0.4810
  [CORRECT] Graph 1893 | true=1 pred=1 | nodes= 11 edges= 20
    GradExplainer               : min=-0.3943  max=+0.0274  mean=-0.1020  std=0.1211
    IntegratedGradExplainer     : min=-0.9117  max=+0.2811  mean=-0.0487  std=0.3144
    GNNExplainer                : min=+0.0000  max=+1.0000  mean=+0.9091  std=0.2875
  [WRONG  ] Graph 1894 | true=0 pred=1 | nodes= 11 edges= 20
    GradExplainer               : min=-3.3463  max=+26.9672  mean=+4.1811  std=7.7305
    IntegratedGradExplainer     : min=-0.6416  max=+0.5679  mean=-0.0467  std=0.2642
    GNNExplainer                : min=+0.0000  max=+1.0000  mean=+0.7273  std=0.4454
  [CORRECT] Graph 1895 | true=0 pred=0 | nodes= 11 edges= 20
    GradExplainer               : min=-0.0003  max=+0.0001  mean=-0.0001  std=0.0001
    IntegratedGradExplainer     : min=-0.2729  max=-0.0101  mean=-0.0857  std=0.0781
    GNNExplainer                : min=+0.0000  max=+1.0000  mean=+0.8182  std=0.3857
  [CORRECT] Graph 1896 | true=1 pred=1 | nodes= 11 edges= 20
    GradExplainer               : min=-34.9675  max=+1.3325  mean=-11.6850  std=11.6138
    IntegratedGradExplainer     : min=-4.3356  max=+4.3835  mean=+0.0445  std=2.1895
    GNNExplainer                : min=+0.0000  max=+1.0000  mean=+0.6364  std=0.4810
  [CORRECT] Graph 1897 | true=0 pred=0 | nodes= 11 edges= 20
    GradExplainer               : min=-0.0009  max=+0.0037  mean=+0.0005  std=0.0012
    IntegratedGradExplainer     : min=-0.2691  max=+0.0090  mean=-0.0870  std=0.0732
    GNNExplainer                : min=+0.0000  max=+1.0000  mean=+0.6364  std=0.4810
  [WRONG  ] Graph 1898 | true=1 pred=0 | nodes= 11 edges= 20
    GradExplainer               : min=-57.7172  max=+128.1997  mean=+15.8552  std=42.4799
    IntegratedGradExplainer     : min=-1.6617  max=+3.4996  mean=+0.4789  std=1.3108
    GNNExplainer                : min=+0.0000  max=+1.0000  mean=+0.7273  std=0.4454
  [CORRECT] Graph 1899 | true=1 pred=1 | nodes= 11 edges= 20
    GradExplainer               : min=-33.3407  max=+3.5994  mean=-7.2809  std=10.6853
    IntegratedGradExplainer     : min=-0.7690  max=+0.4172  mean=-0.0029  std=0.2718
    GNNExplainer                : min=+0.0000  max=+1.0000  mean=+0.4545  std=0.4979
  [CORRECT] Graph 1900 | true=1 pred=1 | nodes= 11 edges= 20
    GradExplainer               : min=-9.1499  max=+4.8729  mean=+0.5803  std=3.5310
    IntegratedGradExplainer     : min=-0.5138  max=+0.2400  mean=-0.0224  std=0.1819
    GNNExplainer                : min=+0.0000  max=+1.0000  mean=+0.7273  std=0.4454
  [CORRECT] Graph 1901 | true=1 pred=1 | nodes= 11 edges= 20
    GradExplainer               : min=-4.4115  max=+2.8090  mean=-0.1802  std=1.5825
    IntegratedGradExplainer     : min=-0.6263  max=+0.3314  mean=-0.0299  std=0.2188
    GNNExplainer                : min=+0.0000  max=+1.0000  mean=+0.7273  std=0.4454
  [CORRECT] Graph 1902 | true=0 pred=0 | nodes= 11 edges= 20
    GradExplainer               : min=-0.0004  max=+0.0012  mean=+0.0002  std=0.0005
    IntegratedGradExplainer     : min=-0.3221  max=+0.0824  mean=-0.0896  std=0.1024
    GNNExplainer                : min=+0.0000  max=+1.0000  mean=+0.6364  std=0.4810
  [WRONG  ] Graph 1903 | true=1 pred=0 | nodes= 11 edges= 20
    GradExplainer               : min=-26.0029  max=+31.0114  mean=-1.5823  std=15.0471
    IntegratedGradExplainer     : min=-1.2150  max=+2.6944  mean=+0.2089  std=1.1531
    GNNExplainer                : min=+0.0000  max=+1.0000  mean=+0.8182  std=0.3857
  [WRONG  ] Graph 1904 | true=0 pred=1 | nodes= 11 edges= 20
    GradExplainer               : min=-209.6274  max=+163.7497  mean=-3.5993  std=82.0743
    IntegratedGradExplainer     : min=-1.9120  max=+3.7342  mean=+0.7329  std=1.6650
    GNNExplainer                : min=+0.0000  max=+1.0000  mean=+0.7273  std=0.4454
  [CORRECT] Graph 1905 | true=0 pred=0 | nodes= 11 edges= 20
    GradExplainer               : min=-1.9383  max=-0.0952  mean=-0.7948  std=0.5890
    IntegratedGradExplainer     : min=-1.1552  max=+1.1144  mean=-0.0819  std=0.5071
    GNNExplainer                : min=+0.0000  max=+1.0000  mean=+0.7273  std=0.4454
  [CORRECT] Graph 1906 | true=0 pred=0 | nodes= 11 edges= 20
    GradExplainer               : min=-0.1296  max=+0.0454  mean=-0.0086  std=0.0423
    IntegratedGradExplainer     : min=-0.1702  max=+0.0250  mean=-0.0667  std=0.0613
    GNNExplainer                : min=+0.0000  max=+1.0000  mean=+0.8182  std=0.3857
  [WRONG  ] Graph 1907 | true=0 pred=1 | nodes= 11 edges= 20
    GradExplainer               : min=-46.6992  max=+36.3699  mean=-5.4542  std=18.7257
    IntegratedGradExplainer     : min=-1.7822  max=+1.2639  mean=-0.0433  std=0.6961
    GNNExplainer                : min=+0.0000  max=+1.0000  mean=+0.5455  std=0.4979
  [WRONG  ] Graph 1908 | true=0 pred=1 | nodes= 11 edges= 20
    GradExplainer               : min=-21.0352  max=+34.6780  mean=+0.5731  std=13.2941
    IntegratedGradExplainer     : min=-2.8116  max=+2.1533  mean=+0.4101  std=1.2507
    GNNExplainer                : min=+0.0000  max=+1.0000  mean=+0.6364  std=0.4810
  [CORRECT] Graph 1909 | true=0 pred=0 | nodes= 11 edges= 20
    GradExplainer               : min=-5.7023  max=+5.3779  mean=+1.1507  std=2.6787
    IntegratedGradExplainer     : min=-0.3640  max=+0.2361  mean=-0.0604  std=0.1865
    GNNExplainer                : min=+0.0000  max=+1.0000  mean=+0.8182  std=0.3857
  [CORRECT] Graph 1910 | true=0 pred=0 | nodes= 11 edges= 20
    GradExplainer               : min=-0.1385  max=+0.0119  mean=-0.0245  std=0.0418
    IntegratedGradExplainer     : min=-0.3901  max=+0.0527  mean=-0.0878  std=0.1291
    GNNExplainer                : min=+0.0000  max=+1.0000  mean=+0.7273  std=0.4454
  [CORRECT] Graph 1911 | true=0 pred=0 | nodes= 11 edges= 20
    GradExplainer               : min=-0.0008  max=+0.0005  mean=-0.0000  std=0.0003
    IntegratedGradExplainer     : min=-0.7410  max=+0.2374  mean=-0.0864  std=0.2248
    GNNExplainer                : min=+0.0000  max=+1.0000  mean=+0.8182  std=0.3857
  [CORRECT] Graph 1912 | true=0 pred=0 | nodes= 11 edges= 20
    GradExplainer               : min=-0.6299  max=+0.0285  mean=-0.1446  std=0.2107
    IntegratedGradExplainer     : min=-0.4031  max=+0.0693  mean=-0.0849  std=0.1146
    GNNExplainer                : min=+0.0000  max=+1.0000  mean=+0.9091  std=0.2875
  [CORRECT] Graph 1913 | true=0 pred=0 | nodes= 11 edges= 20
    GradExplainer               : min=-0.0185  max=+0.0180  mean=-0.0064  std=0.0105
    IntegratedGradExplainer     : min=-0.2216  max=+0.0134  mean=-0.0843  std=0.0820
    GNNExplainer                : min=+0.0000  max=+1.0000  mean=+0.8182  std=0.3857
  [CORRECT] Graph 1914 | true=1 pred=1 | nodes= 11 edges= 20
    GradExplainer               : min=-0.6593  max=+4.1986  mean=+1.0837  std=1.7015
    IntegratedGradExplainer     : min=-0.6515  max=+0.2381  mean=-0.0331  std=0.2633
    GNNExplainer                : min=+0.0000  max=+1.0000  mean=+0.6364  std=0.4810
  [CORRECT] Graph 1915 | true=0 pred=0 | nodes= 11 edges= 20
    GradExplainer               : min=-0.2627  max=+0.0317  mean=-0.0642  std=0.0872
    IntegratedGradExplainer     : min=-0.3468  max=+0.2836  mean=-0.0843  std=0.1710
    GNNExplainer                : min=+0.0000  max=+1.0000  mean=+0.8182  std=0.3857
  [CORRECT] Graph 1916 | true=0 pred=0 | nodes= 11 edges= 20
    GradExplainer               : min=-0.3270  max=+0.2520  mean=+0.0141  std=0.1401
    IntegratedGradExplainer     : min=-0.7720  max=+0.3081  mean=-0.0825  std=0.2711
    GNNExplainer                : min=+0.0000  max=+1.0000  mean=+0.7273  std=0.4454
  [CORRECT] Graph 1917 | true=0 pred=0 | nodes= 11 edges= 20
    GradExplainer               : min=-0.0010  max=+0.0005  mean=+0.0000  std=0.0004
    IntegratedGradExplainer     : min=-0.4622  max=+0.0219  mean=-0.0857  std=0.1512
    GNNExplainer                : min=+0.0000  max=+1.0000  mean=+0.5455  std=0.4979
  [CORRECT] Graph 1918 | true=0 pred=0 | nodes= 11 edges= 20
    GradExplainer               : min=-4.8190  max=+1.9563  mean=-0.5144  std=1.6892
    IntegratedGradExplainer     : min=-0.4753  max=+0.0662  mean=-0.0754  std=0.1337
    GNNExplainer                : min=+0.0000  max=+1.0000  mean=+0.8182  std=0.3857
  [WRONG  ] Graph 1919 | true=1 pred=0 | nodes= 11 edges= 20
    GradExplainer               : min=-129.9602  max=+152.3502  mean=-3.7611  std=66.0037
    IntegratedGradExplainer     : min=-0.6571  max=+3.5598  mean=+0.2851  std=1.0876
    GNNExplainer                : min=+0.0000  max=+1.0000  mean=+0.8182  std=0.3857
  [CORRECT] Graph 1920 | true=1 pred=1 | nodes= 11 edges= 20
    GradExplainer               : min=-0.4601  max=+0.1758  mean=-0.0674  std=0.1584
    IntegratedGradExplainer     : min=-0.2987  max=+0.3023  mean=-0.0458  std=0.1519
    GNNExplainer                : min=+0.0000  max=+1.0000  mean=+0.6364  std=0.4810
  [WRONG  ] Graph 1921 | true=1 pred=0 | nodes= 11 edges= 20
    GradExplainer               : min=-128.6060  max=-1.3031  mean=-41.1148  std=43.1404
    IntegratedGradExplainer     : min=-0.8969  max=+2.4071  mean=+0.4634  std=0.9900
    GNNExplainer                : min=+0.0000  max=+1.0000  mean=+0.7273  std=0.4454
  [CORRECT] Graph 1922 | true=1 pred=1 | nodes= 11 edges= 20
    GradExplainer               : min=-74.3513  max=+5.2815  mean=-20.3026  std=26.0795
    IntegratedGradExplainer     : min=-4.2767  max=+2.3370  mean=+0.0542  std=1.6602
    GNNExplainer                : min=+0.0000  max=+1.0000  mean=+0.6364  std=0.4810
  [CORRECT] Graph 1923 | true=1 pred=1 | nodes= 11 edges= 20
    GradExplainer               : min=-0.1485  max=+0.3345  mean=+0.0415  std=0.1165
    IntegratedGradExplainer     : min=-0.8892  max=+0.3094  mean=-0.0460  std=0.2829
    GNNExplainer                : min=+0.0000  max=+1.0000  mean=+0.7273  std=0.4454
  [WRONG  ] Graph 1924 | true=1 pred=0 | nodes= 11 edges= 20
    GradExplainer               : min=-6.5971  max=+96.7681  mean=+23.8029  std=28.8355
    IntegratedGradExplainer     : min=-2.9278  max=+5.0003  mean=+0.1116  std=2.0362
    GNNExplainer                : min=+0.0000  max=+1.0000  mean=+0.4545  std=0.4979
  [CORRECT] Graph 1925 | true=1 pred=1 | nodes= 11 edges= 20
    GradExplainer               : min=-5.8003  max=-0.1477  mean=-1.9964  std=1.7778
    IntegratedGradExplainer     : min=-0.5504  max=+0.6209  mean=-0.0359  std=0.3037
    GNNExplainer                : min=+0.0000  max=+1.0000  mean=+0.7273  std=0.4454
  [CORRECT] Graph 1926 | true=1 pred=1 | nodes= 11 edges= 20
    GradExplainer               : min=-0.4994  max=+0.0967  mean=-0.0852  std=0.1575
    IntegratedGradExplainer     : min=-0.2923  max=+0.1105  mean=-0.0440  std=0.1369
    GNNExplainer                : min=+0.0000  max=+1.0000  mean=+0.6364  std=0.4810
  [CORRECT] Graph 1927 | true=0 pred=0 | nodes= 11 edges= 20
    GradExplainer               : min=-1.2195  max=+2.0872  mean=+0.2674  std=0.7352
    IntegratedGradExplainer     : min=-0.5279  max=+0.1342  mean=-0.0811  std=0.1636
    GNNExplainer                : min=+0.0000  max=+1.0000  mean=+0.6364  std=0.4810
  [CORRECT] Graph 1928 | true=1 pred=1 | nodes= 11 edges= 20
    GradExplainer               : min=-5.6761  max=-1.0389  mean=-2.5842  std=1.7516
    IntegratedGradExplainer     : min=-0.5302  max=+0.2017  mean=-0.0369  std=0.1721
    GNNExplainer                : min=+0.0000  max=+1.0000  mean=+0.4545  std=0.4979
  [CORRECT] Graph 1929 | true=0 pred=0 | nodes= 11 edges= 20
    GradExplainer               : min=-0.7383  max=+1.0698  mean=+0.0069  std=0.4227
    IntegratedGradExplainer     : min=-0.4164  max=+0.0138  mean=-0.0871  std=0.1130
    GNNExplainer                : min=+0.0000  max=+1.0000  mean=+0.8182  std=0.3857
  [CORRECT] Graph 1930 | true=0 pred=0 | nodes= 11 edges= 20
    GradExplainer               : min=-0.0000  max=+0.0000  mean=+0.0000  std=0.0000
    IntegratedGradExplainer     : min=-0.4930  max=+0.1029  mean=-0.0865  std=0.1545
    GNNExplainer                : min=+0.0000  max=+1.0000  mean=+0.7273  std=0.4454
  [CORRECT] Graph 1931 | true=0 pred=0 | nodes= 11 edges= 20
    GradExplainer               : min=-0.0010  max=+0.0049  mean=+0.0009  std=0.0015
    IntegratedGradExplainer     : min=-0.4760  max=+0.1266  mean=-0.0851  std=0.1452
    GNNExplainer                : min=+0.0000  max=+1.0000  mean=+0.6364  std=0.4810
  [CORRECT] Graph 1932 | true=0 pred=0 | nodes= 11 edges= 20
    GradExplainer               : min=-0.2421  max=+0.0667  mean=-0.0324  std=0.0718
    IntegratedGradExplainer     : min=-0.3541  max=+0.0591  mean=-0.0836  std=0.1063
    GNNExplainer                : min=+0.0000  max=+1.0000  mean=+0.7273  std=0.4454
  [CORRECT] Graph 1933 | true=0 pred=0 | nodes= 11 edges= 20
    GradExplainer               : min=-0.0021  max=+0.0001  mean=-0.0003  std=0.0006
    IntegratedGradExplainer     : min=-0.3189  max=+0.0110  mean=-0.0832  std=0.0889
    GNNExplainer                : min=+0.0000  max=+1.0000  mean=+0.8182  std=0.3857
  [WRONG  ] Graph 1934 | true=1 pred=0 | nodes= 11 edges= 20
    GradExplainer               : min=-110.2646  max=+31.8512  mean=-3.4744  std=35.8061
    IntegratedGradExplainer     : min=-0.4536  max=+1.0869  mean=+0.0922  std=0.4458
    GNNExplainer                : min=+0.0000  max=+1.0000  mean=+0.8182  std=0.3857
  [CORRECT] Graph 1935 | true=0 pred=0 | nodes= 11 edges= 20
    GradExplainer               : min=-0.7942  max=+1.0634  mean=+0.0684  std=0.4569
    IntegratedGradExplainer     : min=-0.2808  max=+0.0713  mean=-0.0817  std=0.0933
    GNNExplainer                : min=+0.0000  max=+1.0000  mean=+0.4545  std=0.4979
  [WRONG  ] Graph 1936 | true=0 pred=1 | nodes= 11 edges= 20
    GradExplainer               : min=-30.5414  max=+32.8518  mean=+5.8543  std=16.2710
    IntegratedGradExplainer     : min=-1.3211  max=+0.8409  mean=+0.0683  std=0.6226
    GNNExplainer                : min=+0.0000  max=+1.0000  mean=+0.6364  std=0.4810
  [CORRECT] Graph 1937 | true=0 pred=0 | nodes= 11 edges= 20
    GradExplainer               : min=-0.1044  max=+0.3286  mean=+0.0219  std=0.1096
    IntegratedGradExplainer     : min=-0.3498  max=-0.0215  mean=-0.0871  std=0.0892
    GNNExplainer                : min=+0.0000  max=+1.0000  mean=+0.8182  std=0.3857
  [WRONG  ] Graph 1938 | true=1 pred=0 | nodes= 11 edges= 20
    GradExplainer               : min=-15.7947  max=+27.5860  mean=+4.1977  std=13.7260
    IntegratedGradExplainer     : min=-0.3984  max=+1.1842  mean=+0.2250  std=0.4825
    GNNExplainer                : min=+0.0000  max=+1.0000  mean=+0.6364  std=0.4810
  [CORRECT] Graph 1939 | true=0 pred=0 | nodes= 11 edges= 20
    GradExplainer               : min=-0.0221  max=+0.1628  mean=+0.0358  std=0.0535
    IntegratedGradExplainer     : min=-0.9238  max=+0.7386  mean=-0.0894  std=0.4061
    GNNExplainer                : min=+0.0000  max=+1.0000  mean=+0.4545  std=0.4979
  [CORRECT] Graph 1940 | true=0 pred=0 | nodes= 11 edges= 20
    GradExplainer               : min=-1.0104  max=-0.0014  mean=-0.3220  std=0.3251
    IntegratedGradExplainer     : min=-2.1124  max=+2.5693  mean=-0.0722  std=1.1479
    GNNExplainer                : min=+0.0000  max=+1.0000  mean=+0.8182  std=0.3857
  [WRONG  ] Graph 1941 | true=0 pred=1 | nodes= 11 edges= 20
    GradExplainer               : min=-49.6119  max=+23.0174  mean=-5.3216  std=16.3601
    IntegratedGradExplainer     : min=-1.3962  max=+1.1146  mean=-0.0279  std=0.6697
    GNNExplainer                : min=+0.0000  max=+1.0000  mean=+0.6364  std=0.4810
  [CORRECT] Graph 1942 | true=0 pred=0 | nodes= 11 edges= 20
    GradExplainer               : min=-0.6337  max=+0.9275  mean=+0.0923  std=0.4351
    IntegratedGradExplainer     : min=-0.2602  max=+0.0038  mean=-0.0875  std=0.0789
    GNNExplainer                : min=+0.0000  max=+1.0000  mean=+0.6364  std=0.4810
  [CORRECT] Graph 1943 | true=0 pred=0 | nodes= 11 edges= 20
    GradExplainer               : min=-0.0046  max=+0.0597  mean=+0.0089  std=0.0179
    IntegratedGradExplainer     : min=-0.3653  max=+0.0323  mean=-0.0873  std=0.1059
    GNNExplainer                : min=+0.0000  max=+1.0000  mean=+0.6364  std=0.4810
  [CORRECT] Graph 1944 | true=1 pred=1 | nodes= 11 edges= 20
    GradExplainer               : min=-167.0556  max=+11.0149  mean=-35.0757  std=50.5664
    IntegratedGradExplainer     : min=-2.3813  max=+2.2786  mean=+0.0559  std=1.2438
    GNNExplainer                : min=+0.0000  max=+1.0000  mean=+0.7273  std=0.4454
  [WRONG  ] Graph 1945 | true=0 pred=1 | nodes= 11 edges= 20
    GradExplainer               : min=-8.9303  max=+76.0930  mean=+10.6505  std=23.2988
    IntegratedGradExplainer     : min=-0.3110  max=+0.2300  mean=-0.0309  std=0.1417
    GNNExplainer                : min=+0.0000  max=+1.0000  mean=+0.6364  std=0.4810
  [CORRECT] Graph 1946 | true=1 pred=1 | nodes= 11 edges= 20
    GradExplainer               : min=-0.2993  max=+3.3692  mean=+0.6661  std=1.0711
    IntegratedGradExplainer     : min=-0.6440  max=+0.4122  mean=-0.0450  std=0.2382
    GNNExplainer                : min=+0.0000  max=+1.0000  mean=+0.6364  std=0.4810
  [CORRECT] Graph 1947 | true=0 pred=0 | nodes= 11 edges= 20
    GradExplainer               : min=-0.0001  max=+0.0011  mean=+0.0003  std=0.0003
    IntegratedGradExplainer     : min=-0.2507  max=-0.0149  mean=-0.0875  std=0.0661
    GNNExplainer                : min=+0.0000  max=+1.0000  mean=+0.8182  std=0.3857
  [CORRECT] Graph 1948 | true=0 pred=0 | nodes= 11 edges= 20
    GradExplainer               : min=-0.0002  max=+0.0012  mean=+0.0002  std=0.0004
    IntegratedGradExplainer     : min=-0.3454  max=+0.0989  mean=-0.0803  std=0.1268
    GNNExplainer                : min=+0.0000  max=+1.0000  mean=+0.7273  std=0.4454
  [CORRECT] Graph 1949 | true=1 pred=1 | nodes= 11 edges= 20
    GradExplainer               : min=-7.2253  max=+21.8193  mean=+2.1246  std=6.8505
    IntegratedGradExplainer     : min=-0.6348  max=+0.2566  mean=-0.0250  std=0.2260
    GNNExplainer                : min=+0.0000  max=+1.0000  mean=+0.5455  std=0.4979
  [CORRECT] Graph 1950 | true=0 pred=0 | nodes= 11 edges= 20
    GradExplainer               : min=-0.3944  max=+0.0049  mean=-0.1110  std=0.1457
    IntegratedGradExplainer     : min=-0.4016  max=+0.0410  mean=-0.0877  std=0.1130
    GNNExplainer                : min=+0.0000  max=+1.0000  mean=+0.7273  std=0.4454
  [CORRECT] Graph 1951 | true=1 pred=1 | nodes= 11 edges= 20
    GradExplainer               : min=-21.9576  max=+8.4350  mean=-2.8966  std=7.3963
    IntegratedGradExplainer     : min=-0.4977  max=+0.7835  mean=-0.0192  std=0.3240
    GNNExplainer                : min=+0.0000  max=+1.0000  mean=+0.6364  std=0.4810
  [CORRECT] Graph 1952 | true=1 pred=1 | nodes= 11 edges= 20
    GradExplainer               : min=-1.2792  max=+0.3734  mean=-0.1994  std=0.4121
    IntegratedGradExplainer     : min=-0.1397  max=+0.1225  mean=-0.0442  std=0.0813
    GNNExplainer                : min=+0.0000  max=+1.0000  mean=+0.3636  std=0.4810
  [WRONG  ] Graph 1953 | true=0 pred=1 | nodes= 11 edges= 20
    GradExplainer               : min=-57.2489  max=+14.8244  mean=-16.0661  std=20.0251
    IntegratedGradExplainer     : min=-0.5513  max=+5.4783  mean=+0.8318  std=1.7875
    GNNExplainer                : min=+0.0000  max=+1.0000  mean=+0.6364  std=0.4810
  [WRONG  ] Graph 1954 | true=0 pred=1 | nodes= 11 edges= 20
    GradExplainer               : min=-5.1775  max=+64.0272  mean=+19.5422  std=24.2986
    IntegratedGradExplainer     : min=-3.3960  max=+2.6605  mean=+0.0201  std=1.5058
    GNNExplainer                : min=+0.0000  max=+1.0000  mean=+0.5455  std=0.4979
  [CORRECT] Graph 1955 | true=0 pred=0 | nodes= 11 edges= 20
    GradExplainer               : min=-2.0041  max=+1.3811  mean=+0.0254  std=0.7565
    IntegratedGradExplainer     : min=-0.1972  max=-0.0084  mean=-0.0817  std=0.0654
    GNNExplainer                : min=+0.0000  max=+1.0000  mean=+0.7273  std=0.4454
  [CORRECT] Graph 1956 | true=0 pred=0 | nodes= 11 edges= 20
    GradExplainer               : min=-0.2324  max=+2.5565  mean=+0.8808  std=0.9893
    IntegratedGradExplainer     : min=-0.4193  max=+0.0120  mean=-0.0811  std=0.1150
    GNNExplainer                : min=+0.0000  max=+1.0000  mean=+0.8182  std=0.3857
  [CORRECT] Graph 1957 | true=0 pred=0 | nodes= 11 edges= 20
    GradExplainer               : min=-0.4680  max=+0.0951  mean=-0.1185  std=0.1504
    IntegratedGradExplainer     : min=-0.2687  max=+0.0195  mean=-0.0852  std=0.0915
    GNNExplainer                : min=+0.0000  max=+1.0000  mean=+0.9091  std=0.2875
  [CORRECT] Graph 1958 | true=0 pred=0 | nodes= 11 edges= 20
    GradExplainer               : min=-0.3902  max=+0.0849  mean=-0.1004  std=0.1415
    IntegratedGradExplainer     : min=-0.2642  max=+0.0790  mean=-0.0837  std=0.0967
    GNNExplainer                : min=+0.0000  max=+1.0000  mean=+0.5455  std=0.4979
  [CORRECT] Graph 1959 | true=0 pred=0 | nodes= 11 edges= 20
    GradExplainer               : min=-0.0069  max=+0.0002  mean=-0.0023  std=0.0022
    IntegratedGradExplainer     : min=-0.3120  max=+0.0079  mean=-0.0845  std=0.0891
    GNNExplainer                : min=+0.0000  max=+1.0000  mean=+0.9091  std=0.2875
  [CORRECT] Graph 1960 | true=0 pred=0 | nodes= 11 edges= 20
    GradExplainer               : min=-3.6898  max=+0.6041  mean=-0.5410  std=1.1990
    IntegratedGradExplainer     : min=-0.5299  max=+0.2303  mean=-0.0784  std=0.1939
    GNNExplainer                : min=+0.0000  max=+1.0000  mean=+0.6364  std=0.4810
  [CORRECT] Graph 1961 | true=1 pred=1 | nodes= 11 edges= 20
    GradExplainer               : min=-0.8072  max=+0.3129  mean=-0.0881  std=0.2702
    IntegratedGradExplainer     : min=-0.3277  max=+0.1479  mean=-0.0467  std=0.1592
    GNNExplainer                : min=+0.0000  max=+1.0000  mean=+0.6364  std=0.4810
  [WRONG  ] Graph 1962 | true=0 pred=1 | nodes= 11 edges= 20
    GradExplainer               : min=+0.9689  max=+12.6971  mean=+3.1525  std=3.5870
    IntegratedGradExplainer     : min=-0.2000  max=+0.3437  mean=+0.0520  std=0.1531
    GNNExplainer                : min=+0.0000  max=+1.0000  mean=+0.7273  std=0.4454
  [CORRECT] Graph 1963 | true=0 pred=0 | nodes= 11 edges= 20
    GradExplainer               : min=-0.0948  max=+0.4860  mean=+0.1349  std=0.1883
    IntegratedGradExplainer     : min=-0.3674  max=+0.0053  mean=-0.0832  std=0.1058
    GNNExplainer                : min=+0.0000  max=+1.0000  mean=+0.7273  std=0.4454
  [WRONG  ] Graph 1964 | true=0 pred=1 | nodes= 11 edges= 20
    GradExplainer               : min=-41.5755  max=+81.4637  mean=+15.6047  std=29.9024
    IntegratedGradExplainer     : min=-2.3076  max=+1.9551  mean=+0.0556  std=0.9703
    GNNExplainer                : min=+0.0000  max=+1.0000  mean=+0.7273  std=0.4454
  [CORRECT] Graph 1965 | true=0 pred=0 | nodes= 11 edges= 20
    GradExplainer               : min=+0.0000  max=+0.0004  mean=+0.0002  std=0.0001
    IntegratedGradExplainer     : min=-0.3274  max=-0.0073  mean=-0.0864  std=0.0858
    GNNExplainer                : min=+0.0000  max=+1.0000  mean=+0.5455  std=0.4979
  [WRONG  ] Graph 1966 | true=1 pred=0 | nodes= 11 edges= 20
    GradExplainer               : min=-27.4632  max=-4.5537  mean=-12.9468  std=7.9395
    IntegratedGradExplainer     : min=-0.9735  max=+1.3000  mean=+0.1661  std=0.6836
    GNNExplainer                : min=+0.0000  max=+1.0000  mean=+0.5455  std=0.4979
  [CORRECT] Graph 1967 | true=1 pred=1 | nodes= 11 edges= 20
    GradExplainer               : min=-0.0000  max=+0.0000  mean=+0.0000  std=0.0000
    IntegratedGradExplainer     : min=-0.4260  max=+0.0930  mean=-0.0463  std=0.1381
    GNNExplainer                : min=+0.0000  max=+1.0000  mean=+0.7273  std=0.4454
  [CORRECT] Graph 1968 | true=0 pred=0 | nodes= 11 edges= 20
    GradExplainer               : min=-0.1181  max=+0.1834  mean=+0.0281  std=0.0751
    IntegratedGradExplainer     : min=-0.3027  max=+0.1162  mean=-0.0845  std=0.1106
    GNNExplainer                : min=+0.0000  max=+1.0000  mean=+0.6364  std=0.4810
  [CORRECT] Graph 1969 | true=0 pred=0 | nodes= 11 edges= 20
    GradExplainer               : min=-0.0723  max=+0.0262  mean=-0.0070  std=0.0233
    IntegratedGradExplainer     : min=-0.3365  max=+0.0609  mean=-0.0848  std=0.1000
    GNNExplainer                : min=+0.0000  max=+1.0000  mean=+0.5455  std=0.4979
  [CORRECT] Graph 1970 | true=0 pred=0 | nodes= 11 edges= 20
    GradExplainer               : min=-9.3755  max=+4.0121  mean=-0.0182  std=3.4460
    IntegratedGradExplainer     : min=-0.1991  max=+0.1221  mean=-0.0651  std=0.1007
    GNNExplainer                : min=+0.0000  max=+1.0000  mean=+0.7273  std=0.4454
  [CORRECT] Graph 1971 | true=1 pred=1 | nodes= 11 edges= 20
    GradExplainer               : min=-0.2793  max=+0.5733  mean=+0.0320  std=0.1930
    IntegratedGradExplainer     : min=-0.7211  max=+0.5365  mean=-0.0363  std=0.3813
    GNNExplainer                : min=+0.0000  max=+1.0000  mean=+0.8182  std=0.3857
  [WRONG  ] Graph 1972 | true=0 pred=1 | nodes= 11 edges= 20
    GradExplainer               : min=-79.3511  max=+35.0020  mean=-7.6745  std=25.7904
    IntegratedGradExplainer     : min=-4.7817  max=+3.5098  mean=+0.1274  std=1.9834
    GNNExplainer                : min=+0.0000  max=+1.0000  mean=+0.8182  std=0.3857
  [CORRECT] Graph 1973 | true=0 pred=0 | nodes= 11 edges= 20
    GradExplainer               : min=-4.0941  max=+9.1118  mean=+0.9632  std=3.4640
    IntegratedGradExplainer     : min=-0.2201  max=+0.0405  mean=-0.0797  std=0.0795
    GNNExplainer                : min=+0.0000  max=+1.0000  mean=+0.6364  std=0.4810
  [WRONG  ] Graph 1974 | true=0 pred=1 | nodes= 11 edges= 20
    GradExplainer               : min=-8.4204  max=-0.2588  mean=-3.2581  std=2.8139
    IntegratedGradExplainer     : min=-1.1306  max=+1.4119  mean=-0.0486  std=0.6582
    GNNExplainer                : min=+0.0000  max=+1.0000  mean=+0.8182  std=0.3857
  [WRONG  ] Graph 1975 | true=0 pred=1 | nodes= 11 edges= 20
    GradExplainer               : min=-5.5335  max=+23.9693  mean=+5.9894  std=8.7939
    IntegratedGradExplainer     : min=-0.5967  max=+0.5543  mean=-0.0399  std=0.3378
    GNNExplainer                : min=+0.0000  max=+1.0000  mean=+0.6364  std=0.4810
  [CORRECT] Graph 1976 | true=0 pred=0 | nodes= 11 edges= 20
    GradExplainer               : min=-1.4596  max=+2.8765  mean=+0.4604  std=1.1231
    IntegratedGradExplainer     : min=-0.9277  max=+0.7565  mean=-0.0827  std=0.3823
    GNNExplainer                : min=+0.0000  max=+1.0000  mean=+0.7273  std=0.4454
  [CORRECT] Graph 1977 | true=1 pred=1 | nodes= 11 edges= 20
    GradExplainer               : min=-0.0207  max=+0.0038  mean=-0.0048  std=0.0070
    IntegratedGradExplainer     : min=-0.7591  max=+0.5383  mean=-0.0439  std=0.2914
    GNNExplainer                : min=+0.0000  max=+1.0000  mean=+0.6364  std=0.4810
  [WRONG  ] Graph 1978 | true=0 pred=1 | nodes= 11 edges= 20
    GradExplainer               : min=-37.3404  max=+36.8530  mean=-2.1967  std=16.9784
    IntegratedGradExplainer     : min=-2.4219  max=+3.0706  mean=+0.3861  std=1.4268
    GNNExplainer                : min=+0.0000  max=+1.0000  mean=+0.7273  std=0.4454
  [WRONG  ] Graph 1979 | true=1 pred=0 | nodes= 11 edges= 20
    GradExplainer               : min=-0.5038  max=+34.7479  mean=+10.6356  std=10.0775
    IntegratedGradExplainer     : min=+0.0179  max=+1.2921  mean=+0.3895  std=0.3183
    GNNExplainer                : min=+0.0000  max=+1.0000  mean=+0.5455  std=0.4979
  [CORRECT] Graph 1980 | true=0 pred=0 | nodes= 11 edges= 20
    GradExplainer               : min=-0.1318  max=+0.2895  mean=+0.0366  std=0.1027
    IntegratedGradExplainer     : min=-1.6952  max=+1.6597  mean=-0.0558  std=1.0199
    GNNExplainer                : min=+0.0000  max=+1.0000  mean=+0.6364  std=0.4810
  [CORRECT] Graph 1981 | true=1 pred=1 | nodes= 11 edges= 20
    GradExplainer               : min=-0.0072  max=+0.0164  mean=+0.0040  std=0.0070
    IntegratedGradExplainer     : min=-0.3220  max=+0.4029  mean=-0.0441  std=0.1712
    GNNExplainer                : min=+0.0000  max=+1.0000  mean=+0.5455  std=0.4979
  [CORRECT] Graph 1982 | true=0 pred=0 | nodes= 11 edges= 20
    GradExplainer               : min=-1.6782  max=+0.9025  mean=-0.0964  std=0.5728
    IntegratedGradExplainer     : min=-0.3189  max=+0.1316  mean=-0.0816  std=0.1281
    GNNExplainer                : min=+0.0000  max=+1.0000  mean=+0.8182  std=0.3857
  [WRONG  ] Graph 1983 | true=0 pred=1 | nodes= 11 edges= 20
    GradExplainer               : min=-55.1273  max=+155.0538  mean=+0.5843  std=53.9443
    IntegratedGradExplainer     : min=-0.7696  max=+2.8515  mean=+0.3249  std=1.1366
    GNNExplainer                : min=+0.0000  max=+1.0000  mean=+0.5455  std=0.4979
  [CORRECT] Graph 1984 | true=0 pred=0 | nodes= 11 edges= 20
    GradExplainer               : min=-0.0893  max=+16.3890  mean=+3.1433  std=4.5741
    IntegratedGradExplainer     : min=-0.1512  max=+0.0290  mean=-0.0632  std=0.0531
    GNNExplainer                : min=+0.0000  max=+1.0000  mean=+0.8182  std=0.3857
  [WRONG  ] Graph 1985 | true=0 pred=1 | nodes= 11 edges= 20
    GradExplainer               : min=-43.2627  max=+24.5851  mean=-1.9569  std=16.0118
    IntegratedGradExplainer     : min=-3.0068  max=+2.4146  mean=+0.0183  std=1.1933
    GNNExplainer                : min=+0.0000  max=+1.0000  mean=+0.5455  std=0.4979
  [WRONG  ] Graph 1986 | true=0 pred=1 | nodes= 11 edges= 20
    GradExplainer               : min=+12.6366  max=+211.3847  mean=+54.0678  std=61.9506
    IntegratedGradExplainer     : min=-1.8617  max=+2.1386  mean=+0.2683  std=1.0649
    GNNExplainer                : min=+0.0000  max=+1.0000  mean=+0.8182  std=0.3857
  [CORRECT] Graph 1987 | true=1 pred=1 | nodes= 11 edges= 20
    GradExplainer               : min=-25.2050  max=+5.7744  mean=-8.7290  std=10.0386
    IntegratedGradExplainer     : min=-1.2794  max=+1.8928  mean=-0.0091  std=0.7995
    GNNExplainer                : min=+1.0000  max=+1.0000  mean=+1.0000  std=0.0000
  [WRONG  ] Graph 1988 | true=0 pred=1 | nodes= 11 edges= 20
    GradExplainer               : min=-63.4580  max=+57.0812  mean=+13.2174  std=32.1530
    IntegratedGradExplainer     : min=-1.9650  max=+4.3773  mean=+0.5441  std=2.1505
    GNNExplainer                : min=+0.0000  max=+1.0000  mean=+0.5455  std=0.4979
  [CORRECT] Graph 1989 | true=1 pred=1 | nodes= 11 edges= 20
    GradExplainer               : min=-0.0010  max=+0.0015  mean=-0.0003  std=0.0007
    IntegratedGradExplainer     : min=-0.4149  max=+0.3185  mean=-0.0475  std=0.1721
    GNNExplainer                : min=+0.0000  max=+1.0000  mean=+0.7273  std=0.4454
  [CORRECT] Graph 1990 | true=1 pred=1 | nodes= 11 edges= 20
    GradExplainer               : min=-0.0006  max=+0.0008  mean=+0.0001  std=0.0003
    IntegratedGradExplainer     : min=-0.6018  max=+0.4854  mean=-0.0310  std=0.2996
    GNNExplainer                : min=+0.0000  max=+1.0000  mean=+0.8182  std=0.3857
  [CORRECT] Graph 1991 | true=0 pred=0 | nodes= 11 edges= 20
    GradExplainer               : min=-0.0937  max=+0.1396  mean=+0.0067  std=0.0523
    IntegratedGradExplainer     : min=-0.2614  max=+0.0492  mean=-0.0849  std=0.0884
    GNNExplainer                : min=+0.0000  max=+1.0000  mean=+0.4545  std=0.4979
  [WRONG  ] Graph 1992 | true=0 pred=1 | nodes= 11 edges= 20
    GradExplainer               : min=-54.4326  max=+335.8125  mean=+38.0854  std=100.8653
    IntegratedGradExplainer     : min=-0.6607  max=+2.1588  mean=+0.1059  std=0.8010
    GNNExplainer                : min=+0.0000  max=+1.0000  mean=+0.6364  std=0.4810
  [CORRECT] Graph 1993 | true=0 pred=0 | nodes= 11 edges= 20
    GradExplainer               : min=-0.2572  max=+0.7368  mean=+0.1522  std=0.2670
    IntegratedGradExplainer     : min=-0.3624  max=+0.0138  mean=-0.0873  std=0.0933
    GNNExplainer                : min=+0.0000  max=+1.0000  mean=+0.7273  std=0.4454
  [WRONG  ] Graph 1994 | true=0 pred=1 | nodes= 11 edges= 20
    GradExplainer               : min=-19.5295  max=+76.6653  mean=+22.0060  std=25.4926
    IntegratedGradExplainer     : min=-0.7604  max=+0.7571  mean=+0.0232  std=0.3713
    GNNExplainer                : min=+0.0000  max=+1.0000  mean=+0.9091  std=0.2875
  [CORRECT] Graph 1995 | true=1 pred=1 | nodes= 11 edges= 20
    GradExplainer               : min=-9.6322  max=+2.8406  mean=-2.6065  std=3.4156
    IntegratedGradExplainer     : min=-0.6488  max=+0.1937  mean=-0.0381  std=0.2172
    GNNExplainer                : min=+0.0000  max=+1.0000  mean=+0.9091  std=0.2875
  [CORRECT] Graph 1996 | true=0 pred=0 | nodes= 11 edges= 20
    GradExplainer               : min=-0.9327  max=+0.8080  mean=-0.0657  std=0.3741
    IntegratedGradExplainer     : min=-0.3507  max=+0.0253  mean=-0.0870  std=0.1204
    GNNExplainer                : min=+0.0000  max=+1.0000  mean=+0.7273  std=0.4454
  [CORRECT] Graph 1997 | true=1 pred=1 | nodes= 11 edges= 20
    GradExplainer               : min=-1.5983  max=-0.1537  mean=-0.6579  std=0.5903
    IntegratedGradExplainer     : min=-0.6887  max=+0.2183  mean=-0.0553  std=0.2181
    GNNExplainer                : min=+0.0000  max=+1.0000  mean=+0.6364  std=0.4810
  [CORRECT] Graph 1998 | true=0 pred=0 | nodes= 11 edges= 20
    GradExplainer               : min=-0.0026  max=+0.0462  mean=+0.0120  std=0.0165
    IntegratedGradExplainer     : min=-0.4187  max=+0.0226  mean=-0.0846  std=0.1194
    GNNExplainer                : min=+0.0000  max=+1.0000  mean=+0.7273  std=0.4454
  [CORRECT] Graph 1999 | true=0 pred=0 | nodes= 11 edges= 20
    GradExplainer               : min=-3.7495  max=+4.0573  mean=+0.3668  std=1.8683
    IntegratedGradExplainer     : min=-1.5391  max=+2.1581  mean=-0.0778  std=0.8297
    GNNExplainer                : min=+0.0000  max=+1.0000  mean=+0.6364  std=0.4810

============================================================
SAVING RESULTS
============================================================

  Saved report to /Users/necatifurkancolak/MP---Self-Explainable-Graph-Neural-Networks-via-Prototype-Learning-for-Medical-Diagnosis/outputs/results/report.txt

  All results written to: /Users/necatifurkancolak/MP---Self-Explainable-Graph-Neural-Networks-via-Prototype-Learning-for-Medical-Diagnosis/outputs/results/
  Archived run to: /Users/necatifurkancolak/MP---Self-Explainable-Graph-Neural-Networks-via-Prototype-Learning-for-Medical-Diagnosis/outputs/runs/2026-05-29_14-54-33_mimic_patient_sim_gcn_prototype_clst0.02_sep0_proj25_post_projection_all_explanations

Done.
